id,rome,intitule,entreprise,lieu,salaire,contrat,date,recupere_le
83003536,D1301,Directeur de Magasin,Weldom S.A,La Fare-les-Oliviers,45000 - 70000 € BRUT ANNUEL,CDI,2026-10-04,2026-10-06
84099180,D1301,Directeur de Magasin,Weldom S.A,Sainte-Maxime,47000 - 52000 € BRUT ANNUEL,CDI,2026-10-06,2026-10-06
84081809,D1301,Directeur de Magasin,Boulanger,Saint-Pierre-des-Corps,49000 € BRUT ANNUEL,CDI,2026-10-05,2026-10-06
77528435,D1301,Directeur de Magasin,Tecnomat (ex Bricoman),Nogent-sur-Oise,45000 - 70000 € BRUT ANNUEL,CDI,2026-10-03,2026-10-06
84126560,D1301,Directeur de Magasin,Gemo,Sens,33600 € BRUT ANNUEL,CDI,2026-10-06,2026-10-06
84017317,D1301,Directeur de Magasin,Intersport,Bergerac,39000 - 40800 € BRUT ANNUEL,CDI,2026-10-03,2026-10-06
78684960,D1301,Directeur de Magasin,Groupement Mousquetaires,Oisemont,29160 € BRUT ANNUEL,CDI,2026-10-05,2026-10-06
84091533,D1301,Directeur de Magasin,Intersport,Thoiry,46000 - 70000 € BRUT ANNUEL,CDI,2026-10-06,2026-10-06
77528438,D1301,Directeur de Magasin,Tecnomat (ex Bricoman),Montlhéry,45000 - 70000 € BRUT ANNUEL,CDI,2026-10-04,2026-10-06
77528441,D1301,Directeur de Magasin,Tecnomat (ex Bricoman),Amilly,45000 - 70000 € BRUT ANNUEL,CDI,2026-10-03,2026-10-06
77501474,D1301,Directeur de Magasin,Tecnomat (ex Bricoman),Bonneuil-sur-Marne,45000 - 70000 € BRUT ANNUEL,CDI,2026-10-03,2026-10-06
77528440,D1301,Directeur de Magasin,Tecnomat (ex Bricoman),Villeparisis,45000 - 70000 € BRUT ANNUEL,CDI,2026-10-03,2026-10-06
77528437,D1301,Directeur de Magasin,Tecnomat (ex Bricoman),Dammarie-les-Lys,45000 - 70000 € BRUT ANNUEL,CDI,2026-10-03,2026-10-06
83989065,D1301,Directeur de Magasin,Carrefour,Nice,42000 € BRUT ANNUEL,CDI,2026-10-02,2026-10-06
81883272,D1301,Directeur de Magasin,Weldom S.A,Saint-Raphaël,45000 - 70000 € BRUT ANNUEL,CDI,2026-09-30,2026-10-06
75166921,D1301,Directeur de Magasin,Groupement Mousquetaires,Toulouse,36000 - 42000 € BRUT ANNUEL,CDI,2026-10-01,2026-10-06
83904492,D1301,Directeur de Magasin,Auchan Retail France,Mennecy,40000 - 50000 € BRUT ANNUEL,CDI,2026-09-30,2026-10-06
79526836,D1301,Directeur de Magasin,Animalis,Montigny-le-Bretonneux,30000 - 35000 € BRUT ANNUEL,CDI,2026-09-29,2026-10-06
79631107,D1301,Directeur de Magasin,Intersport,Forbach,36000 - 37200 € BRUT ANNUEL,CDI,2026-10-01,2026-10-06
81884166,D1301,Directeur de Magasin,Gemo,Chantepie,33600 € BRUT ANNUEL,CDI,2026-09-30,2026-10-06
79561169,D1301,Directeur de Magasin,Animalis,Villiers-sur-Marne,30000 - 35000 € BRUT ANNUEL,CDI,2026-09-29,2026-10-06
79516689,D1301,Directeur de Magasin,Animalis,Paris,30000 - 35000 € BRUT ANNUEL,CDI,2026-09-29,2026-10-06
79526870,D1301,Directeur de Magasin,Animalis,Marseille,30000 - 35000 € BRUT ANNUEL,CDI,2026-09-29,2026-10-06
83002684,D1301,Directeur de Magasin,Keyman,Lille,50000 - 70000 € BRUT ANNUEL,CDI,2026-10-04,2026-10-06
81879444,D1301,Directeur de Magasin,Groupement Mousquetaires,Aubagne,48000 - 60000 € BRUT ANNUEL,CDI,2026-09-30,2026-10-06
83986705,D1301,Directeur de Magasin,Andrew Staffing,Brionne,84000 € BRUT ANNUEL,CDI,2026-10-02,2026-10-06
84078233,D1301,Directeur de Magasin,WISE RH,Villefranche-sur-Saône,42000 - 45000 € BRUT ANNUEL,CDI,2026-10-05,2026-10-06
81883499,D1301,Directeur de Magasin,Gemo,Mandelieu-la-Napoule,33600 € BRUT ANNUEL,CDI,2026-09-30,2026-10-06
84002245,D1301,Directeur de Magasin,Team Market Intérim,Crosne,30000 - 42000 € BRUT ANNUEL,CDI,2026-10-02,2026-10-06
78505481,D1301,Directeur de Magasin,Tecnomat (ex Bricoman),Augny,45000 - 70000 € BRUT ANNUEL,CDI,2026-09-29,2026-10-06
78505467,D1301,Directeur de Magasin,Tecnomat (ex Bricoman),Yvré-l'Évêque,45000 - 70000 € BRUT ANNUEL,CDI,2026-09-29,2026-10-06
78505468,D1301,Directeur de Magasin,Tecnomat (ex Bricoman),Vertou,45000 - 70000 € BRUT ANNUEL,CDI,2026-09-29,2026-10-06
78505483,D1301,Directeur de Magasin,Tecnomat (ex Bricoman),Avignon,45000 - 70000 € BRUT ANNUEL,CDI,2026-09-29,2026-10-06
78505472,D1301,Directeur de Magasin,Tecnomat (ex Bricoman),Arques,45000 - 70000 € BRUT ANNUEL,CDI,2026-09-29,2026-10-06
78505470,D1301,Directeur de Magasin,Tecnomat (ex Bricoman),La Farlède,45000 - 70000 € BRUT ANNUEL,CDI,2026-09-29,2026-10-06
78505463,D1301,Directeur de Magasin,Tecnomat (ex Bricoman),Colombelles,45000 - 70000 € BRUT ANNUEL,CDI,2026-09-29,2026-10-06
84042174,D1301,Directeur de Magasin,Team Market Intérim,Paris,30000 - 42000 € BRUT ANNUEL,CDI,2026-10-03,2026-10-06
83968287,D1301,Directeur de Magasin,Echopulse Conseil,Thiais,34000 - 35000 € BRUT ANNUEL,CDI,2026-10-01,2026-10-06
78505465,D1301,Directeur de Magasin,Tecnomat (ex Bricoman),Vitrolles,45000 - 70000 € BRUT ANNUEL,CDI,2026-09-29,2026-10-06
78505485,D1301,Directeur de Magasin,Tecnomat (ex Bricoman),Fenouillet,45000 - 70000 € BRUT ANNUEL,CDI,2026-09-29,2026-10-06
78505484,D1301,Directeur de Magasin,Tecnomat (ex Bricoman),Massieux,45000 - 70000 € BRUT ANNUEL,CDI,2026-09-29,2026-10-06
78505460,D1301,Directeur de Magasin,Tecnomat (ex Bricoman),Clermont-Ferrand,45000 - 70000 € BRUT ANNUEL,CDI,2026-09-29,2026-10-06
78505469,D1301,Directeur de Magasin,Tecnomat (ex Bricoman),Villeneuve-lès-Béziers,45000 - 70000 € BRUT ANNUEL,CDI,2026-09-29,2026-10-06
78505480,D1301,Directeur de Magasin,Tecnomat (ex Bricoman),Distré,45000 - 70000 € BRUT ANNUEL,CDI,2026-09-29,2026-10-06
78505459,D1301,Directeur de Magasin,Tecnomat (ex Bricoman),Sens,45000 - 70000 € BRUT ANNUEL,CDI,2026-09-29,2026-10-06
78505474,D1301,Directeur de Magasin,Tecnomat (ex Bricoman),Saint-Nazaire,45000 - 70000 € BRUT ANNUEL,CDI,2026-09-29,2026-10-06
78505488,D1301,Directeur de Magasin,Tecnomat (ex Bricoman),Calais,45000 - 70000 € BRUT ANNUEL,CDI,2026-09-29,2026-10-06
78505478,D1301,Directeur de Magasin,Tecnomat (ex Bricoman),Toulouse,45000 - 70000 € BRUT ANNUEL,CDI,2026-09-29,2026-10-06
79501744,D1301,Directeur de Magasin,Groupement Mousquetaires,Salon-de-Provence,45000 € BRUT ANNUEL,CDI,2026-09-29,2026-10-06
83986359,D1301,Directeur de Magasin,Mercato de l'emploi,Lyon,50400 - 54000 € BRUT ANNUEL,CDI,2026-10-02,2026-10-06
83973022,D1301,Directeur de Magasin,FAB Group,La Teste-de-Buch,70000 - 90000 € BRUT ANNUEL,CDI,2026-10-02,2026-10-06
82788317,D1301,Directeur de Magasin,Tecnomat (ex Bricoman),Chalon-sur-Saône,45000 - 70000 € BRUT ANNUEL,CDI,2026-09-28,2026-10-06
79459804,D1301,Directeur de Magasin,Tecnomat (ex Bricoman),Lisses,50000 - 75000 € BRUT ANNUEL,CDI,2026-09-28,2026-10-06
71943503,D1301,Directeur de Magasin,Groupement Mousquetaires,Bron,42000 € BRUT ANNUEL,CDI,2026-09-28,2026-10-06
83812901,D1301,Directeur de Magasin,Groupement Mousquetaires,Nice,48000 - 54000 € BRUT ANNUEL,CDI,2026-09-27,2026-10-06
83857571,D1301,Directeur de Magasin,Allintalent,Saumur,40000 - 45000 € BRUT ANNUEL,CDI,2026-09-29,2026-10-06
82649623,D1301,Directeur de Magasin,Auchan Retail France,Cahors,41200 - 41870 € BRUT ANNUEL,CDI,2026-09-25,2026-10-06
83766316,D1301,Directeur de Magasin,Groupement Mousquetaires,Le Faouët,24000 - 26400 € BRUT ANNUEL,CDI,2026-09-25,2026-10-06
80613656,D1301,Directeur de Magasin,Jardiland,Eure-et-Loir,43000 - 50000 € BRUT ANNUEL,CDI,2026-09-25,2026-10-06
71680755,D1301,Directeur de Magasin,Groupement Mousquetaires,Pau,21600 - 26400 € BRUT ANNUEL,CDI,2026-09-24,2026-10-06
83761733,D1301,Directeur de Magasin,Will RH,Les Pennes-Mirabeau,40000 € BRUT ANNUEL,CDI,2026-09-25,2026-10-06
71678504,D1301,Directeur de Magasin,Groupement Mousquetaires,Vindry-sur-Turdine,30000 - 40000 € BRUT ANNUEL,CDI,2026-09-24,2026-10-06
83731181,D1301,Directeur de Magasin,Actual Talent,Ferrière-la-Grande,39600 - 52000 € BRUT ANNUEL,CDI,2026-09-25,2026-10-06
83671843,D1301,Directeur de Magasin,Gemo,Aubière,45600 € BRUT ANNUEL,CDI,2026-09-23,2026-10-06
83028771,D1301,Directrice - Directeur de Magasin,Naturéo,Amilly,36816 € BRUT ANNUEL,CDI,2026-10-05,2026-10-06
84100325,D1301,Directrice - Directeur de Magasin,Naturéo,Pont-à-Mousson,36816 € BRUT ANNUEL,CDI,2026-10-06,2026-10-06
71684216,D1301,Directeur de Magasin,Groupement Mousquetaires,Montpellier,45000 - 55000 € BRUT ANNUEL,CDI,2026-09-23,2026-10-06
71684095,D1301,Directeur de Magasin,Groupement Mousquetaires,Montpellier,48000 - 72000 € BRUT ANNUEL,CDI,2026-09-23,2026-10-06
82604473,D1301,Directeur de Magasin,Mercato de l'emploi,Basse-Terre,41000 - 48000 € BRUT ANNUEL,CDI,2026-09-24,2026-10-06
80834202,D1301,Directrice - Directeur de Magasin,Naturéo,Sannois,36816 € BRUT ANNUEL,CDI,2026-10-01,2026-10-06
71681606,D1301,Directeur de Magasin,Groupement Mousquetaires,Narbonne,42000 - 54000 € BRUT ANNUEL,CDI,2026-09-22,2026-10-06
75917620,D1301,Directeur de Magasin,Carrefour,Annecy,54000 € BRUT ANNUEL,CDI,2026-09-22,2026-10-06
71683843,D1301,Directeur de Magasin,Groupement Mousquetaires,Tonneins,36000 € BRUT ANNUEL,CDI,2026-09-22,2026-10-06
83603287,D1301,Directeur de Magasin,TOP Animal,Digne-les-Bains,38000 - 40000 € BRUT ANNUEL,CDI,2026-09-22,2026-10-06
73986737,D1301,Directeur - Directrice de Magasin,Yves Rocher,Vaulx-en-Velin,27600 - 36000 € BRUT ANNUEL,CDI,2026-09-28,2026-10-06
84125192,D1301,Responsable de Magasin,Saint Maclou,Wattrelos,39000 - 42000 € BRUT ANNUEL,CDI,2026-10-06,2026-10-06
82060885,D1301,Responsable de Magasin,Happy Curl - La Boutique du Coiffeu,Lieusaint,24900 - 34800 € BRUT ANNUEL,CDD,2026-10-06,2026-10-06
84098258,D1301,Responsable de Magasin,Tape à l'Oeil,Épinay-sur-Seine,29880 € BRUT ANNUEL,CDI,2026-10-06,2026-10-06
84091449,D1301,Responsable de Magasin,Happy Curl - La Boutique du Coiffeu,Illkirch-Graffenstaden,27948 - 33228 € BRUT ANNUEL,CDI,2026-10-06,2026-10-06
84078903,D1301,Responsable de Magasin,Jack & Jones,Puteaux,34800 - 37200 € BRUT ANNUEL,CDI,2026-10-05,2026-10-06
83042181,D1301,Responsable de Magasin,Tape à l'Oeil,Osny,29880 € BRUT ANNUEL,CDI,2026-10-05,2026-10-06
74135068,D1301,Responsable de Magasin,Happy Curl - La Boutique du Coiffeu,Noisy-le-Grand,24900 - 34800 € BRUT ANNUEL,CDI,2026-10-04,2026-10-06
84041424,D1301,Responsable de Magasin,Jacadi,Marseille,24180 - 32000 € BRUT ANNUEL,CDI,2026-10-03,2026-10-06
84031187,D1301,Responsable de Magasin,Maxi Zoo,Levallois-Perret,35000 € BRUT ANNUEL,CDI,2026-10-03,2026-10-06
84031185,D1301,Responsable de Magasin,Maxi Zoo,La Garde,35000 - 36000 € BRUT ANNUEL,CDI,2026-10-03,2026-10-06
84031183,D1301,Responsable de Magasin,Maxi Zoo,Marseille,35000 - 36000 € BRUT ANNUEL,CDI,2026-10-03,2026-10-06
84012334,D1301,Responsable de Magasin,Maxi Zoo,Lannion,35000 - 36000 € BRUT ANNUEL,CDI,2026-10-03,2026-10-06
82892270,D1301,Responsable de Magasin,Les Éleveurs de la Charentonne,La Ferté-Saint-Aubin,25000 - 26000 € BRUT ANNUEL,CDI,2026-10-02,2026-10-06
79764477,D1301,Responsable de Magasin,L'Occitane,Puteaux,34800 - 39600 € BRUT ANNUEL,CDI,2026-10-05,2026-10-06
84083405,D1301,Responsable de Magasin,Manpower France,Montigny-le-Bretonneux,30000 - 35000 € BRUT ANNUEL,CDI,2026-10-06,2026-10-06
84128295,D1301,Responsable de Magasin,A LA SOURCE Cabinet de recrutement,Vernon,33000 - 36000 € BRUT ANNUEL,CDI,2026-10-06,2026-10-06
73245876,D1301,Responsable de Magasin,MAISON DU FRAIS,Puiseux-Pontoise,27600 - 34800 € BRUT ANNUEL,CDI,2026-10-05,2026-10-06
80782328,D1301,Responsable de Magasin,Jacadi,Toulouse,24180 - 32000 € BRUT ANNUEL,CDI,2026-10-01,2026-10-06
82989781,D1301,Responsable de Magasin,Cavac,Marans,31200 - 36000 € BRUT ANNUEL,CDI,2026-10-04,2026-10-06
81995308,D1301,Responsable de Magasin,Chausséa,Saint-Berthevin,28000 - 31000 € BRUT ANNUEL,CDI,2026-10-04,2026-10-06
80799634,D1301,Responsable de Magasin,Tape à l'Oeil,Essey-lès-Nancy,26000 - 30000 € BRUT ANNUEL,CDI,2026-10-01,2026-10-06
84041159,D1301,Responsable de Magasin,Maxi Zoo,Pléchâtel,35000 - 36000 € BRUT ANNUEL,CDI,2026-10-03,2026-10-06
84031110,D1301,Responsable de Magasin,Maxi Zoo,Arçonnay,35000 - 36000 € BRUT ANNUEL,CDI,2026-10-03,2026-10-06
84025056,D1301,Responsable de Magasin,Maxi Zoo,Bollène,35000 - 36000 € BRUT ANNUEL,CDI,2026-10-03,2026-10-06
81853468,D1301,Responsable de Magasin,Happy Curl - La Boutique du Coiffeu,Nantes,27000 - 32760 € BRUT ANNUEL,CDI,2026-09-29,2026-10-06
84000799,D1301,Responsable de Magasin,Maxi Zoo,Montbrison,35000 - 36000 € BRUT ANNUEL,CDI,2026-10-02,2026-10-06
83985777,D1301,Responsable de Magasin,Workyn,Laval,30000 - 33600 € BRUT ANNUEL,CDI,2026-10-02,2026-10-06
84076473,D1301,Responsable de Magasin,ASTRAXRH,Mâcon,30000 - 34800 € BRUT ANNUEL,CDI,2026-10-05,2026-10-06
84076318,D1301,Responsable de Magasin,ASTRAXRH,Tignieu-Jameyzieu,30000 - 34800 € BRUT ANNUEL,CDI,2026-10-05,2026-10-06
83981226,D1301,Responsable de Magasin,Chausséa,Saint-Doulchard,25000 - 28000 € BRUT ANNUEL,CDI,2026-10-02,2026-10-06
83977428,D1301,Responsable de Magasin,Au Fil des Marques - Vestiti,Orvault,27600 - 36000 € BRUT ANNUEL,CDI,2026-10-02,2026-10-06
83967589,D1301,Responsable de Magasin,Maxi Zoo,Paris,33000 - 34000 € BRUT ANNUEL,CDI,2026-10-01,2026-10-06
83884241,D1301,Responsable de Magasin,Au fil des Lots,Rennes,26400 - 28610 € BRUT ANNUEL,CDI,2026-09-29,2026-10-06
82846616,D1301,Responsable de Magasin,Bastide Le Confort Médical Paris,Paris,24000 - 28800 € BRUT ANNUEL,CDI,2026-10-01,2026-10-06
84002642,D1301,Responsable de Magasin,Les Nouveaux Héritiers,Franconville,30000 - 35000 € BRUT ANNUEL,CDI,2026-10-02,2026-10-06
84002528,D1301,Responsable de Magasin,Les Nouveaux Héritiers,Vélizy-Villacoublay,35000 - 36000 € BRUT ANNUEL,CDI,2026-10-02,2026-10-06
83938126,D1301,Responsable de Magasin,Schmidt,Saint-Leu,25000 - 70000 € BRUT ANNUEL,CDI,2026-10-01,2026-10-06
83986043,D1301,Responsable de Magasin,Workyn,Agen,30000 - 33600 € BRUT ANNUEL,CDI,2026-10-02,2026-10-06
78435412,D1301,Responsable de Magasin,Happy Curl - La Boutique du Coiffeu,Roncq,24900 - 31200 € BRUT ANNUEL,CDI,2026-09-29,2026-10-06
81838936,D1301,Responsable de Magasin,Saint Maclou,Nanterre,40000 - 54000 € BRUT ANNUEL,CDI,2026-09-29,2026-10-06
84093023,D1301,Responsable de Magasin,Le CabRH,Valence,25000 € BRUT ANNUEL,CDI,2026-10-06,2026-10-06
84084516,D1301,Responsable de Magasin,Le CabRH,Schiltigheim,25000 € BRUT ANNUEL,CDI,2026-10-06,2026-10-06
81007714,D1301,Responsable de Magasin,Contact RH - Vienne recrutement,Vienne,27672 € BRUT ANNUEL,CDI,2026-10-06,2026-10-06
82989845,D1301,Responsable de Magasin,Les Colettes,Oyonnax,34428 - 40000 € BRUT ANNUEL,CDI,2026-10-04,2026-10-06
83985935,D1301,Responsable de Magasin,Workyn,Wittenheim,30000 - 33600 € BRUT ANNUEL,CDI,2026-10-02,2026-10-06
83985823,D1301,Responsable de Magasin,Workyn,Mulhouse,30000 - 33600 € BRUT ANNUEL,CDI,2026-10-02,2026-10-06
84084483,D1301,Responsable de Magasin,Le CabRH,Vandœuvre-lès-Nancy,25000 € BRUT ANNUEL,CDI,2026-10-06,2026-10-06
84084490,D1301,Responsable de Magasin,Le CabRH,Tours,25000 € BRUT ANNUEL,CDI,2026-10-06,2026-10-06
82880905,D1301,Responsable de Magasin,Workyn,Nantes,30000 - 38400 € BRUT ANNUEL,CDI,2026-10-01,2026-10-06
84002609,D1301,Responsable de Magasin,Les Nouveaux Héritiers,Talange,28000 - 32000 € BRUT ANNUEL,CDI,2026-10-02,2026-10-06
81811270,D1301,Responsable de Magasin,Happy Curl - La Boutique du Coiffeu,Noisy-le-Grand,27000 - 35160 € BRUT ANNUEL,CDI,2026-09-28,2026-10-06
80865301,D1301,Responsable de Magasin,Talents Commerciaux,Nanterre,40000 - 55000 € BRUT ANNUEL,CDI,2026-10-03,2026-10-06
80511594,D1301,Responsable de Magasin,Happy Curl - La Boutique du Coiffeu,Angers,27000 - 32160 € BRUT ANNUEL,CDD,2026-09-29,2026-10-06
83939595,D1301,Responsable de Magasin,Boulangerie Louise,Wambrechies,30000 € BRUT ANNUEL,CDD,2026-10-01,2026-10-06
84002640,D1301,Responsable de Magasin,Les Nouveaux Héritiers,Corbeil-Essonnes,30000 - 35000 € BRUT ANNUEL,CDI,2026-10-02,2026-10-06
84002510,D1301,Responsable de Magasin,Les Nouveaux Héritiers,Villefontaine,35000 - 36000 € BRUT ANNUEL,CDI,2026-10-02,2026-10-06
83865064,D1301,Responsable de Magasin,VYV 3,Pithiviers,28000 - 35000 € BRUT ANNUEL,CDI,2026-09-29,2026-10-06
83859463,D1301,Responsable de Magasin,Kiko,Niort,28800 - 32400 € BRUT ANNUEL,CDI,2026-09-29,2026-10-06
83985829,D1301,Responsable de Magasin,Proesa,Rodez,40000 - 45000 € BRUT ANNUEL,CDI,2026-10-02,2026-10-06
83842309,D1301,Responsable de Magasin,Action France,Châteaudun,34092 € BRUT ANNUEL,CDI,2026-09-28,2026-10-06
83842143,D1301,Responsable de Magasin,Action France,Chartres,34092 € BRUT ANNUEL,CDI,2026-09-28,2026-10-06
83842443,D1301,Responsable de Magasin,Happy Curl - La Boutique du Coiffeu,Évry-Courcouronnes,25800 - 36000 € BRUT ANNUEL,CDD,2026-09-28,2026-10-06
82788611,D1301,Responsable de Magasin,Happy Curl - La Boutique du Coiffeu,Marseille,27600 - 34800 € BRUT ANNUEL,CDD,2026-09-28,2026-10-06
79483632,D1301,Responsable de Magasin,Happy Curl - La Boutique du Coiffeu,Paris,24900 - 34800 € BRUT ANNUEL,CDD,2026-09-28,2026-10-06
82761891,D1301,Responsable de Magasin,Legami,Rosny-sous-Bois,30000 - 33000 € BRUT ANNUEL,CDI,2026-09-28,2026-10-06
78490350,D1301,Responsable de Magasin,Les Colettes,Angers,34428 - 40000 € BRUT ANNUEL,CDI,2026-09-29,2026-10-06
78503250,D1301,Responsable de Magasin,A LA SOURCE Cabinet de recrutement,Villabé,27000 - 30000 € BRUT ANNUEL,CDI,2026-09-29,2026-10-06
81805721,D1301,Responsable de Magasin,Boulangerie TIFFANIE,Châtillon-sur-Cluses,25480 - 26390 € BRUT ANNUEL,CDI,2026-09-28,2026-10-06
83977704,D1301,Responsable de Magasin,SAYCO,Villeurbanne,26000 - 28500 € BRUT ANNUEL,CDD,2026-10-02,2026-10-06
83864582,D1301,Responsable de Magasin,Workyn,Paris,30000 € BRUT ANNUEL,CDI,2026-09-29,2026-10-06
77194785,D1301,Responsable de Magasin,Chausséa,Laval,27700 - 30000 € BRUT ANNUEL,CDI,2026-09-26,2026-10-06
83786276,D1301,Responsable de Magasin,Maxi Zoo,Moisselles,35000 - 36000 € BRUT ANNUEL,CDI,2026-09-26,2026-10-06
83786261,D1301,Responsable de Magasin,Maxi Zoo,Epagny Metz-Tessy,39000 - 40000 € BRUT ANNUEL,CDI,2026-09-26,2026-10-06
83786257,D1301,Responsable de Magasin,Maxi Zoo,Strasbourg,35000 - 36000 € BRUT ANNUEL,CDI,2026-09-26,2026-10-06
83786148,D1301,Responsable de Magasin,Maxi Zoo,Chanteloup-en-Brie,35000 - 36000 € BRUT ANNUEL,CDI,2026-09-26,2026-10-06
83786021,D1301,Responsable de Magasin,Maxi Zoo,Paris,35000 - 36000 € BRUT ANNUEL,CDI,2026-09-26,2026-10-06
83982621,D1301,Responsable de Magasin,OpenSourcing,Versailles,30000 - 35000 € BRUT ANNUEL,Freelance,2026-10-02,2026-10-06
83982559,D1301,Responsable de Magasin,OpenSourcing,La Défense,30000 - 35000 € BRUT ANNUEL,Freelance,2026-10-02,2026-10-06
82685759,D1301,Responsable de Magasin,A LA SOURCE Cabinet de recrutement,Villefranche-sur-Saône,27000 - 30000 € BRUT ANNUEL,CDI,2026-09-26,2026-10-06
82797244,D1301,Responsable de Magasin,Talents Commerciaux,Annemasse,30000 - 35000 € BRUT ANNUEL,CDI,2026-09-28,2026-10-06
82801863,D1301,Responsable de Magasin,Talents Commerciaux,Sarcelles,40000 - 50000 € BRUT ANNUEL,CDI,2026-09-28,2026-10-06
82788399,D1301,Responsable de Magasin,Talents Commerciaux,Nantes,36000 - 40000 € BRUT ANNUEL,CDI,2026-09-28,2026-10-06
81717040,D1301,Responsable de Magasin,L'Occitane,Paris,27600 - 28800 € BRUT ANNUEL,CDI,2026-09-25,2026-10-06
77190242,D1301,Responsable de Magasin,Chausséa,Blois,27500 - 30000 € BRUT ANNUEL,CDI,2026-09-25,2026-10-06
80612323,D1301,Responsable de Magasin,Happy Curl - La Boutique du Coiffeu,Saint-Genis-Laval,27000 - 32160 € BRUT ANNUEL,CDD,2026-09-26,2026-10-06
80581920,D1301,Responsable de Magasin,Happy Curl - La Boutique du Coiffeu,Villars,27000 - 31800 € BRUT ANNUEL,CDI,2026-09-25,2026-10-06
83786239,D1301,Responsable de Magasin,Maxi Zoo,Paris,35000 - 36000 € BRUT ANNUEL,CDI,2026-09-26,2026-10-06
83786217,D1301,Responsable de Magasin,Maxi Zoo,Choisey,35000 - 36000 € BRUT ANNUEL,CDI,2026-09-26,2026-10-06
83786211,D1301,Responsable de Magasin,Maxi Zoo,Paris,35000 - 37000 € BRUT ANNUEL,CDI,2026-09-26,2026-10-06
83786203,D1301,Responsable de Magasin,Maxi Zoo,Albert,35000 - 36000 € BRUT ANNUEL,CDI,2026-09-26,2026-10-06
83786183,D1301,Responsable de Magasin,Maxi Zoo,Civrieux-d'Azergues,35000 - 36000 € BRUT ANNUEL,CDI,2026-09-26,2026-10-06
84107890,D1302,Responsable de Boutique,Yves Rocher,Carcassonne,30000 - 32400 € BRUT ANNUEL,CDD,2026-10-06,2026-10-06
84081266,D1302,Responsable de Boutique,LaParisienne,Paris,32000 - 34000 € BRUT ANNUEL,CDI,2026-10-05,2026-10-06
84032841,D1302,Responsable de Boutique,Mlle Cabestan,Château-Gontier-sur-Mayenne,24571 - 30213 € BRUT ANNUEL,CDI,2026-10-03,2026-10-06
84016131,D1302,Responsable de Boutique,Mlle Cabestan,Guérande,24571 - 30213 € BRUT ANNUEL,CDI,2026-10-03,2026-10-06
83939532,D1302,Responsable de Boutique,JOTT,Lyon,27600 - 31200 € BRUT ANNUEL,CDI,2026-10-01,2026-10-06
83850346,D1302,Responsable de Boutique,Mlle Cabestan,La Rochelle,24571 - 30213 € BRUT ANNUEL,CDI,2026-09-29,2026-10-06
83850371,D1302,Responsable de Boutique,September,Clisson,24570 - 30212 € BRUT ANNUEL,CDI,2026-09-29,2026-10-06
83891332,D1302,Responsable de Boutique,Mlle Cabestan,La Baule-Escoublac,24571 - 30213 € BRUT ANNUEL,CDD,2026-09-30,2026-10-06
80651328,D1302,Responsable de Boutique,Les Bougies de Charroux,Montluçon,25000 - 28000 € BRUT ANNUEL,CDI,2026-09-27,2026-10-06
83855497,D1302,Responsable de Boutique,Unik and Co,Paris,26400 - 27600 € BRUT ANNUEL,CDI,2026-09-29,2026-10-06
83865197,D1302,Responsable de Boutique,JOTT,Troyes,26400 - 30000 € BRUT ANNUEL,CDD,2026-09-29,2026-10-06
77335006,D1302,Responsable de Boutique,Andrew Staffing,Paris,25000 - 32000 € BRUT ANNUEL,CDI,2026-09-28,2026-10-06
82649138,D1302,Responsable de Boutique,JOTT,La Baule-Escoublac,27000 - 27600 € BRUT ANNUEL,CDI,2026-09-25,2026-10-06
83683402,D1302,Responsable de Boutique,Les Bougies de Charroux,Poitiers,25000 - 28000 € BRUT ANNUEL,CDI,2026-09-24,2026-10-06
83683445,D1302,Responsable de Boutique,Les Bougies de Charroux,Tours,25000 - 28000 € BRUT ANNUEL,CDI,2026-09-24,2026-10-06
82589369,D1302,Responsable de Boutique,Unik and Co,Miramas,27600 - 30000 € BRUT ANNUEL,CDI,2026-09-23,2026-10-06
83593185,D1302,Responsable de Boutique,Les Bougies de Charroux,Anglet,25000 - 28000 € BRUT ANNUEL,CDI,2026-09-22,2026-10-06
82055410,D1302,Responsable Boutique,AVRIL COSMETIQUES,Agen,25800 - 28800 € BRUT ANNUEL,CDI,2026-10-06,2026-10-06
81542542,D1302,Responsable de Boutique,Andrew Staffing,Levallois-Perret,26000 - 31000 € BRUT ANNUEL,CDI,2026-09-21,2026-10-06
82959290,D1302,Responsable Boutique,Eagle Rocket,Avignon,29260 € BRUT ANNUEL,CDI,2026-10-03,2026-10-06
84101844,D1302,Responsable de Boutique - CDI,Side by randstad,Lyon,25200 - 31200 € BRUT ANNUEL,CDI,2026-10-06,2026-10-06
84002583,D1302,Responsable de Boutique Luxe,Les Nouveaux Héritiers,Roissy-en-Brie,45000 - 50000 € BRUT ANNUEL,CDI,2026-10-02,2026-10-06
83983626,D1302,Responsable de Boutique Design,CALYPSO RH,Strasbourg,30000 - 48000 € BRUT ANNUEL,CDI,2026-10-02,2026-10-06
82746570,D1302,Responsable Boutique,Andrew Staffing,Le Chesnay-Rocquencourt,28000 - 34000 € BRUT ANNUEL,CDI,2026-09-27,2026-10-06
80473525,D1302,Responsable Boutique,Andrew Staffing,Lieusaint,33000 - 39000 € BRUT ANNUEL,CDI,2026-09-23,2026-10-06
84129134,D1302,Responsable de Boutique CDI 35H,Eden Park,Nice,28800 - 30000 € BRUT ANNUEL,CDI,2026-10-06,2026-10-06
80926876,D1302,Responsable de Boutique - Beauté Capillaire,CATWALKS,Paris,36000 - 38000 € BRUT ANNUEL,CDI,2026-10-03,2026-10-06
70861094,D1302,Responsable de Boutique en Boulangerie Pâtisserie,Maison Kayser,Paris,38400 - 43200 € BRUT ANNUEL,CDI,2026-10-01,2026-10-06
84092298,D1302,Responsable de Boutique - Flagship Manager,Hook RH,Paris,33000 - 38000 € BRUT ANNUEL,CDI,2026-10-06,2026-10-06
84104715,D1302,Responsable de Boutique de Mode&Bijouterie,Actual group,Saint-Joseph,22000 - 25000 € BRUT ANNUEL,CDI,2026-10-06,2026-10-06
84070158,D1302,Responsable de Boutique Optique - Bruxelles,Jober Group,Saint-Denis-lès-Bourg,36000 € BRUT ANNUEL,CDI,2026-10-04,2026-10-06
83400564,D1302,Responsable de Boutique,SIMON,Roppenheim,25000 - 30000 € BRUT ANNUEL,CDI,2026-09-16,2026-10-06
70849787,D1302,Responsable de Boutique en Boulangerie Pâtisserie,Maison Kayser,Paris,38400 - 43200 € BRUT ANNUEL,CDI,2026-10-01,2026-10-06
83588580,D1302,Responsable de Boutique - Aubagne,Kiko,Aubagne,31260 - 33660 € BRUT ANNUEL,CDI,2026-09-22,2026-10-06
83341399,D1302,Responsable de Boutique,Les Bougies de Charroux,Laval,25000 - 28000 € BRUT ANNUEL,CDI,2026-09-15,2026-10-06
84070022,D1302,Responsable de Boutique Optique - Bruxelles,Jober Group,Saint-Denis-lès-Bourg,36000 € BRUT ANNUEL,CDI,2026-10-04,2026-10-06
83342219,D1302,Responsable de Boutique,Mlle Cabestan,Laval,24571 - 30941 € BRUT ANNUEL,CDI,2026-09-15,2026-10-06
83338957,D1302,Responsable de Boutique,JOTT,Blagnac,30000 - 32400 € BRUT ANNUEL,CDI,2026-09-15,2026-10-06
81837025,D1302,Responsable de Boutique CDI 35H,Eden Park,Nice,28800 - 30000 € BRUT ANNUEL,CDI,2026-09-29,2026-10-06
81464328,D1302,Responsable de Boutique de Thé,Les Idées claires,Colmar,31000 - 32000 € BRUT ANNUEL,CDI,2026-09-20,2026-10-06
84030039,D1302,Responsable de Boutique en Boulangerie - Réf Rb69ch,Boulangerie Mariette,Lyon,25782 - 28800 € BRUT ANNUEL,CDI,2026-10-03,2026-10-06
84030011,D1302,Responsable de Boutique en Boulangerie - Réf Rb95b,Boulangerie Mariette,Bezons,25782 - 28800 € BRUT ANNUEL,CDI,2026-10-03,2026-10-06
74866164,D1302,Responsable de Boutique - Bagagerie Premium,Andrew Staffing,Paris,30000 - 32000 € BRUT ANNUEL,CDI,2026-09-25,2026-10-06
84063603,D1302,Responsable de Boutique en Boulangerie - Réf Rb68i,Boulangerie Mariette,Illzach,25782 - 28800 € BRUT ANNUEL,CDI,2026-10-03,2026-10-06
83672583,D1302,Responsable de Boutique - CDI 39H,Cabaia,Vélizy-Villacoublay,32000 - 36000 € BRUT ANNUEL,CDI,2026-09-23,2026-10-06
78054003,D1302,Responsable de Boutique - Caviste,Maison Nicolas,Houilles,22560 € BRUT ANNUEL,CDI,2026-09-18,2026-10-06
83299433,D1302,Responsable de Boutique,Épicuria Sucré Salé Boulevard Foch ,Grenoble,33600 - 36000 € BRUT ANNUEL,CDI,2026-09-12,2026-10-06
82357007,D1302,Responsable Boutique,Andrew Staffing,Roissy-en-France,25000 - 32000 € BRUT ANNUEL,CDI,2026-09-17,2026-10-06
83983131,D1302,Responsable de Boutique Chocolaterie - Pâtisserie de Luxe,Crescendo,Bourg-en-Bresse,32400 € BRUT ANNUEL,CDI,2026-10-02,2026-10-06
83924812,D1302,Responsable de Boutique Optique - Wissembourg 67,Jober Group,Wissembourg,33600 - 39600 € BRUT ANNUEL,CDI,2026-09-30,2026-10-06
83624317,D1302,Responsable de Boutique Parfumerie de Niche,Sintel,Paris,42000 - 45000 € BRUT ANNUEL,CDI,2026-09-22,2026-10-06
83924709,D1302,Responsable de Boutique Optique - Charleroi 6000,Jober Group,Nice,39600 € BRUT ANNUEL,CDI,2026-09-30,2026-10-06
82398588,D1302,Responsable de Boutique Lifestyle,Andrew Staffing,Corbeil-Essonnes,30000 - 33000 € BRUT ANNUEL,CDI,2026-09-17,2026-10-06
84063610,D1302,Responsable de Boutique en Boulangerie-Pâtisserie - Réf Rb35rc,Boulangerie Augustin,Rennes,25200 - 28800 € BRUT ANNUEL,CDI,2026-10-03,2026-10-06
84063601,D1302,Responsable de Boutique en Boulangerie-Pâtisserie - Réf Rb69xr,Boulangerie Augustin,Lyon,25782 - 28800 € BRUT ANNUEL,CDI,2026-10-03,2026-10-06
84029957,D1302,Responsable de Boutique en Boulangerie-Pâtisserie - Réf Rb75co,Boulangerie Augustin,Paris,25200 - 28800 € BRUT ANNUEL,CDI,2026-10-03,2026-10-06
84063611,D1302,Responsable de Boutique en Boulangerie-Pâtisserie - Réf Rb35lm,Boulangerie Augustin,Rennes,25782 - 28800 € BRUT ANNUEL,CDI,2026-10-03,2026-10-06
84030034,D1302,Responsable de Boutique en Boulangerie-Pâtisserie - Réf Rb69o,Boulangerie Augustin,Lyon,25782 - 28800 € BRUT ANNUEL,CDI,2026-10-03,2026-10-06
84029927,D1302,Responsable de Boutique en Boulangerie-Pâtisserie - Réf Rb14ca,Boulangerie Mariette,Caen,25200 - 28800 € BRUT ANNUEL,CDI,2026-10-03,2026-10-06
84029984,D1302,Responsable de Boutique en Boulangerie-Pâtisserie - Réf Rb35cs,Boulangerie Augustin,Cesson-Sévigné,25200 - 28800 € BRUT ANNUEL,CDI,2026-10-03,2026-10-06
84002542,D1302,Store Manager,Les Nouveaux Héritiers,Les Clayes-sous-Bois,33000 - 38000 € BRUT ANNUEL,CDI,2026-10-02,2026-10-06
83359284,D1302,Responsable Boutique,Andrew Staffing,Paris,34000 - 39000 € BRUT ANNUEL,CDI,2026-09-15,2026-10-06
79636223,D1302,Responsable de Boutique - Paris - Saint-Germain-Des-Prés,LDB Paris,Paris,31200 - 37200 € BRUT ANNUEL,CDI,2026-10-01,2026-10-06
83925638,D1302,Store Manager,STAFF SPA,Paris,22800 - 23040 € BRUT ANNUEL,CDI,2026-09-30,2026-10-06
83896928,D1302,Responsable Boutique Pieces Detachees,GBH,Mamoudzou,40000 - 41000 € BRUT ANNUEL,CDI,2026-09-30,2026-10-06
82284948,D1302,Responsable Boutique,AVRIL COSMETIQUES,Lyon,26400 - 32400 € BRUT ANNUEL,CDI,2026-09-13,2026-10-06
84065360,D1302,Responsable Boutique Chocolaterie Patisserie,KELYPS Roanne,Bourg-en-Bresse,28501 € BRUT ANNUEL,Intérim,2026-10-04,2026-10-06
78985426,D1302,Responsable de Boutique Lifestyle,Andrew Staffing,Vélizy-Villacoublay,31000 - 33000 € BRUT ANNUEL,CDI,2026-09-14,2026-10-06
82729897,D1302,Responsable Boutique Boulangerie Pâtisserie,La Tarte Tropezienne,Toulon,28800 - 29400 € BRUT ANNUEL,CDI,2026-09-27,2026-10-06
82858080,D1302,Responsable de Boutique - Louis Pion Nantes St-Sébastien,Galeries Lafayette,Nantes,24000 - 26400 € BRUT ANNUEL,CDI,2026-10-01,2026-10-06
83595390,D1302,Directeur de Boutique,CATWALKS,Lyon,34000 - 36000 € BRUT ANNUEL,CDI,2026-09-22,2026-10-06
83732397,D1302,Store Manager,Talents Commerciaux,Nice,38000 - 40000 € BRUT ANNUEL,CDI,2026-09-25,2026-10-06
75301493,D1302,Futur Store Manager,JYSK,Saint-Pierre-du-Mont,29900 - 39000 € BRUT ANNUEL,CDI,2026-10-06,2026-10-06
83924846,D1302,Responsable de Boutique Optique - Saint-Jean-De-La-Ruelle 45,Jober Group,Saint-Jean-de-la-Ruelle,28000 - 40000 € BRUT ANNUEL,CDI,2026-09-30,2026-10-06
75952592,D1302,Store Manager,SUNGLASS HUT FRANCE,Nice,28000 - 32000 € BRUT ANNUEL,CDI,2026-09-22,2026-10-06
81926324,D1302,Futur Store Manager,JYSK,Farébersviller,29900 - 39000 € BRUT ANNUEL,CDI,2026-10-01,2026-10-06
83297840,D1302,Responsable de Boutique Cosmétique,Feel My Skin,Paris,30000 - 38400 € BRUT ANNUEL,CDI,2026-09-12,2026-10-06
80527304,D1302,Responsable Boutique Boulangerie Pâtisserie,La Tarte Tropezienne,Sainte-Maxime,28800 - 30000 € BRUT ANNUEL,CDI,2026-09-23,2026-10-06
83095572,D1302,Responsable de Boutique,Unik and Co,Rosny-sous-Bois,26400 - 27600 € BRUT ANNUEL,CDI,2026-09-07,2026-10-06
80525968,D1302,Responsable Boutique Boulangerie Pâtisserie,La Tarte Tropezienne,Saint-Tropez,31200 - 32400 € BRUT ANNUEL,CDI,2026-09-23,2026-10-06
80016111,D1302,Responsable Boutique,AVRIL COSMETIQUES,Bordeaux,25800 - 30000 € BRUT ANNUEL,CDI,2026-09-11,2026-10-06
79469625,D1302,Adjoint Store Manager,JYSK,Wittenheim,23900 - 28440 € BRUT ANNUEL,CDI,2026-09-28,2026-10-06
79469743,D1302,Adjoint Store Manager,JYSK,Vendenheim,23900 - 28440 € BRUT ANNUEL,CDI,2026-09-28,2026-10-06
80159503,D1302,Store Manager 39H,JYSK,Vendenheim,29900 - 39000 € BRUT ANNUEL,CDI,2026-09-27,2026-10-06
79164528,D1302,Store Manager,SUNGLASS HUT FRANCE,Nice,30000 - 34000 € BRUT ANNUEL,CDI,2026-09-20,2026-10-06
81717531,D1302,Futur Store Manager,JYSK,Augny,29900 - 39000 € BRUT ANNUEL,CDI,2026-09-26,2026-10-06
83258213,D1302,Responsable Boutique,Eagle Rocket By partenaire,Clermont-Ferrand,29260 € BRUT ANNUEL,CDI,2026-09-11,2026-10-06
79164350,D1302,Store Manager,SUNGLASS HUT FRANCE,Paris,30000 - 35000 € BRUT ANNUEL,CDI,2026-09-20,2026-10-06
83764839,D1302,Futur Store Manager,JYSK,Marmoutier,29900 - 39000 € BRUT ANNUEL,CDI,2026-09-25,2026-10-06
83387118,D1302,Responsable de Boutique Spécialiste du Produit Frais,Otera France,Lille,29596 - 35298 € BRUT ANNUEL,CDI,2026-09-16,2026-10-06
84082156,D1302,Store Manager Trainer Smt,JYSK,Danjoutin,22700 - 25750 € BRUT ANNUEL,CDI,2026-10-05,2026-10-06
80377097,D1302,Responsable de Boutique - Horlogerie & Joaillerie Luxe - Aéroport,LUXE TALENT,Roissy-en-France,38000 - 42000 € BRUT ANNUEL,CDI,2026-09-20,2026-10-06
68423046,D1302,Futur Store Manager - Jfr,JYSK,Saint-Mard,23900 - 28440 € BRUT ANNUEL,CDI,2026-09-29,2026-10-06
81810848,D1302,Adjoint Store Manager - Jfr,JYSK,Pollestres,23900 - 28440 € BRUT ANNUEL,CDI,2026-09-28,2026-10-06
84002576,D1302,Responsable de Boutique Adjoint,Les Nouveaux Héritiers,Cannes,26000 - 33000 € BRUT ANNUEL,CDI,2026-10-02,2026-10-06
83636338,D1302,Futur Store Manager,JYSK,Val de Briey,29900 - 39000 € BRUT ANNUEL,CDI,2026-09-23,2026-10-06
83812563,D1302,Futur Store Manager - Jfr,JYSK,Cosne-Cours-sur-Loire,23900 - 28440 € BRUT ANNUEL,CDI,2026-09-27,2026-10-06
82419077,D1302,Responsable Boutique Boulangerie Pâtisserie,La Tarte Tropezienne,Antibes,31200 € BRUT ANNUEL,CDI,2026-09-18,2026-10-06
83359363,D1302,Jules - Responsable de Boutique - Créteil 94,Andrew Staffing,Créteil,25000 - 32000 € BRUT ANNUEL,CDI,2026-09-15,2026-10-06
81837305,D1509,Directeur Régional,Une pièce en plus,Paris,50000 - 60000 € BRUT ANNUEL,CDI,2026-09-29,2026-10-06
79503611,D1509,Directeur Régional,Emerite RH,Antony,64600 - 79000 € BRUT ANNUEL,CDI,2026-09-29,2026-10-06
83872739,D1509,Directeur Régional,HART Conseil & Recrutement,Les Sables-d'Olonne,85000 - 90000 € BRUT ANNUEL,CDI,2026-09-29,2026-10-06
81762034,D1509,Directeur Régional,Workyn,Bordeaux,45000 - 50000 € BRUT ANNUEL,CDI,2026-09-27,2026-10-06
80516444,D1509,Directeur Régional,La Côte et l'Arête,Toulouse,50000 - 60000 € BRUT ANNUEL,CDI,2026-09-23,2026-10-06
80476485,D1509,Directeur Régional,Emerite RH,Antony,64600 - 79000 € BRUT ANNUEL,CDI,2026-09-23,2026-10-06
83585320,D1509,Directeur Régional,Maxi Zoo,Cahors,45000 - 50000 € BRUT ANNUEL,CDI,2026-09-22,2026-10-06
83885442,D1509,Directeur Régional Centre,Tape à l'Oeil,Tours,40000 - 48000 € BRUT ANNUEL,CDI,2026-09-29,2026-10-06
83547339,D1509,Directeur Régional,Emerite RH,Antony,64600 - 79000 € BRUT ANNUEL,CDI,2026-09-19,2026-10-06
82747265,D1509,Directeur Régional - Retail,Talents Commerciaux,Rouen,42000 - 55000 € BRUT ANNUEL,CDI,2026-09-27,2026-10-06
83653018,D1509,Directeur Régional - Retail,Talents Commerciaux,Lille,42000 - 55000 € BRUT ANNUEL,CDI,2026-09-23,2026-10-06
82955691,D1509,Responsable Régional Directeur de Région,Action France,Troyes,46000 - 55000 € BRUT ANNUEL,CDI,2026-10-03,2026-10-06
84035891,D1509,Directeur Régional - Réseau Pharmacies,UPTOO,Bordeaux,62000 - 70000 € BRUT ANNUEL,CDI,2026-10-03,2026-10-06
83988373,D1509,Directeur Régional - Réseau Pharmacies,UPTOO,Lyon,62000 - 70000 € BRUT ANNUEL,CDI,2026-10-02,2026-10-06
78947805,D1509,Directeur Régional,Emerite RH,Antony,64600 - 79000 € BRUT ANNUEL,CDI,2026-09-12,2026-10-06
80102878,D1509,Directeur Régional,Emerite RH,Antony,64600 - 79000 € BRUT ANNUEL,CDI,2026-09-12,2026-10-06
80478040,D1509,Directeur Régional Leader International,Emerite RH,Antony,64600 - 79000 € BRUT ANNUEL,CDI,2026-09-23,2026-10-06
83602921,D1509,Directeur Régional - Réseau Pharmacies,UPTOO,Bordeaux,62000 - 70000 € BRUT ANNUEL,CDI,2026-09-22,2026-10-06
83682848,D1509,Directeur Régional - Futur Associé - Rennes,EMMA PATISSERIE BOULANGERIE,Rennes,50000 - 60000 € BRUT ANNUEL,CDI,2026-09-24,2026-10-06
82026383,D1509,Directeur Régional Leader International en Forte Croissance,Emerite RH,Antony,64600 - 79000 € BRUT ANNUEL,CDI,2026-10-05,2026-10-06
81145014,D1509,Directeur Régional,LM5P - Le Mouton à 5 Pattes,Rouen,90000 - 120000 € BRUT ANNUEL,CDI,2026-09-09,2026-10-06
82415787,D1509,Directeur Régional- Produits Frais,MAISON DU FRAIS,Saint-Brice-sous-Forêt,40000 - 65000 € BRUT ANNUEL,CDI,2026-09-18,2026-10-06
83914834,D1509,Directeur Régional Idf Ouest - Services Btob - Btoc,Talents Commerciaux,Rueil-Malmaison,50000 - 70000 € BRUT ANNUEL,CDI,2026-09-30,2026-10-06
83352004,D1509,Directeur Régional Loire Auvergne,Keyman,Rhône,80000 - 110000 € BRUT ANNUEL,CDI,2026-09-15,2026-10-06
82873751,D1509,Responsable Régional,Happy Curl - La Boutique du Coiffeu,Grenoble,36000 - 50400 € BRUT ANNUEL,CDD,2026-10-01,2026-10-06
81210535,D1509,Directeur Régional Idf,Keyman,Seine-et-Marne,85000 - 100000 € BRUT ANNUEL,CDI,2026-09-09,2026-10-06
83854790,D1509,Responsable Régional,Action France,,46000 - 55000 € BRUT ANNUEL,CDI,2026-09-29,2026-10-06
81650210,D1509,Responsable Régional,Happy Curl - La Boutique du Coiffeu,Étrembières,36000 - 60000 € BRUT ANNUEL,CDI,2026-09-24,2026-10-06
28325990,D1509,Directeur Régional Nouvelle Aquitaine,KHWAM conseil,,65000 - 90000 € BRUT ANNUEL,CDI,2026-09-11,2026-10-06
83691538,D1509,Responsable Régional,Andrew Staffing,Strasbourg,40000 - 55000 € BRUT ANNUEL,CDI,2026-09-24,2026-10-06
83622425,D1509,Responsable Régional,Action France,,46000 - 55000 € BRUT ANNUEL,CDI,2026-09-22,2026-10-06
83623011,D1509,Responsable Régional,Action France,,46000 - 55000 € BRUT ANNUEL,CDI,2026-09-22,2026-10-06
83622499,D1509,Responsable Régional,Action France,,46000 - 55000 € BRUT ANNUEL,CDI,2026-09-22,2026-10-06
78259257,D1509,Responsable Régional,Eureka Placement,,38000 - 42000 € BRUT ANNUEL,CDI,2026-09-24,2026-10-06
83622358,D1509,Responsable Régional,Action France,Nord,46000 - 55000 € BRUT ANNUEL,CDI,2026-09-22,2026-10-06
83275952,D1509,Directeur Régional Auvergne-Rhone-Alpes,Equalia,Meyzieu,55000 € BRUT ANNUEL,CDI,2026-09-11,2026-10-06
82962041,D1509,Responsable Régional - Troyes,Action France,Paris,46000 - 55000 € BRUT ANNUEL,CDI,2026-10-03,2026-10-06
82908902,M1707,Responsable Régional·e Toulouse,Steeple,Toulouse,60000 - 80000 € BRUT ANNUEL,CDI,2026-10-02,2026-10-06
82908869,M1707,Responsable Régional·e Lyon,Steeple,Lyon,60000 - 80000 € BRUT ANNUEL,CDI,2026-10-02,2026-10-06
82908780,M1707,Responsable Régional·e Lille,Steeple,Lille,60000 - 80000 € BRUT ANNUEL,CDI,2026-10-02,2026-10-06
81091857,D1509,Directeur Régional Leader International,Emerite RH,Antony,64600 - 79000 € BRUT ANNUEL,CDI,2026-09-08,2026-10-06
82908931,M1707,Responsable Régional·e Bordeaux,Steeple,Bordeaux,60000 - 80000 € BRUT ANNUEL,CDI,2026-10-02,2026-10-06
82908832,M1707,Responsable Régional·e Caen,Steeple,Caen,60000 - 80000 € BRUT ANNUEL,CDI,2026-10-02,2026-10-06
82908680,M1707,Responsable Régional·e Marseille,Steeple,Marseille,60000 - 80000 € BRUT ANNUEL,CDI,2026-10-02,2026-10-06
82908855,M1707,Responsable Régional·e Strasbourg,Steeple,Strasbourg,60000 - 80000 € BRUT ANNUEL,CDI,2026-10-02,2026-10-06
82908764,M1707,Responsable Régional·e Rennes,Steeple,Saint-Jacques-de-la-Lande,60000 - 80000 € BRUT ANNUEL,CDI,2026-10-02,2026-10-06
83103898,D1509,Directeur Régional - Réseau Pharmacies,UPTOO,Bordeaux,62000 - 70000 € BRUT ANNUEL,CDI,2026-09-08,2026-10-06
83103897,D1509,Directeur Régional - Réseau Pharmacies,UPTOO,Paris,62000 - 70000 € BRUT ANNUEL,CDI,2026-09-08,2026-10-06
83103904,D1509,Directeur Régional - Réseau Pharmacies,UPTOO,Lyon,62000 - 70000 € BRUT ANNUEL,CDI,2026-09-08,2026-10-06
83446983,D1509,Responsable Régional,Happy Curl - La Boutique du Coiffeu,Paris,36000 - 58800 € BRUT ANNUEL,CDI,2026-09-17,2026-10-06
84097585,M1707,Directeur Régional des Ventes Directeur des Ventes GMS,Circular Consulting,,50000 - 63000 € BRUT ANNUEL,CDI,2026-10-06,2026-10-06
82908744,M1707,Responsable Régional·e Ile-De-France,Steeple,Paris,60000 - 80000 € BRUT ANNUEL,CDI,2026-10-02,2026-10-06
84081153,D1509,Directeur Régions,MLR PARTNER,Marseille,100000 - 120000 € BRUT ANNUEL,CDI,2026-10-05,2026-10-06
83935143,D1509,Directeur Régions,MLR PARTNER,Strasbourg,100000 - 120000 € BRUT ANNUEL,CDI,2026-10-01,2026-10-06
79684145,D1509,Directeur Régions,MLR PARTNER,Rouen,100000 - 120000 € BRUT ANNUEL,CDI,2026-10-03,2026-10-06
83786027,D1509,Directeur de Région,Groupe excent,Nantes,60000 - 70000 € BRUT ANNUEL,CDI,2026-09-26,2026-10-06
77322212,D1509,Responsable de Région,Adéquation et Performances,,45000 - 60000 € BRUT ANNUEL,CDI,2026-09-28,2026-10-06
76152896,D1509,Responsable de Région,Ethis RH,Nantes,70000 - 110000 € BRUT ANNUEL,CDI,2026-09-29,2026-10-06
84002540,D1509,Responsable Région,Les Nouveaux Héritiers,Paris,50000 - 60000 € BRUT ANNUEL,CDI,2026-10-02,2026-10-06
83935353,D1509,Directeur Régions,MLR PARTNER,Reims,100000 - 120000 € BRUT ANNUEL,CDI,2026-10-01,2026-10-06
83935276,D1509,Directeur Régions,MLR PARTNER,Rennes,100000 - 120000 € BRUT ANNUEL,CDI,2026-10-01,2026-10-06
83634585,M1707,Directeur des Ventes Régional,Tendriade,Moulins,47000 - 52000 € BRUT ANNUEL,CDI,2026-09-23,2026-10-06
83526021,M1707,Délégué Régional Nord,Semental,Amiens,37000 - 45000 € BRUT ANNUEL,CDI,2026-09-19,2026-10-06
78042667,D1509,Responsable Régional Savoie,Happy Curl - La Boutique du Coiffeu,Annecy,35100 - 38580 € BRUT ANNUEL,CDD,2026-09-18,2026-10-06
83732138,M1707,Directeur Régional des Ventes - Secteur Sud - est,L'Industrie recrute,Portes-lès-Valence,60000 € BRUT ANNUEL,CDI,2026-09-25,2026-10-06
83253551,D1509,Responsable Régional,Noz,Toulouse,35640 - 40800 € BRUT ANNUEL,CDI,2026-09-11,2026-10-06
79726003,D1509,Responsable Régional Retail - Secteur Beauté,Andrew Staffing,Nantes,32000 - 38000 € BRUT ANNUEL,CDI,2026-10-03,2026-10-06
79725769,D1509,Responsable Régional Retail - Secteur Beauté,Andrew Staffing,Paris,32000 - 38000 € BRUT ANNUEL,CDI,2026-10-03,2026-10-06
82223551,D1509,Directeur Régional Multi-Sites - Leader International Forte Croissance,Emerite RH,Antony,64600 - 79000 € BRUT ANNUEL,CDI,2026-09-11,2026-10-06
81945255,M1707,Directeur Régional des Ventes - Roissy en France 95 - CDI,XR Groupe,Roissy-en-France,70000 - 80000 € BRUT ANNUEL,CDI,2026-10-01,2026-10-06
83686301,D1509,Responsable Régional Grand est,Alphika,Strasbourg,55000 - 60000 € BRUT ANNUEL,CDI,2026-09-24,2026-10-06
80021918,D1509,Responsable Régional,LM5P - Le Mouton à 5 Pattes,Paris,70000 - 90000 € BRUT ANNUEL,CDI,2026-09-11,2026-10-06
75673388,D1509,Area Manager,Andrew Staffing,Lille,60000 - 80000 € BRUT ANNUEL,CDI,2026-09-16,2026-10-06
83445144,D1509,Area Manager Idf,Pieces,,42000 - 45000 € BRUT ANNUEL,CDI,2026-09-17,2026-10-06
83945735,D1509,Responsable de Zone,Euromaster,Rennes,48000 - 55000 € BRUT ANNUEL,CDI,2026-10-01,2026-10-06
81741381,D1509,Directeur de Zone,Happy Curl - La Boutique du Coiffeu,Annecy,95000 - 108000 € BRUT ANNUEL,CDI,2026-09-27,2026-10-06
83884508,D1509,Responsable de Zone,Actua,Schirmeck,35000 - 38000 € BRUT ANNUEL,Intérim,2026-09-29,2026-10-06
81900951,D1509,Manager Zone Marché,Carrefour,Saint-Nazaire,27600 € BRUT ANNUEL,CDI,2026-10-01,2026-10-06
83943570,D1509,Responsable de Zone - Retail,Andrew Staffing,Strasbourg,60000 - 80000 € BRUT ANNUEL,CDI,2026-10-01,2026-10-06
84044612,D1509,Manager Zone Marché - Supermarché,Carrefour,Villeneuve-lès-Avignon,29016 € BRUT ANNUEL,CDI,2026-10-03,2026-10-06
80758241,D1509,Manager Zone Marché - Supermarché,Carrefour,Bagnols-sur-Cèze,31109 € BRUT ANNUEL,CDI,2026-09-29,2026-10-06
84084940,M1707,Responsable Zone Commercial Sud-Ouest,Sames,Meylan,50000 - 60000 € BRUT ANNUEL,CDI,2026-10-06,2026-10-06
79764152,D1509,Directeur de Zone - Secteur Beauté,Andrew Staffing,Nancy,48000 - 54000 € BRUT ANNUEL,CDI,2026-10-05,2026-10-06
83524189,D1509,Responsable de Zone,Euromaster,Laval,65000 - 66000 € BRUT ANNUEL,CDI,2026-09-19,2026-10-06
81507268,D1509,Manager Zone Marché - Supermarché,Carrefour,Briançon,32903 € BRUT ANNUEL,CDI,2026-09-21,2026-10-06
82546587,D1509,Manager Zone Marché - Supermarché,Carrefour,Saint-Denis-lès-Bourg,31109 € BRUT ANNUEL,CDI,2026-09-21,2026-10-06
78047161,D1509,Responsable de Zone - Retail,Andrew Staffing,Paris,60000 - 80000 € BRUT ANNUEL,CDI,2026-09-18,2026-10-06
82425315,D1509,Manager Zone Marche - Hypermarché,Carrefour,Chambourcy,40041 € BRUT ANNUEL,CDI,2026-09-18,2026-10-06
81311273,D1509,Area Manager Confirmé - Parfumerie de Niche - CDI - Boulogne-Billancou,BON TALENT,Boulogne-Billancourt,33000 - 60000 € BRUT ANNUEL,CDI,2026-09-15,2026-10-06
83114311,D1509,Chef de Zone,L'Industrie recrute,Sentheim,30000 - 40000 € BRUT ANNUEL,CDI,2026-09-08,2026-10-06
80098251,D1509,Responsable de Zone des Réseaux Affiliés,Point S Group,Agen,45000 - 55000 € BRUT ANNUEL,CDI,2026-09-12,2026-10-06
83143280,D1509,Responsable de Zone France & Suisse,Adéquation et Performances,,75000 - 90000 € BRUT ANNUEL,CDI,2026-09-08,2026-10-06
83143204,D1509,Responsable de Zone France & Suisse,Adéquation et Performances,,75000 - 90000 € BRUT ANNUEL,CDI,2026-09-08,2026-10-06
81121129,D1509,Manager Zone Marché - Supermarché,Carrefour,Antibes,31109 € BRUT ANNUEL,CDI,2026-09-08,2026-10-06
82355403,D1509,Directeur de Zone,GROUPE SAINT-GOBAIN,Tours,63500 - 75500 € BRUT ANNUEL,CDI,2026-09-17,2026-10-06
79808531,D1509,Chef de Secteur GMS Occitanie,MIGHTEN CONSULTING,Toulouse,36000 - 45000 € BRUT ANNUEL,CDI,2026-10-05,2026-10-06
81657927,M1707,Animateur Réseau Commercial,Happy Curl - La Boutique du Coiffeu,Tomblaine,24000 - 33600 € BRUT ANNUEL,CDI,2026-09-23,2026-10-06
82908819,M1704,Customer Success Manager,Steeple,Saint-Jacques-de-la-Lande,35000 - 50000 € BRUT ANNUEL,CDI,2026-10-02,2026-10-06
84096795,M1704,Customer Success Manager,REFEA,Paris,45000 - 50000 € BRUT ANNUEL,CDI,2026-10-06,2026-10-06
84113950,M1704,Customer Success Manager,Proesa,Paris,43000 - 48000 € BRUT ANNUEL,CDI,2026-10-06,2026-10-06
84032081,M1704,Customer Success Manager,Crescendo,Jonage,32000 - 41000 € BRUT ANNUEL,CDI,2026-10-03,2026-10-06
83857583,M1704,Customer Success Manager,Orfeo Sas,Rennes,36000 - 44000 € BRUT ANNUEL,CDI,2026-09-29,2026-10-06
83757678,M1704,Customer Success Manager,WOVEN PARTNERS,Paris,55000 - 58000 € BRUT ANNUEL,CDI,2026-09-25,2026-10-06
83649182,M1704,Customer Success Manager,L'Industrie recrute,Rennes,30000 - 35000 € BRUT ANNUEL,CDI,2026-09-23,2026-10-06
84041090,M1704,Customer Success Manager Senior,Elis,Puteaux,50000 - 60000 € BRUT ANNUEL,CDI,2026-10-03,2026-10-06
83576563,M1704,Customer Success Manager,CR OHMYJOB.,Paris,40000 - 50000 € BRUT ANNUEL,CDI,2026-09-21,2026-10-06
83028416,M1704,Customer Success Manager Saas,LHH Recruitment Solutions,Strasbourg,35000 - 43000 € BRUT ANNUEL,CDI,2026-10-05,2026-10-06
83387113,M1704,Customer Success Manager,All manager,Vitrolles,38000 - 40000 € BRUT ANNUEL,CDI,2026-09-16,2026-10-06
83901645,M1704,Customer Success Manager - Large Market,Hellowork group,Rennes,39000 - 46000 € BRUT ANNUEL,CDI,2026-09-30,2026-10-06
83899186,M1704,Customer Success Manager - Fintech - Crédit,Hunteo,Nantes,50000 - 55000 € BRUT ANNUEL,CDI,2026-09-30,2026-10-06
83571185,M1704,Customer Success Manager Responsable de la Satisfaction Client,GALILEO RH,Paris,35000 - 40000 € BRUT ANNUEL,CDI,2026-09-21,2026-10-06
83439427,M1704,Customer Success Manager - Déploiement,Team.is,Paris,50000 - 60000 € BRUT ANNUEL,CDI,2026-09-17,2026-10-06
82889704,M1704,Customer Success Manager Middle et Grands Comptes,Mercato de l'emploi,Montrouge,40000 - 45000 € BRUT ANNUEL,CDI,2026-10-01,2026-10-06
83619896,M1704,Customer Success Manager SAP S - 4Hana,Skaelia,Puteaux,60000 - 100000 € BRUT ANNUEL,CDI,2026-09-22,2026-10-06
83193086,M1704,Customer Success Manager,AXIOME ASSOCIES,Montpellier,30000 - 35000 € BRUT ANNUEL,CDI,2026-09-09,2026-10-06
83148495,M1704,Customer Success Manager,Groupe 3W,Vitrolles,38000 - 42000 € BRUT ANNUEL,CDI,2026-09-08,2026-10-06
81059178,M1704,Customer Success Manager,Kel Quartier,Paris,38000 - 40000 € BRUT ANNUEL,CDI,2026-09-07,2026-10-06
78850174,M1704,Customer Success Manager Grands Comptes,MyUnisoft,Montigny-le-Bretonneux - Rambouillet,42000 - 44000 € BRUT ANNUEL,CDI,2026-09-08,2026-10-06
83780792,M1704,Customer Success Delivery Manager - CDI - Lyon 69002,BON TALENT,Lyon,60000 - 70000 € BRUT ANNUEL,CDI,2026-09-26,2026-10-06
81485573,M1704,Customer Success - Key Account Manager - Rétention & Expansion · Edtec,AlumnForce,Paris,40000 - 46000 € BRUT ANNUEL,CDI,2026-09-20,2026-10-06
84001171,M1704,Référent Expérience Client,Volkswagen,Mérignac,33600 € BRUT ANNUEL,CDI,2026-10-02,2026-10-06
83890187,M1704,Head Of Customer Success,Le CabRH,Montivilliers,45000 - 50000 € BRUT ANNUEL,CDI,2026-09-30,2026-10-06
83711304,M1704,Head Of Customer Success - Saas,UPTOO,Paris,80000 - 90000 € BRUT ANNUEL,CDI,2026-09-24,2026-10-06
83571151,M1704,Csm Junior,GALILEO RH,Paris,35000 - 40000 € BRUT ANNUEL,CDI,2026-09-21,2026-10-06
83410406,M1704,Customer Success,LegalPlace,Montpellier,26000 € BRUT ANNUEL,CDI,2026-09-16,2026-10-06
83523617,M1704,Customer Success - ai Search Strategist Marché Hispanophone,Meteoria,Levallois-Perret,32000 - 38000 € BRUT ANNUEL,CDI,2026-09-19,2026-10-06
84036434,M1704,Customer Success Manager,50 Partners,Paris,35000 - 40000 € BRUT ANNUEL,CDI,2026-10-03,2026-10-06
80974847,M1704,Customer Success Manager,50 Partners,Paris,12000 - 14400 € BRUT ANNUEL,,2026-10-04,2026-10-06
84097003,M1704,Customer Success Manager - Hublo Planning - N,Hublot,Paris,55000 - 60000 € BRUT ANNUEL,CDI,2026-10-06,2026-10-06
80882090,M1704,Responsable Service Clients,Still,Chambéry,49400 - 55900 € BRUT ANNUEL,CDI,2026-10-03,2026-10-06
82913644,M1704,Responsable Service Clients,L'Entrepôt du Bricolage,Saint-Jean-de-Moirans,28000 - 36000 € BRUT ANNUEL,CDI,2026-10-02,2026-10-06
83862174,M1704,Responsable Service Client,Disposur,Toulouse,32000 - 36000 € BRUT ANNUEL,CDI,2026-09-29,2026-10-06
82804777,M1704,Responsable Service Client,Difuz Job,Bois-Colombes,45000 - 55000 € BRUT ANNUEL,CDI,2026-09-28,2026-10-06
82943798,M1704,Responsable Service Clients,DK Consulting,Évreux,55000 - 65000 € BRUT ANNUEL,CDI,2026-10-03,2026-10-06
83836752,M1704,Responsable Service Clients,Vivre en Bois,Aix-en-Provence,33600 - 42000 € BRUT ANNUEL,CDI,2026-09-28,2026-10-06
84041977,M1704,Responsable Service Clients,Iziwork,Le Vaudreuil,28800 - 31200 € BRUT ANNUEL,Intérim,2026-10-03,2026-10-06
83769237,M1704,Responsable Service Client,Spartoo,Grenoble,30000 - 45000 € BRUT ANNUEL,CDI,2026-09-26,2026-10-06
83646469,M1704,Responsable Service Client,BEHIVE,Toulouse,30000 - 35000 € BRUT ANNUEL,CDI,2026-09-23,2026-10-06
81674046,M1704,Responsable Service Clients,Tecnomat (ex Bricoman),Cappelle-la-Grande,5907 - 21876 € BRUT ANNUEL,,2026-09-24,2026-10-06
83950603,M1704,Responsable du Service Clients,LHH Recruitment Solutions,Pérols,30000 - 35000 € BRUT ANNUEL,CDI,2026-10-01,2026-10-06
83532101,M1704,Responsable Service Client,Andrew Staffing,Orléans,36000 € BRUT ANNUEL,CDI,2026-09-19,2026-10-06
80217692,M1704,Responsable Service Clients,Still,Metz,49400 - 55900 € BRUT ANNUEL,CDI,2026-09-17,2026-10-06
83775180,M1704,Responsable Service Clients & ADV,AELIOS Recrutement,Fontaine,42000 - 46000 € BRUT ANNUEL,CDI,2026-09-26,2026-10-06
81359797,M1704,Responsable Service Clients,STACI,Le Plessis-Pâté,43000 - 45000 € BRUT ANNUEL,CDI,2026-09-15,2026-10-06
83361438,M1704,Responsable Service Client,Identités Remarquables,Montigny-le-Bretonneux,55000 - 60000 € BRUT ANNUEL,CDI,2026-09-15,2026-10-06
79583682,M1704,Responsable Service Clients Dommages aux Biens,Groupement Mousquetaires,Vert-le-Grand,60000 - 65000 € BRUT ANNUEL,CDI,2026-09-29,2026-10-06
83855897,M1704,Responsable Service Clients et Concept Store,Le CabRH,La Garenne-Colombes,38000 - 45000 € BRUT ANNUEL,CDI,2026-09-29,2026-10-06
83678152,M1704,Responsable Service Client Maintenance et SAV,Manpower France,Chambéry,45000 - 60000 € BRUT ANNUEL,CDI,2026-09-24,2026-10-06
82970100,M1704,Manager Service Client,Protectline,Noisy-le-Grand,36000 - 38000 € BRUT ANNUEL,CDI,2026-10-03,2026-10-06
83988391,M1704,Manager Service Client,Bouygues Telecom,Bourges,35000 - 45000 € BRUT ANNUEL,CDI,2026-10-02,2026-10-06
83981068,M1704,Manager Service Client,Bouygues Telecom,Illkirch-Graffenstaden,35000 - 45000 € BRUT ANNUEL,CDI,2026-10-02,2026-10-06
83986791,M1704,Manager Service Clients,L'Entrepôt du Bricolage,Échirolles,38000 - 45000 € BRUT ANNUEL,CDI,2026-10-02,2026-10-06
83924456,M1704,Manager Service Clients,Tecnomat (ex Bricoman),Bonneuil-sur-Marne,38000 - 45000 € BRUT ANNUEL,CDI,2026-09-30,2026-10-06
83173255,M1704,Responsable Service Client,Robert Half,Montigny-le-Bretonneux,45000 - 55000 € BRUT ANNUEL,Intérim,2026-09-09,2026-10-06
82077877,M1704,Manager Service Clients Btob,Jean Paul Galibert Institut,Béthune,38000 - 48000 € BRUT ANNUEL,CDI,2026-10-06,2026-10-06
83355938,M1704,Manager Service Clients,Tecnomat (ex Bricoman),Montivilliers,38000 - 45000 € BRUT ANNUEL,CDI,2026-09-15,2026-10-06
83563570,M1704,Manager Service Client - CDI,Boulanger,Arques,33600 € BRUT ANNUEL,CDI,2026-09-20,2026-10-06
83599752,M1704,Manager Service Client - Seine et Marne CDI,Boulanger,Claye-Souilly,36000 - 40000 € BRUT ANNUEL,CDI,2026-09-22,2026-10-06
81468172,M1704,Manager Service Client - Briey 54,Actual Talent,Val de Briey,40000 - 42000 € BRUT ANNUEL,CDI,2026-09-20,2026-10-06
83582434,M1704,Manager Service Client - CDI Bassin Normand,Boulanger,Barentin,33600 € BRUT ANNUEL,CDI,2026-09-21,2026-10-06
83582431,M1704,Manager Service Client - CDI Bassin Breton,Boulanger,Lorient,33600 € BRUT ANNUEL,CDI,2026-09-21,2026-10-06
83582437,M1704,Manager Service Client - CDI Région Nantaise,Boulanger,Trignac,33600 € BRUT ANNUEL,CDI,2026-09-21,2026-10-06
83600174,M1704,Manager Service Client - Région Paris - Ile de France CDI,Boulanger,Paris,36000 - 40000 € BRUT ANNUEL,CDI,2026-09-22,2026-10-06
84065370,M1704,Experts Service Client CDD - CDI - Temps Plein - Temps Partiel,Boulanger,La Garde,22320 € BRUT ANNUEL,CDI,2026-10-04,2026-10-06
83873758,M1704,Lead Customer Care & IA,Cabaia,Paris,40000 - 50000 € BRUT ANNUEL,CDI,2026-09-29,2026-10-06
80240001,M1704,Responsable Technique et Service Clients,Weishaupt,Reims,35000 € BRUT ANNUEL,CDI,2026-09-17,2026-10-06
82057691,D1402,Key Account Manager,Atalian Global Services,Noisy-le-Sec,60000 - 65000 € BRUT ANNUEL,CDI,2026-10-06,2026-10-06
82002921,D1402,Key Account Manager,Rubix France,Lyon,48000 - 60000 € BRUT ANNUEL,CDI,2026-10-05,2026-10-06
78622154,D1402,Key Account Manager,Mabéo Industries,Lyon,60000 - 75000 € BRUT ANNUEL,CDI,2026-10-01,2026-10-06
83999439,D1402,Key Account Manager,Team.is,Paris,40000 - 55000 € BRUT ANNUEL,CDI,2026-10-02,2026-10-06
83897044,D1402,Key Account Manager,AdhexPharma,Chenôve,50000 - 70000 € BRUT ANNUEL,CDI,2026-09-30,2026-10-06
81928648,D1402,Key Account Manager,Actual Talent,Paris,55000 - 65000 € BRUT ANNUEL,CDI,2026-10-01,2026-10-06
83864725,D1402,Key Account Manager,Proesa,Paris,43000 - 48000 € BRUT ANNUEL,CDI,2026-09-29,2026-10-06
83863323,D1402,Key Account Manager,DLSI France,Cluses,60000 - 70000 € BRUT ANNUEL,CDI,2026-09-29,2026-10-06
83787493,D1402,Key Account Manager,DEXIS,Vendin-le-Vieil,55000 - 60000 € BRUT ANNUEL,CDI,2026-09-26,2026-10-06
83787507,D1402,Key Account Manager,DEXIS,Saint-Herblain,55000 - 60000 € BRUT ANNUEL,CDI,2026-09-26,2026-10-06
80517537,D1402,Key Account Manager,Mabéo Industries,Lyon,60000 - 75000 € BRUT ANNUEL,CDI,2026-09-24,2026-10-06
84035751,D1402,Key Account Manager - Transport,UPTOO,Courbevoie,50000 - 80000 € BRUT ANNUEL,CDI,2026-10-03,2026-10-06
84029627,D1402,Key Account Manager - Industrie,Approach People Recruitment,Paris,45000 - 55000 € BRUT ANNUEL,CDI,2026-10-03,2026-10-06
83854980,D1402,Key Account Manager National,Proch'Emploi,Vitry-en-Artois,70000 € BRUT ANNUEL,CDI,2026-09-29,2026-10-06
83850465,D1402,Key Account Manager CHR,Potentiel Humain,Béziers,38400 € BRUT ANNUEL,CDI,2026-09-29,2026-10-06
83881857,D1402,Key Account Manager - Saas,Skaelia,Lyon,60000 - 80000 € BRUT ANNUEL,CDI,2026-09-29,2026-10-06
84000239,D1402,Key Account Manager Responsable Grands Comptes,Purecontrol,Rennes,40000 - 47000 € BRUT ANNUEL,CDI,2026-10-02,2026-10-06
82646003,D1402,Key Account Manager - Automobile,Impactup Cabinet Conseil.,Paris,70000 - 80000 € BRUT ANNUEL,CDI,2026-09-25,2026-10-06
74593497,D1402,Key Account Manager,Groupe Piment,Rungis,40000 - 45000 € BRUT ANNUEL,CDI,2026-09-16,2026-10-06
83963148,D1402,Key Account Manager IT - ESN,Skaelia,Paris,65000 - 75000 € BRUT ANNUEL,CDI,2026-10-01,2026-10-06
81529373,D1402,Key Account Manager Transport,LM5P - Le Mouton à 5 Pattes,Gennevilliers,50000 - 70000 € BRUT ANNUEL,CDI,2026-09-21,2026-10-06
83638527,D1402,Key Account Manager Responsable Grands Comptes,Yantec,Clichy,50000 - 60000 € BRUT ANNUEL,CDI,2026-09-23,2026-10-06
77056219,D1402,Key Account Manager Responsable Grands Comptes,StarClay,Lille,30000 - 58000 € BRUT ANNUEL,CDI,2026-09-22,2026-10-06
83804079,D1402,Key Account Manager - Bnp Paribas,Skaelia,Paris,50000 - 65000 € BRUT ANNUEL,CDI,2026-09-26,2026-10-06
83791323,D1402,Key Account Manager Industrie Médicale,Talents Commerciaux,Versailles,45000 - 50000 € BRUT ANNUEL,CDI,2026-09-26,2026-10-06
83734596,D1402,Key Account Manager - Travel Retail,OpenSourcing,Boulogne-Billancourt,60000 - 65000 € BRUT ANNUEL,CDI,2026-09-25,2026-10-06
79126396,D1402,Key Account Manager Aéronautique,Impactup Cabinet Conseil.,Toulouse,70000 - 80000 € BRUT ANNUEL,CDI,2026-09-18,2026-10-06
82024644,D1402,Key Account Manager Food Service - RHD,Teisseire,Crolles,42000 - 48000 € BRUT ANNUEL,CDI,2026-10-05,2026-10-06
83717274,D1402,Key Account Manager - Packaging Healthcare,Exolys,Paris,80000 - 100000 € BRUT ANNUEL,CDI,2026-09-25,2026-10-06
83994133,D1402,Key Account Manager Défense France et Europe,Orange,Saint-Denis,70000 - 90000 € BRUT ANNUEL,CDI,2026-10-02,2026-10-06
83959574,D1402,Key Account Manager IT - Secteur Industriel,Seyos,Le Plessis-Robinson,90000 - 120000 € BRUT ANNUEL,CDI,2026-10-01,2026-10-06
80289766,D1402,Key Account Manager Responsable Grands Comptes,Securitas Technology,Paris,48000 - 66000 € BRUT ANNUEL,CDI,2026-09-18,2026-10-06
83410387,D1402,Key Account Manager National,NXTFOOD - ACCRO,Vitry-en-Artois,70000 € BRUT ANNUEL,CDI,2026-09-16,2026-10-06
83434478,D1402,Key Account Manager - Cosmétique,NonStop Consulting,Alpes-de-Haute-Provence,46000 - 48000 € BRUT ANNUEL,CDI,2026-09-17,2026-10-06
83582921,D1402,Key Account Manager - Secteur Intérim,Henoris,Rouen,38000 - 46000 € BRUT ANNUEL,CDI,2026-09-21,2026-10-06
83840526,D1402,Key Account Manager Inside Transport Multimodal,Tercio,Marseille,34000 - 39000 € BRUT ANNUEL,CDI,2026-09-28,2026-10-06
83804100,D1402,Key Account Manager Senior - GMS - RHF,UPTOO,Lyon,60000 - 67000 € BRUT ANNUEL,CDI,2026-09-26,2026-10-06
82996116,D1402,Key Account Manager - Responsable Grands Comptes - Fabricant - Industr,Orso & Paoli,Somme,55000 - 70000 € BRUT ANNUEL,CDI,2026-10-04,2026-10-06
82996134,D1402,Key Account Manager - Responsable Grands Comptes - Fabricant Industrie,Orso & Paoli,,55000 - 70000 € BRUT ANNUEL,CDI,2026-10-04,2026-10-06
81339095,D1402,Key Account Manager Responsable Grands Comptes,StarClay,Puteaux,45000 - 80000 € BRUT ANNUEL,CDI,2026-09-15,2026-10-06
83470476,D1402,Key Account Manager - Sanitaire & CVC,UPTOO,Paris,55000 - 65000 € BRUT ANNUEL,CDI,2026-09-17,2026-10-06
79001755,D1402,Key Account Manager - Kam - Lyon,FindYourStaff,Lyon,30000 - 32000 € BRUT ANNUEL,CDI,2026-09-14,2026-10-06
83582649,D1402,Key Account Manager Secteur Intérim Responsable Grands Comptes,Henoris,Lyon,38000 - 46000 € BRUT ANNUEL,CDI,2026-09-21,2026-10-06
83277338,D1402,Key Account Manager France,Atral Group,Paris,45000 - 55000 € BRUT ANNUEL,CDI,2026-09-11,2026-10-06
81053396,D1402,Key Account Manager,Expleo,Toulouse,70000 € BRUT ANNUEL,CDI,2026-09-07,2026-10-06
83959604,D1402,Key Account Manager IT - Secteur Public-Santé-Social,Seyos,Le Plessis-Robinson,90000 - 120000 € BRUT ANNUEL,CDI,2026-10-01,2026-10-06
83508087,D1402,Key Account Manager Senior - GMS - RHF,UPTOO,Paris,60000 - 67000 € BRUT ANNUEL,CDI,2026-09-18,2026-10-06
74458797,D1402,Key Account Manager - Merchandising & Plv,Talents Commerciaux,Les Mureaux,70000 - 80000 € BRUT ANNUEL,CDI,2026-09-14,2026-10-06
79153807,D1402,Key Account Manager Saas Juridique Secteur Public,Emerite RH,Paris,52000 - 72000 € BRUT ANNUEL,CDI,2026-09-20,2026-10-06
83297823,D1402,Key Account Manager Marchés Publics,LHH Recruitment Solutions,Paris,70000 - 80000 € BRUT ANNUEL,CDI,2026-09-12,2026-10-06
82220857,D1402,Key Account Manager GMS - Mdd,Mercato de l'emploi,Épône,45000 - 60000 € BRUT ANNUEL,CDI,2026-09-11,2026-10-06
83233447,D1402,Key Account Manager International Saas,Emerite RH,Paris,60000 - 84000 € BRUT ANNUEL,CDI,2026-09-10,2026-10-06
81839008,D1402,Key Account Manager Organisations Complexes & Internationales - Leader,Emerite RH,Paris,60000 - 84000 € BRUT ANNUEL,CDI,2026-09-29,2026-10-06
81045830,D1402,Key Account Manager Junior,Kreno Consulting,Paris,50000 - 55000 € BRUT ANNUEL,CDI,2026-09-07,2026-10-06
73237268,D1402,Key Account Manager - Telecom - Paris,ALTEN,Boulogne-Billancourt,72000 € BRUT ANNUEL,CDI,2026-09-10,2026-10-06
81574642,D1402,Key Account Manager - Leader International Solutions Saas HSE & Confor,Emerite RH,Paris,60000 - 84000 € BRUT ANNUEL,CDI,2026-09-22,2026-10-06
83205757,D1402,Key Account Manager Internatrional - Industrie,Talents Commerciaux,Rhône,65000 - 75000 € BRUT ANNUEL,CDI,2026-09-10,2026-10-06
73239027,D1402,Key Account Manager - Transformation Digitale - Paris,ALTEN,Boulogne-Billancourt,72000 € BRUT ANNUEL,CDI,2026-09-12,2026-10-06
73237845,D1402,Key Account Manager - Banque Finance et Assurance,ALTEN,Paris,72000 € BRUT ANNUEL,CDI,2026-09-12,2026-10-06
82144507,D1402,Key Account Manager - Secteur Défense,Groupe ADF,Magny-les-Hameaux,70000 - 100000 € BRUT ANNUEL,CDI,2026-09-07,2026-10-06
82144436,D1402,Key Account Manager - Secteur Mobilité,Groupe ADF,Magny-les-Hameaux,50000 - 80000 € BRUT ANNUEL,CDI,2026-09-07,2026-10-06
83487850,D1402,Key Account Manager Fabricant Allemand - Solutions de Mesure Industrie,Orso & Paoli,,65000 - 75000 € BRUT ANNUEL,CDI,2026-09-18,2026-10-06
78442031,D1402,Key Account Manager - Automotive Industry,Approach People Recruitment,Paris,70000 - 80000 € BRUT ANNUEL,CDI,2026-09-07,2026-10-06
81540989,D1402,Key Account Manager Solutions Saas Conformité & HSE - Leader Internati,Emerite RH,Paris,60000 - 84000 € BRUT ANNUEL,CDI,2026-09-21,2026-10-06
83237456,D1402,Key Account Manager - Responsable Grands Comptes - Fabricant Industrie,Orso & Paoli,,55000 - 70000 € BRUT ANNUEL,CDI,2026-09-10,2026-10-06
83280654,D1402,Key Account Manager - Business Developer - Immobilier & Sites Vacants,BauWatch,Élancourt,55000 - 65000 € BRUT ANNUEL,CDI,2026-09-11,2026-10-06
80459952,D1402,National Key Account Manager - Grocery Retail,Approach People Recruitment,,45000 - 50000 € BRUT ANNUEL,CDI,2026-09-07,2026-10-06
83120600,D1402,Key Account Manager - Responsable Grands Comptes - Fabricant - Industr,Orso & Paoli,Seine-Maritime,55000 - 70000 € BRUT ANNUEL,CDI,2026-09-08,2026-10-06
83233445,D1402,Key Account Manager - Leader International Solutions Saas HSE & Confor,Emerite RH,Paris,60000 - 84000 € BRUT ANNUEL,CDI,2026-09-10,2026-10-06
82936377,D1402,Commercial Grands Comptes,Adamis,Paris,40000 - 80000 € BRUT ANNUEL,CDI,2026-10-03,2026-10-06
84101076,D1402,Responsable Commercial Grands Comptes,La Maison Bleue,Boulogne-Billancourt,38000 - 42000 € BRUT ANNUEL,CDI,2026-10-06,2026-10-06
82053698,D1402,Commercial Grands Comptes,Groupe Garnier,Le Mans,40000 - 50000 € BRUT ANNUEL,CDI,2026-10-06,2026-10-06
82053700,D1402,Commercial Grands Comptes,Groupe Garnier,Saint-Quentin,40000 - 50000 € BRUT ANNUEL,CDI,2026-10-06,2026-10-06
83041840,D1402,Responsable Grands Comptes,Metarom France,Boves,70000 - 90000 € BRUT ANNUEL,CDI,2026-10-05,2026-10-06
84100574,D1402,Responsable Commercial Grands Comptes,La Maison Bleue,Boulogne-Billancourt,38000 - 42000 € BRUT ANNUEL,CDI,2026-10-06,2026-10-06
80845345,D1402,Commercial Grands Comptes,Evolelec,Belfort,30000 € BRUT ANNUEL,CDI,2026-10-01,2026-10-06
80796145,D1402,Directeur Grands Comptes,DEXIS,Lyon,75000 - 80000 € BRUT ANNUEL,CDI,2026-10-01,2026-10-06
80866864,D1402,Account Executive,Meteoria,Marseille,28000 - 65000 € BRUT ANNUEL,CDI,2026-10-03,2026-10-06
84039247,D1402,Responsable Grands Comptes,L'Industrie recrute,Pont-à-Mousson,40000 € BRUT ANNUEL,CDI,2026-10-03,2026-10-06
82934490,D1402,Responsable Grands Comptes,CD Consulting,Saint-Pol-sur-Ternoise,65000 - 81000 € BRUT ANNUEL,CDI,2026-10-03,2026-10-06
81886364,D1402,Business Developer Grands Comptes,EPSA,Lyon,30000 € BRUT ANNUEL,CDI,2026-09-30,2026-10-06
84081841,D1402,Responsable Grands Comptes,TIMTARGETT,Pont-de-Chéruy,50000 - 60000 € BRUT ANNUEL,CDI,2026-10-05,2026-10-06
83904063,D1402,Commercial Grands Comptes,ADX Groupe,Vélizy-Villacoublay,40000 - 45000 € BRUT ANNUEL,CDI,2026-09-30,2026-10-06
83904050,D1402,Commercial Grands Comptes,ADX Groupe,Évry-Courcouronnes,35000 - 40000 € BRUT ANNUEL,CDI,2026-09-30,2026-10-06
83904023,D1402,Commercial Grands Comptes,ADX Groupe,Sainville,30000 - 35000 € BRUT ANNUEL,CDI,2026-09-30,2026-10-06
80786224,D1402,Responsable Grands Comptes,LHH Recruitment Solutions,Valenciennes,60000 - 75000 € BRUT ANNUEL,CDI,2026-10-01,2026-10-06
83943568,D1402,Commercial Grands Comptes,ADX Groupe,Senlis,35000 - 40000 € BRUT ANNUEL,CDI,2026-10-01,2026-10-06
83992433,D1402,Account Executive,Team.is,Paris,60000 - 80000 € BRUT ANNUEL,CDI,2026-10-02,2026-10-06
83990066,D1402,Directeur Grands Comptes,EXTEND CONSULTING,Paris,80000 - 85000 € BRUT ANNUEL,CDI,2026-10-02,2026-10-06
84081848,D1402,Responsable Grands Comptes,TIMTARGETT,Corbas,50000 - 65000 € BRUT ANNUEL,CDI,2026-10-05,2026-10-06
79810993,D1402,Account Executive,LM5P - Le Mouton à 5 Pattes,Marseille,30000 - 39000 € BRUT ANNUEL,CDI,2026-10-05,2026-10-06
81969432,D1402,Responsable Grands Comptes,HORUS CONSEILS,Nantes,45000 - 65000 € BRUT ANNUEL,CDI,2026-10-04,2026-10-06
83903958,D1402,Commercial Grands Comptes,ADX Groupe,Argenteuil,40000 - 45000 € BRUT ANNUEL,CDI,2026-09-30,2026-10-06
83904116,D1402,Commercial Grands Comptes,ADX Groupe,Parçay-Meslay,35000 - 40000 € BRUT ANNUEL,CDI,2026-09-30,2026-10-06
83882998,D1402,Responsable Comptes Clés,BILS DEROO,Sin-le-Noble,40000 - 50000 € BRUT ANNUEL,CDI,2026-09-29,2026-10-06
83924008,D1402,Responsable Grands Comptes,Epalia,,45000 - 55000 € BRUT ANNUEL,CDI,2026-09-30,2026-10-06
83952274,D1402,Responsable Grands Comptes,Jobberry - Commercial,Paris,55000 - 70000 € BRUT ANNUEL,CDI,2026-10-01,2026-10-06
81873596,D1402,Responsable Grands Comptes,Red Hot Talents,Paris,70000 - 90000 € BRUT ANNUEL,CDI,2026-09-30,2026-10-06
82607389,D1402,Responsable Grands Comptes,Staff'U,Neuville-sur-Saône,45000 - 63000 € BRUT ANNUEL,CDI,2026-09-24,2026-10-06
83597190,D1402,Responsable Grands Comptes,Actual Talent,La Ferté-Bernard,45000 - 55000 € BRUT ANNUEL,CDI,2026-09-22,2026-10-06
68556006,D1402,Responsable Grands Comptes Senior,ACCEO,Rueil-Malmaison,50000 - 60000 € BRUT ANNUEL,CDI,2026-10-01,2026-10-06
82464142,D1402,Responsable Grands Comptes,Stéphanoise & Mediac,Beynost,45000 - 65000 € BRUT ANNUEL,CDI,2026-09-19,2026-10-06
82845793,D1402,Responsable Grands Comptes - Industrie,Talents Commerciaux,Tours,50000 - 70000 € BRUT ANNUEL,CDI,2026-10-01,2026-10-06
82845901,D1402,Responsable Grands Comptes - Industrie,Talents Commerciaux,Orléans,50000 - 70000 € BRUT ANNUEL,CDI,2026-10-01,2026-10-06
82936281,D1402,Responsable Commercial Grands Comptes,EOL GROUP,Saint-Denis,50000 - 62000 € BRUT ANNUEL,CDI,2026-10-03,2026-10-06
80862594,D1402,Responsable Grands Comptes Resto Commerciale,Marco polo Performance,Santeny,50000 - 55000 € BRUT ANNUEL,CDI,2026-10-03,2026-10-06
79754708,D1402,Responsable Grands Comptes- Marchés Publics,Acute Search,Hauts-de-Seine,80000 - 100000 € BRUT ANNUEL,CDI,2026-10-05,2026-10-06
84071417,D1402,Responsable Grands Comptes et Développement Commercial,Voluntae,Lille,60000 - 65000 € BRUT ANNUEL,CDI,2026-10-05,2026-10-06
81793111,D1402,Responsable Développement Grands Comptes,CODA LA CIOTAT,La Ciotat,35000 € BRUT ANNUEL,CDI,2026-09-28,2026-10-06
83850794,D1402,Responsable Grands Comptes Assurance Construction,TALENTIS RH FINANCE,Toulouse,45000 - 65000 € BRUT ANNUEL,CDI,2026-09-29,2026-10-06
81674018,D1402,Responsable Développement Grands Comptes,MNT Mutuelle Nationale Territoriale,Rouen,38000 - 45000 € BRUT ANNUEL,CDI,2026-09-24,2026-10-06
82610822,D1402,Responsable Développement Grands Comptes,HR Link,,55000 - 90000 € BRUT ANNUEL,CDI,2026-09-24,2026-10-06
83755766,D1402,Responsable Grands Comptes Soudure - National,Team.is,Strasbourg,60000 - 85000 € BRUT ANNUEL,CDI,2026-09-25,2026-10-06
83755760,D1402,Responsable Grands Comptes Soudure - National,Team.is,Nice,60000 - 85000 € BRUT ANNUEL,CDI,2026-09-25,2026-10-06
83755738,D1402,Responsable Grands Comptes Soudure - National,Team.is,Clermont-Ferrand,60000 - 85000 € BRUT ANNUEL,CDI,2026-09-25,2026-10-06
83752106,D1402,Responsable Grands Comptes Soudure - National,Team.is,Paris,60000 - 85000 € BRUT ANNUEL,CDI,2026-09-25,2026-10-06
83752207,D1402,Responsable Grands Comptes Soudure - National,Team.is,Lille,60000 - 85000 € BRUT ANNUEL,CDI,2026-09-25,2026-10-06
83752175,D1402,Responsable Grands Comptes Soudure - National,Team.is,Toulouse,60000 - 85000 € BRUT ANNUEL,CDI,2026-09-25,2026-10-06
83752172,D1402,Responsable Grands Comptes Soudure - National,Team.is,Marseille,60000 - 85000 € BRUT ANNUEL,CDI,2026-09-25,2026-10-06
83752145,D1402,Responsable Grands Comptes Soudure - National,Team.is,Lyon,60000 - 85000 € BRUT ANNUEL,CDI,2026-09-25,2026-10-06
83752083,D1402,Responsable Grands Comptes Soudure - National,Team.is,Nantes,60000 - 85000 € BRUT ANNUEL,CDI,2026-09-25,2026-10-06
83755780,D1402,Responsable Grands Comptes Soudure - National,Team.is,Montpellier,60000 - 85000 € BRUT ANNUEL,CDI,2026-09-25,2026-10-06
83752092,D1402,Responsable Grands Comptes Soudure - National,Team.is,Bordeaux,60000 - 85000 € BRUT ANNUEL,CDI,2026-09-25,2026-10-06
81539648,D1402,Responsable Développement Grands Comptes,MNT Mutuelle Nationale Territoriale,Bordeaux,38000 - 45000 € BRUT ANNUEL,CDI,2026-09-21,2026-10-06
83272614,D1402,Responsable Grands Comptes,Acute Search,,70000 - 120000 € BRUT ANNUEL,CDI,2026-09-11,2026-10-06
75190899,D1402,Responsable Grands Comptes - Formation Prévention - Risques Profession,Savpro,Bezons,65000 - 70000 € BRUT ANNUEL,CDI,2026-10-01,2026-10-06
81578238,D1402,Responsable Grands Comptes Régional Idf Confirmé,Effektiv,Paris,62000 - 69000 € BRUT ANNUEL,CDI,2026-09-22,2026-10-06
83236500,D1402,Responsable Grands Comptes - Kam,PerfHomme,Clermont-Ferrand,40000 - 45000 € BRUT ANNUEL,CDI,2026-09-10,2026-10-06
80631401,D1402,Responsable Grands Comptes Nationaux Fabricant Climatisation 92F - H H,ANTHROPY Thermo Conseils,Nanterre,55000 - 70000 € BRUT ANNUEL,CDI,2026-09-26,2026-10-06
83477454,D1402,Responsable Commercial Grands Comptes,HYPERION CONSULTING,Joigny,50000 - 70000 € BRUT ANNUEL,CDI,2026-09-18,2026-10-06
80509069,D1402,Responsable Secteurs Grands Comptes Immobilier,Focus Recrutement,Strasbourg,30000 - 60000 € BRUT ANNUEL,CDI,2026-09-24,2026-10-06
83949661,D1402,Commercial Grands Comptes,Eriva RH,Saint-Étienne,48000 - 52000 € BRUT ANNUEL,CDI,2026-10-01,2026-10-06
83001980,D1402,Responsable Commercial Grands Comptes Aéronautique & Défense,BPRH,,60000 - 80000 € BRUT ANNUEL,CDI,2026-10-04,2026-10-06
70870835,D1402,Responsable Comptes Clés,MDC RECRUTEMENT,Yvelines,70000 - 100000 € BRUT ANNUEL,CDI,2026-10-01,2026-10-06
83354828,D1402,Responsable Développement Grands Comptes,MNT Mutuelle Nationale Territoriale,Haute-Saône,38000 - 45000 € BRUT ANNUEL,CDI,2026-09-15,2026-10-06
78385798,D1402,Commercial Grands Comptes,Scutum,Le Plessis-Trévise,36000 - 42000 € BRUT ANNUEL,CDI,2026-09-25,2026-10-06
81735642,D1402,Commercial Grands Comptes,City Pro,Montussan,37200 - 49200 € BRUT ANNUEL,CDI,2026-09-27,2026-10-06
80663328,D1402,Commercial Grands Comptes,Artus Recrutements,Marne,33000 - 38000 € BRUT ANNUEL,CDI,2026-09-26,2026-10-06
82804578,D1402,Responsable Comptes Clés,Actual Talent,Saint-Maixent-l'École,70000 - 100000 € BRUT ANNUEL,CDI,2026-09-28,2026-10-06
83937297,D1402,Account Executive,Groupe Menway,Paris,55000 - 70000 € BRUT ANNUEL,CDI,2026-10-01,2026-10-06
83717301,D1402,Commercial Grands Comptes,LHH Recruitment Solutions,Le Port,33000 - 37000 € BRUT ANNUEL,CDI,2026-09-25,2026-10-06
83690960,D1402,Commercial Grands Comptes,Exaltan RH,Saint-Étienne,40000 - 60000 € BRUT ANNUEL,CDI,2026-09-24,2026-10-06
82836614,D1402,Account Executive,GALILEO RH,Paris,70000 - 90000 € BRUT ANNUEL,CDI,2026-09-30,2026-10-06
83950268,M1707,Directeur Commercial,Banana Moon,Nice,40800 - 60000 € BRUT ANNUEL,CDI,2026-10-01,2026-10-06
83939040,M1707,Directeur Commercial,À Lundi,Arcangues,24000 € BRUT ANNUEL,CDI,2026-10-01,2026-10-06
83968124,M1707,Directeur Commercial,DIP SA,Marseille,70000 € BRUT ANNUEL,CDI,2026-10-01,2026-10-06
81836499,M1707,Directeur Commercial,SMURFIT WESTROCK,Gétigné,80000 - 110000 € BRUT ANNUEL,CDI,2026-09-29,2026-10-06
83843703,M1707,Directeur Commercial,Groupement Interprofessionnel Europ,Orléans,35000 - 40000 € BRUT ANNUEL,CDI,2026-09-29,2026-10-06
83888059,M1707,Directeur Commercial,CD Consulting,Wambrechies,70000 - 110000 € BRUT ANNUEL,CDI,2026-09-29,2026-10-06
83933697,M1707,Directeur Commercial,MLR PARTNER,Reims,100000 - 120000 € BRUT ANNUEL,CDI,2026-10-01,2026-10-06
83879961,M1707,Directeur Commercial,Partnaire,Ladon,90000 - 130000 € BRUT ANNUEL,CDI,2026-09-29,2026-10-06
80651957,M1707,Directeur Commercial,Comodis,Vénissieux,50000 - 65000 € BRUT ANNUEL,CDI,2026-09-27,2026-10-06
79459112,M1707,Directeur Commercial,Job Staging,,60000 - 80000 € BRUT ANNUEL,CDI,2026-09-28,2026-10-06
80815383,M1707,Directeur Commercial,Side by randstad,Clermont-Ferrand,50000 - 55000 € BRUT ANNUEL,Intérim,2026-10-01,2026-10-06
83711197,M1707,Directeur Commercial,Groupement Interprofessionnel Europ,Nice,45000 - 70000 € BRUT ANNUEL,CDI,2026-09-24,2026-10-06
83714459,M1707,Directeur Commercial,Association Rungis Groupement Emplo,Morangis,36000 - 60000 € BRUT ANNUEL,CDI,2026-09-24,2026-10-06
83711191,M1707,Directeur Commercial,Groupement Interprofessionnel Europ,Lyon,45000 - 70000 € BRUT ANNUEL,CDI,2026-09-24,2026-10-06
83711169,M1707,Directeur Commercial,Groupement Interprofessionnel Europ,Orléans,45000 - 70000 € BRUT ANNUEL,CDI,2026-09-24,2026-10-06
83629945,M1707,Directeur Commercial,Groupement Interprofessionnel Europ,Lyon,45000 - 70000 € BRUT ANNUEL,CDI,2026-09-22,2026-10-06
78483119,M1707,Directeur Commercial Bâtiments,Boisdron et Associés,Paris,65000 - 90000 € BRUT ANNUEL,CDI,2026-09-29,2026-10-06
83628959,M1707,Directeur Commercial,Groupement Interprofessionnel Europ,Nice,45000 - 70000 € BRUT ANNUEL,CDI,2026-09-22,2026-10-06
81308950,M1707,Directeur Commercial,LM5P - Le Mouton à 5 Pattes,Marseille,50000 - 70000 € BRUT ANNUEL,CDI,2026-09-23,2026-10-06
71561063,M1707,Directeur Commercial,ADEIS RH,Cholet,65000 - 70000 € BRUT ANNUEL,CDI,2026-09-20,2026-10-06
84042420,M1707,Directeur Commercial GSS,ATTEVIO,Lyon,60000 - 72000 € BRUT ANNUEL,CDI,2026-10-03,2026-10-06
83905420,M1707,Directeur Commercial - Quincaillerie,UPTOO,Bourg-en-Bresse,75000 - 85000 € BRUT ANNUEL,CDI,2026-09-30,2026-10-06
82463666,M1707,Directeur Commercial,Keyman,Rhône,110000 - 140000 € BRUT ANNUEL,CDI,2026-09-19,2026-10-06
83860235,M1707,Directeur Commercial Hypermarche,Mercato de l'emploi,Montargis,55000 - 75000 € BRUT ANNUEL,CDI,2026-09-29,2026-10-06
83538162,M1707,Directeur Commercial,BERYL & CHARLES,Nantes,80000 € BRUT ANNUEL,CDI,2026-09-19,2026-10-06
81760672,M1707,Directeur Commercial Adjoint,Manpower France,Vannes,60000 - 70000 € BRUT ANNUEL,CDI,2026-09-27,2026-10-06
84072926,M1707,Directeur Commercial en Reconversion,Lynx RH,Chartres,50000 - 100000 € BRUT ANNUEL,,2026-10-05,2026-10-06
84071651,M1707,Directeur Commercial en Reconversion,Lynx RH,Metz,50000 - 100000 € BRUT ANNUEL,,2026-10-05,2026-10-06
84036150,M1707,Directeur Commercial Indépendant,Prospactive,Carcassonne,30000 - 110000 € BRUT ANNUEL,,2026-10-03,2026-10-06
84036050,M1707,Directeur Commercial Indépendant,Prospactive,Albi,30000 - 110000 € BRUT ANNUEL,,2026-10-03,2026-10-06
84036045,M1707,Directeur Commercial Indépendant,Prospactive,Ajaccio,30000 - 110000 € BRUT ANNUEL,,2026-10-03,2026-10-06
84036037,M1707,Directeur Commercial Indépendant,Prospactive,Châteauroux,30000 - 110000 € BRUT ANNUEL,,2026-10-03,2026-10-06
84036035,M1707,Directeur Commercial Indépendant,Prospactive,Chaumont,30000 - 110000 € BRUT ANNUEL,,2026-10-03,2026-10-06
84036011,M1707,Directeur Commercial Indépendant,Prospactive,Amiens,30000 - 110000 € BRUT ANNUEL,,2026-10-03,2026-10-06
84035990,M1707,Directeur Commercial Indépendant,Prospactive,Nice,30000 - 110000 € BRUT ANNUEL,,2026-10-03,2026-10-06
84035988,M1707,Directeur Commercial Indépendant,Prospactive,Bourg-en-Bresse,30000 - 110000 € BRUT ANNUEL,,2026-10-03,2026-10-06
84035980,M1707,Directeur Commercial Indépendant,Prospactive,Bourges,30000 - 110000 € BRUT ANNUEL,,2026-10-03,2026-10-06
84035870,M1707,Directeur Commercial Indépendant,Prospactive,Tarbes,30000 - 110000 € BRUT ANNUEL,,2026-10-03,2026-10-06
84035864,M1707,Directeur Commercial Indépendant,Prospactive,Clermont-Ferrand,30000 - 110000 € BRUT ANNUEL,,2026-10-03,2026-10-06
84035855,M1707,Directeur Commercial Indépendant,Prospactive,Périgueux,30000 - 110000 € BRUT ANNUEL,,2026-10-03,2026-10-06
84035820,M1707,Directeur Commercial Indépendant,Prospactive,Avignon,30000 - 110000 € BRUT ANNUEL,,2026-10-03,2026-10-06
84035791,M1707,Directeur Commercial Indépendant,Prospactive,Colmar,30000 - 110000 € BRUT ANNUEL,,2026-10-03,2026-10-06
84035889,M1707,Directeur Commercial Indépendant,Prospactive,Arras,30000 - 110000 € BRUT ANNUEL,,2026-10-03,2026-10-06
84035862,M1707,Directeur Commercial Indépendant,Prospactive,Lons-le-Saunier,30000 - 110000 € BRUT ANNUEL,,2026-10-03,2026-10-06
84035792,M1707,Directeur Commercial Indépendant,Prospactive,Pau,30000 - 110000 € BRUT ANNUEL,,2026-10-03,2026-10-06
84035742,M1707,Directeur Commercial Indépendant,Prospactive,Dijon,30000 - 110000 € BRUT ANNUEL,,2026-10-03,2026-10-06
84035713,M1707,Directeur Commercial Indépendant,Prospactive,Cahors,30000 - 110000 € BRUT ANNUEL,,2026-10-03,2026-10-06
84035698,M1707,Directeur Commercial Indépendant,Prospactive,Agen,30000 - 110000 € BRUT ANNUEL,,2026-10-03,2026-10-06
84035695,M1707,Directeur Commercial Indépendant,Prospactive,Quimper,30000 - 110000 € BRUT ANNUEL,,2026-10-03,2026-10-06
84035644,M1707,Directeur Commercial Indépendant,Prospactive,Rodez,30000 - 110000 € BRUT ANNUEL,,2026-10-03,2026-10-06
84035558,M1707,Directeur Commercial Indépendant,Prospactive,Saint-Étienne,30000 - 110000 € BRUT ANNUEL,,2026-10-03,2026-10-06
84035496,M1707,Directeur Commercial Indépendant,Prospactive,Bobigny,30000 - 110000 € BRUT ANNUEL,,2026-10-03,2026-10-06
84035482,M1707,Directeur Commercial Indépendant,Prospactive,Metz,30000 - 110000 € BRUT ANNUEL,,2026-10-03,2026-10-06
84035444,M1707,Directeur Commercial Indépendant,Prospactive,Guéret,30000 - 110000 € BRUT ANNUEL,,2026-10-03,2026-10-06
84035432,M1707,Directeur Commercial Indépendant,Prospactive,Perpignan,30000 - 110000 € BRUT ANNUEL,,2026-10-03,2026-10-06
84035405,M1707,Directeur Commercial Indépendant,Prospactive,Angoulême,30000 - 110000 € BRUT ANNUEL,,2026-10-03,2026-10-06
84035368,M1707,Directeur Commercial Indépendant,Prospactive,Privas,30000 - 110000 € BRUT ANNUEL,,2026-10-03,2026-10-06
84035321,M1707,Directeur Commercial Indépendant,Prospactive,Lille,30000 - 110000 € BRUT ANNUEL,,2026-10-03,2026-10-06
84035231,M1707,Directeur Commercial Indépendant,Prospactive,Montpellier,30000 - 110000 € BRUT ANNUEL,,2026-10-03,2026-10-06
84035117,M1707,Directeur Commercial Indépendant,Prospactive,Versailles,30000 - 110000 € BRUT ANNUEL,,2026-10-03,2026-10-06
84035074,M1707,Directeur Commercial Indépendant,Prospactive,Niort,30000 - 110000 € BRUT ANNUEL,,2026-10-03,2026-10-06
84035771,M1707,Directeur Commercial Indépendant,Prospactive,Saint-Brieuc,30000 - 110000 € BRUT ANNUEL,,2026-10-03,2026-10-06
84035761,M1707,Directeur Commercial Indépendant,Prospactive,Mâcon,30000 - 110000 € BRUT ANNUEL,,2026-10-03,2026-10-06
84035737,M1707,Directeur Commercial Indépendant,Prospactive,Mont-de-Marsan,30000 - 110000 € BRUT ANNUEL,,2026-10-03,2026-10-06
84035732,M1707,Directeur Commercial Indépendant,Prospactive,Alençon,30000 - 110000 € BRUT ANNUEL,,2026-10-03,2026-10-06
84035681,M1707,Directeur Commercial Indépendant,Prospactive,Chartres,30000 - 110000 € BRUT ANNUEL,,2026-10-03,2026-10-06
84035659,M1707,Directeur Commercial Indépendant,Prospactive,Nancy,30000 - 110000 € BRUT ANNUEL,,2026-10-03,2026-10-06
84035650,M1707,Directeur Commercial Indépendant,Prospactive,Bastia,30000 - 110000 € BRUT ANNUEL,,2026-10-03,2026-10-06
84035636,M1707,Directeur Commercial Indépendant,Prospactive,Lyon,30000 - 110000 € BRUT ANNUEL,,2026-10-03,2026-10-06
84035601,M1707,Directeur Commercial Indépendant,Prospactive,Laval,30000 - 110000 € BRUT ANNUEL,,2026-10-03,2026-10-06
84035577,M1707,Directeur Commercial Indépendant,Prospactive,Créteil,30000 - 110000 € BRUT ANNUEL,,2026-10-03,2026-10-06
84035531,M1707,Directeur Commercial Indépendant,Prospactive,Nanterre,30000 - 110000 € BRUT ANNUEL,,2026-10-03,2026-10-06
84035514,M1707,Directeur Commercial Indépendant,Prospactive,Laon,30000 - 110000 € BRUT ANNUEL,,2026-10-03,2026-10-06
84035503,M1707,Directeur Commercial Indépendant,Prospactive,Besançon,30000 - 110000 € BRUT ANNUEL,,2026-10-03,2026-10-06
84035483,M1707,Directeur Commercial Indépendant,Prospactive,Nantes,30000 - 110000 € BRUT ANNUEL,,2026-10-03,2026-10-06
84035472,M1707,Directeur Commercial Indépendant,Prospactive,Gap,30000 - 110000 € BRUT ANNUEL,,2026-10-03,2026-10-06
84035460,M1707,Directeur Commercial Indépendant,Prospactive,Montauban,30000 - 110000 € BRUT ANNUEL,,2026-10-03,2026-10-06
84035454,M1707,Directeur Commercial Indépendant,Prospactive,Troyes,30000 - 110000 € BRUT ANNUEL,,2026-10-03,2026-10-06
84035435,M1707,Directeur Commercial Indépendant,Prospactive,Châlons-en-Champagne,30000 - 110000 € BRUT ANNUEL,,2026-10-03,2026-10-06
84035193,M1707,Directeur Commercial Indépendant,Prospactive,Melun,30000 - 110000 € BRUT ANNUEL,,2026-10-03,2026-10-06
84035142,M1707,Directeur Commercial Indépendant,Prospactive,Marseille,30000 - 110000 € BRUT ANNUEL,,2026-10-03,2026-10-06
83994636,M1707,Directeur Commercial en Reconversion,Lynx RH,Pau,50000 - 100000 € BRUT ANNUEL,,2026-10-02,2026-10-06
82697976,M1707,Directeur Commercial et Partenariats,IKIWAY,Pontarlier,60000 - 75000 € BRUT ANNUEL,CDI,2026-09-26,2026-10-06
84036163,M1707,Directeur Commercial Indépendant,Prospactive,Évry-Courcouronnes,30000 - 110000 € BRUT ANNUEL,,2026-10-03,2026-10-06
84036144,M1707,Directeur Commercial Indépendant,Prospactive,Charleville-Mézières,30000 - 110000 € BRUT ANNUEL,,2026-10-03,2026-10-06
84036116,M1707,Directeur Commercial Indépendant,Prospactive,Rouen,30000 - 110000 € BRUT ANNUEL,,2026-10-03,2026-10-06
84036109,M1707,Directeur Commercial Indépendant,Prospactive,La Roche-sur-Yon,30000 - 110000 € BRUT ANNUEL,,2026-10-03,2026-10-06
84036076,M1707,Directeur Commercial Indépendant,Prospactive,Belfort,30000 - 110000 € BRUT ANNUEL,,2026-10-03,2026-10-06
84036065,M1707,Directeur Commercial Indépendant,Prospactive,Nîmes,30000 - 110000 € BRUT ANNUEL,,2026-10-03,2026-10-06
84035991,M1707,Directeur Commercial Indépendant,Prospactive,Tours,30000 - 110000 € BRUT ANNUEL,,2026-10-03,2026-10-06
84035933,M1707,Directeur Commercial Indépendant,Prospactive,Rennes,30000 - 110000 € BRUT ANNUEL,,2026-10-03,2026-10-06
84035843,M1707,Directeur Commercial Indépendant,Prospactive,Toulon,30000 - 110000 € BRUT ANNUEL,,2026-10-03,2026-10-06
84035829,M1707,Directeur Commercial Indépendant,Prospactive,La Rochelle,30000 - 110000 € BRUT ANNUEL,,2026-10-03,2026-10-06
84035802,M1707,Directeur Commercial Indépendant,Prospactive,Angers,30000 - 110000 € BRUT ANNUEL,,2026-10-03,2026-10-06
84035794,M1707,Directeur Commercial Indépendant,Prospactive,Évreux,30000 - 110000 € BRUT ANNUEL,,2026-10-03,2026-10-06
84035770,M1707,Directeur Commercial Indépendant,Prospactive,Caen,30000 - 110000 € BRUT ANNUEL,,2026-10-03,2026-10-06
84035755,M1707,Directeur Commercial Indépendant,Prospactive,Poitiers,30000 - 110000 € BRUT ANNUEL,,2026-10-03,2026-10-06
84035716,M1707,Directeur Commercial Indépendant,Prospactive,Auxerre,30000 - 110000 € BRUT ANNUEL,,2026-10-03,2026-10-06
84035704,M1707,Directeur Commercial Indépendant,Prospactive,Niort,30000 - 110000 € BRUT ANNUEL,,2026-10-03,2026-10-06
84035675,M1707,Directeur Commercial Indépendant,Prospactive,Épinal,30000 - 110000 € BRUT ANNUEL,,2026-10-03,2026-10-06
84035656,M1707,Directeur Commercial Indépendant,Prospactive,Aurillac,30000 - 110000 € BRUT ANNUEL,,2026-10-03,2026-10-06
84035585,M1707,Directeur Commercial Indépendant,Prospactive,Orléans,30000 - 110000 € BRUT ANNUEL,,2026-10-03,2026-10-06
84035568,M1707,Directeur Commercial Indépendant,Prospactive,Moulins,30000 - 110000 € BRUT ANNUEL,,2026-10-03,2026-10-06
84035471,M1707,Directeur Commercial Indépendant,Prospactive,Bar-le-Duc,30000 - 110000 € BRUT ANNUEL,,2026-10-03,2026-10-06
84035434,M1707,Directeur Commercial Indépendant,Prospactive,Tulle,30000 - 110000 € BRUT ANNUEL,,2026-10-03,2026-10-06
84035423,M1707,Directeur Commercial Indépendant,Prospactive,Vannes,30000 - 110000 € BRUT ANNUEL,,2026-10-03,2026-10-06
84035391,M1707,Directeur Commercial Indépendant,Prospactive,Chambéry,30000 - 110000 € BRUT ANNUEL,,2026-10-03,2026-10-06
84035364,M1707,Directeur Commercial Indépendant,Prospactive,Limoges,30000 - 110000 € BRUT ANNUEL,,2026-10-03,2026-10-06
84035257,M1707,Directeur Commercial Indépendant,Prospactive,Strasbourg,30000 - 110000 € BRUT ANNUEL,,2026-10-03,2026-10-06
84035248,M1707,Directeur Commercial Indépendant,Prospactive,Le Mans,30000 - 110000 € BRUT ANNUEL,,2026-10-03,2026-10-06
84035235,M1707,Directeur Commercial Indépendant,Prospactive,Foix,30000 - 110000 € BRUT ANNUEL,,2026-10-03,2026-10-06
84035156,M1707,Directeur Commercial Indépendant,Prospactive,Le Puy-en-Velay,30000 - 110000 € BRUT ANNUEL,,2026-10-03,2026-10-06
84035137,M1707,Directeur Commercial Indépendant,Prospactive,Pontoise,30000 - 110000 € BRUT ANNUEL,,2026-10-03,2026-10-06
84035122,M1707,Directeur Commercial Indépendant,Prospactive,Nevers,30000 - 110000 € BRUT ANNUEL,,2026-10-03,2026-10-06
84035116,M1707,Directeur Commercial Indépendant,Prospactive,Mende,30000 - 110000 € BRUT ANNUEL,,2026-10-03,2026-10-06
84035096,M1707,Directeur Commercial Indépendant,Prospactive,Saint-Lô,30000 - 110000 € BRUT ANNUEL,,2026-10-03,2026-10-06
84080899,M1707,Business Developer,Lease Protect,Lyon,30000 - 70000 € BRUT ANNUEL,CDI,2026-10-05,2026-10-06
84080919,M1707,Business Developer,Lease Protect,Marseille,30000 - 70000 € BRUT ANNUEL,CDI,2026-10-05,2026-10-06
81007834,M1707,Business Developer,Hellowork group,Rennes,53000 - 54000 € BRUT ANNUEL,CDI,2026-10-06,2026-10-06
83943650,M1707,Business Developer,XEFI,Rillieux-la-Pape,26400 - 32000 € BRUT ANNUEL,CDI,2026-10-01,2026-10-06
84000004,M1707,Business Developer,Fill Up Média,Évry-Courcouronnes,33000 - 56000 € BRUT ANNUEL,CDI,2026-10-02,2026-10-06
82906670,M1707,Business Developer,SAFETYKLEEN,Rouen,30000 - 50000 € BRUT ANNUEL,CDI,2026-10-02,2026-10-06
82993189,M1707,Business Developer,PFA Composites,Dompierre-sur-Yon,35000 - 50000 € BRUT ANNUEL,CDI,2026-10-04,2026-10-06
82066291,M1707,Business Developer,Impactup Cabinet Conseil.,Colmar,45000 - 55000 € BRUT ANNUEL,CDI,2026-10-06,2026-10-06
84077775,M1707,Business Developer,Ippon Technologies,Lyon,50000 - 65000 € BRUT ANNUEL,CDI,2026-10-05,2026-10-06
82957174,M1707,Business Developer,CORHOM,Strasbourg,38000 - 48000 € BRUT ANNUEL,CDI,2026-10-03,2026-10-06
83999464,M1707,Business Developer,Team.is,Nantes,34000 - 52000 € BRUT ANNUEL,CDI,2026-10-02,2026-10-06
79624546,M1707,Business Developer,Celetis,Belfort,33000 - 40000 € BRUT ANNUEL,CDI,2026-10-01,2026-10-06
78679898,M1707,Business Developer,Approach People Recruitment,Paris,38000 - 45000 € BRUT ANNUEL,CDI,2026-10-05,2026-10-06
84071494,M1707,Business Developer,Voluntae,Paris,45000 - 50000 € BRUT ANNUEL,CDI,2026-10-05,2026-10-06
82056987,M1707,Business Developer,REFEA,Paris,40000 - 60000 € BRUT ANNUEL,CDI,2026-10-06,2026-10-06
82975888,M1707,Business Developer,Cabinet 360°,Lille,40000 - 50000 € BRUT ANNUEL,CDI,2026-10-04,2026-10-06
82957693,M1707,Business Developer,CORHOM,Troyes,38000 - 48000 € BRUT ANNUEL,CDI,2026-10-03,2026-10-06
83900306,M1707,Business Developer,Michelin,Clermont-Ferrand,42000 - 55000 € BRUT ANNUEL,CDI,2026-09-30,2026-10-06
83855343,M1707,Business Developer,Hellowork group,Rennes,49000 € BRUT ANNUEL,CDI,2026-09-29,2026-10-06
83925655,M1707,Business Developer,Lynx RH,Lyon,70000 - 90000 € BRUT ANNUEL,CDI,2026-09-30,2026-10-06
83926711,M1707,Business Developer,Jobmania,Paris,12000 - 16800 € BRUT ANNUEL,,2026-09-30,2026-10-06
82784301,M1707,Business Developer,PRODOMO,Lyon,26400 € BRUT ANNUEL,CDI,2026-09-28,2026-10-06
58672409,M1707,Business Developer,Cantin RH,Paris,27000 - 30000 € BRUT ANNUEL,CDI,2026-10-01,2026-10-06
83906537,M1707,Business Developer,FAB Group,Saint-Cyr-en-Val,45000 - 55000 € BRUT ANNUEL,CDI,2026-09-30,2026-10-06
76134302,M1707,Business Developer,L'Industrie recrute,Dijon,40000 - 45000 € BRUT ANNUEL,CDD,2026-09-28,2026-10-06
83784613,M1707,Business Developer,fortil group,Sainte-Foy-lès-Lyon,35000 - 40000 € BRUT ANNUEL,CDI,2026-09-26,2026-10-06
83937504,M1707,Business Developer,Bruce,Paris,37892 € BRUT ANNUEL,Intérim,2026-10-01,2026-10-06
82909471,M1707,Business Developer,Pépites Emploi !,Paris,22404 € BRUT ANNUEL,,2026-10-02,2026-10-06
80670858,M1707,Business Developer,CORHOM,Lille,38000 - 48000 € BRUT ANNUEL,CDI,2026-09-26,2026-10-06
83903756,M1707,Business Developper,Staff'U,Versailles,32000 - 38000 € BRUT ANNUEL,CDI,2026-09-30,2026-10-06
83903824,M1707,Business Developper,Staff'U,Cergy,32000 - 38000 € BRUT ANNUEL,CDI,2026-09-30,2026-10-06
83903641,M1707,Business Developper,Staff'U,Massy,32000 - 38000 € BRUT ANNUEL,CDI,2026-09-30,2026-10-06
82606304,M1707,Business Developer,W HUB,Lille,33000 - 40000 € BRUT ANNUEL,CDI,2026-09-24,2026-10-06
84024470,M1707,Business Developper,Institut F2I,Noisiel,9636 - 22404 € BRUT ANNUEL,,2026-10-03,2026-10-06
81612407,M1707,Business Developer,Equasens,Marseille,40000 - 70000 € BRUT ANNUEL,CDI,2026-09-23,2026-10-06
84023954,M1707,Business Developper,Institut F2I,Noisiel,9636 - 22404 € BRUT ANNUEL,,2026-10-03,2026-10-06
82944735,M1707,Business Developer - Business Manager,NOEMI Conseil,Courbevoie,35000 - 50000 € BRUT ANNUEL,CDI,2026-10-03,2026-10-06
83626076,M1707,Business Developer,Fonction:Support,Annecy,50000 - 55000 € BRUT ANNUEL,CDI,2026-09-22,2026-10-06
83625690,M1707,Business Developer,Fonction:Support,Clermont-Ferrand,50000 - 55000 € BRUT ANNUEL,CDI,2026-09-22,2026-10-06
83625663,M1707,Business Developer,Fonction:Support,Lyon,50000 - 55000 € BRUT ANNUEL,CDI,2026-09-22,2026-10-06
83696067,M1707,Business Developer,LHH Recruitment Solutions,Paris,60000 - 68000 € BRUT ANNUEL,Intérim,2026-09-24,2026-10-06
81687617,M1707,Business Developer,Viaud & Co recrutement,Paris,35000 - 50000 € BRUT ANNUEL,CDI,2026-09-23,2026-10-06
83596753,M1707,Business Developer,Alveus,Bordeaux,24115 € BRUT ANNUEL,CDD,2026-09-22,2026-10-06
83596704,M1707,Business Developer,Alveus,Bordeaux,11400 € BRUT ANNUEL,,2026-09-22,2026-10-06
71019020,M1707,Business Developer B2b,Médias France,Clichy,30000 - 60000 € BRUT ANNUEL,CDI,2026-10-06,2026-10-06
79165254,M1707,Business Developer,Hellowork group,Rennes,55000 - 58000 € BRUT ANNUEL,CDI,2026-09-20,2026-10-06
82945791,M1707,Business Developer Ouest,SAFETYKLEEN,Nantes,30000 - 55000 € BRUT ANNUEL,CDI,2026-10-03,2026-10-06
82949550,M1707,Business Developer Sédentaire,Au Fil des Toits,Villejuif,25000 - 36000 € BRUT ANNUEL,CDI,2026-10-03,2026-10-06
83926584,M1707,Business Developer B2b,Jobmania,Lyon,24000 - 30000 € BRUT ANNUEL,CDI,2026-09-30,2026-10-06
84071526,M1707,Business Developer Btob,Voluntae,Paris,40000 - 50000 € BRUT ANNUEL,CDI,2026-10-05,2026-10-06
83528226,M1707,Business Developer,Lease Protect,Brive-la-Gaillarde,30000 - 70000 € BRUT ANNUEL,CDI,2026-09-19,2026-10-06
82975918,M1707,Business Developer BTP,Cabinet 360°,Lille,40000 - 50000 € BRUT ANNUEL,CDI,2026-10-04,2026-10-06
83901306,M1707,Business Developer Energie,Antargaz,Limoges,30000 - 50000 € BRUT ANNUEL,CDI,2026-09-30,2026-10-06
70826817,M1707,Business Developer Bordeaux,EPSA,Bordeaux,28000 - 40000 € BRUT ANNUEL,CDI,2026-09-29,2026-10-06
81012648,M1707,International Business Developer,Mercato de l'emploi,Paris,40000 - 80000 € BRUT ANNUEL,CDI,2026-10-06,2026-10-06
84077071,M1707,Business Developer - Décarbonation,UPTOO,Paris,70000 - 100000 € BRUT ANNUEL,CDI,2026-10-05,2026-10-06
83049685,M1707,Business Developer Cee,Bréda Conseil,La Rochelle,40000 - 50000 € BRUT ANNUEL,CDI,2026-10-05,2026-10-06
83901298,M1707,Business Developer Energie,Antargaz,Niort,30000 - 50000 € BRUT ANNUEL,CDI,2026-09-30,2026-10-06
83901290,M1707,Business Developer Energie,Antargaz,Poitiers,30000 - 50000 € BRUT ANNUEL,CDI,2026-09-30,2026-10-06
80938913,M1707,Business Developer Industrie,LM5P - Le Mouton à 5 Pattes,Lyon,55000 - 65000 € BRUT ANNUEL,CDI,2026-10-04,2026-10-06
79157883,M1707,Business Developer,SCIENTECH Intérim,Paris,24000 € BRUT ANNUEL,CDI,2026-09-20,2026-10-06
79654160,M1707,Senior Business Developer,Cofabrik,Montpellier,50000 - 60000 € BRUT ANNUEL,CDI,2026-10-01,2026-10-06
83964416,M1707,Business Developer France,UPTOO,Lille,55000 - 65000 € BRUT ANNUEL,CDI,2026-10-01,2026-10-06
84034845,M1707,Business Developer B To B,Les Artisans Recrutement,Lille,30000 - 45000 € BRUT ANNUEL,CDI,2026-10-03,2026-10-06
75858567,M1707,Business Developer,Regen School,Marseille,11400 - 24000 € BRUT ANNUEL,,2026-09-22,2026-10-06
84026045,M1707,Business Developer Btob,LIP Tertiaire,Lyon,24000 - 30000 € BRUT ANNUEL,CDI,2026-10-03,2026-10-06
84026035,M1707,Business Developer - Industrie,LIP Tertiaire,Beynost,35000 - 42000 € BRUT ANNUEL,CDI,2026-10-03,2026-10-06
83850557,M1707,Business Developer Btob,Cozynergy,Toulouse,24000 - 27000 € BRUT ANNUEL,CDI,2026-09-29,2026-10-06
80753291,M1707,Senior Business Developer,Cofabrik,Paris,50000 - 60000 € BRUT ANNUEL,CDI,2026-09-29,2026-10-06
81740278,M1707,Business Developer Cosmetic,Gorioux Solutions Emploi,Bordeaux,40000 - 50000 € BRUT ANNUEL,CDI,2026-09-27,2026-10-06
83534739,M1707,Business Developer,Eurofirms France,Montpellier,30000 - 40000 € BRUT ANNUEL,CDI,2026-09-19,2026-10-06
74656134,M1707,Business Developer,Celetis,Strasbourg,33000 - 40000 € BRUT ANNUEL,CDI,2026-09-18,2026-10-06
82692569,M1707,Business Developer B2b,Jobmania,Lyon,24000 - 28000 € BRUT ANNUEL,CDI,2026-09-26,2026-10-06
80301546,M1707,Business Developer,EOWIN,Lyon,40000 - 45000 € BRUT ANNUEL,CDI,2026-09-18,2026-10-06
84084488,M1707,Commercial - Business Developer B2b,Aventurine RH,Chasseneuil-du-Poitou,35000 - 45000 € BRUT ANNUEL,CDI,2026-10-06,2026-10-06
76981328,M1707,Business Developer,IFCV,Paris,9600 - 21600 € BRUT ANNUEL,,2026-09-20,2026-10-06
83839320,M1707,Business Developer Aéronautique,WISE RH,Pamiers,65000 - 80000 € BRUT ANNUEL,CDI,2026-09-28,2026-10-06
83814665,M1707,Business Developer Btob,Silkhom,Villeurbanne,35000 - 45000 € BRUT ANNUEL,CDI,2026-09-27,2026-10-06
83046504,M1707,Business Developer Freelance,Mercato de l'emploi,Provins,30000 - 60000 € BRUT ANNUEL,Freelance,2026-10-05,2026-10-06
82018783,M1707,Business Developer Freelance,Mercato de l'emploi,Bar-le-Duc,30000 - 60000 € BRUT ANNUEL,Freelance,2026-10-05,2026-10-06
82018692,M1707,Business Developer Freelance,Mercato de l'emploi,Montbéliard,30000 - 60000 € BRUT ANNUEL,Freelance,2026-10-05,2026-10-06
82018680,M1707,Business Developer Freelance,Mercato de l'emploi,Brive-la-Gaillarde,30000 - 60000 € BRUT ANNUEL,Freelance,2026-10-05,2026-10-06
83029727,M1707,Business Developer Freelance,Mercato de l'emploi,Nancy,30000 - 60000 € BRUT ANNUEL,Freelance,2026-10-05,2026-10-06
82018753,M1707,Business Developer Freelance,Mercato de l'emploi,Bogny-sur-Meuse,30000 - 60000 € BRUT ANNUEL,Freelance,2026-10-05,2026-10-06
82018703,M1707,Business Developer Freelance,Mercato de l'emploi,Gap,30000 - 72000 € BRUT ANNUEL,Freelance,2026-10-05,2026-10-06
82018686,M1707,Business Developer Freelance,Mercato de l'emploi,Bischheim,30000 - 60000 € BRUT ANNUEL,Freelance,2026-10-05,2026-10-06
82018907,M1707,Business Developer Freelance,Mercato de l'emploi,Bourg-en-Bresse,30000 - 60000 € BRUT ANNUEL,Freelance,2026-10-05,2026-10-06
82953555,M1707,Business Developer Freelance,Mercato de l'emploi,Alençon,30000 - 60000 € BRUT ANNUEL,Freelance,2026-10-03,2026-10-06
80253406,M1707,Business Developer,Hellowork group,Lille,53000 - 54000 € BRUT ANNUEL,CDI,2026-09-17,2026-10-06
82953540,M1707,Business Developer Freelance,Mercato de l'emploi,Blois,30000 - 60000 € BRUT ANNUEL,Freelance,2026-10-03,2026-10-06
81746734,M1707,Business Developer BTP,Actual Talent,Paris,35000 - 50000 € BRUT ANNUEL,CDI,2026-09-27,2026-10-06
82018684,M1707,Business Developer Freelance,Mercato de l'emploi,Montluçon,30000 - 60000 € BRUT ANNUEL,Freelance,2026-10-05,2026-10-06
83030923,H1102,Ingénieur d'Affaires,Infotel,Niort,32000 - 45000 € BRUT ANNUEL,CDI,2026-10-05,2026-10-06
84030706,H1102,Ingénieur d'Affaires,EMI Wissler,Saint-Louis,45000 - 65000 € BRUT ANNUEL,CDI,2026-10-03,2026-10-06
82904562,H1102,Ingénieur d'Affaires,agap2 France,Strasbourg,45000 - 50000 € BRUT ANNUEL,CDI,2026-10-02,2026-10-06
82906235,H1102,Ingénieur d'Affaires,agap2 France,Lyon,45000 - 55000 € BRUT ANNUEL,CDI,2026-10-02,2026-10-06
78714102,H1102,Ingénieur d'Affaires,agap2 France,Strasbourg,31000 - 45000 € BRUT ANNUEL,CDI,2026-10-06,2026-10-06
78714167,H1102,Ingénieur d'Affaires,agap2 France,Tours,31000 - 45000 € BRUT ANNUEL,CDI,2026-10-06,2026-10-06
80830109,H1102,Ingénieur d'Affaires,Celetis,Grenoble,33000 - 43000 € BRUT ANNUEL,CDI,2026-10-01,2026-10-06
82935451,H1102,Ingénieur d'Affaires,agap2 France,Tours,45000 - 50000 € BRUT ANNUEL,CDI,2026-10-03,2026-10-06
83881235,H1102,Ingénieur d'Affaires,KALI Group,Limonest,50000 - 55000 € BRUT ANNUEL,CDI,2026-09-29,2026-10-06
81974935,H1102,Ingénieur d'Affaires,Karré,Paris,32000 - 50000 € BRUT ANNUEL,CDI,2026-10-04,2026-10-06
81896599,H1102,Ingénieur d'Affaires,Anaveo,La Roche-sur-Yon,48000 - 50000 € BRUT ANNUEL,CDI,2026-09-30,2026-10-06
84079661,H1102,Ingénieur d'Affaires,Kairdan,Boulogne-Billancourt,36000 - 50000 € BRUT ANNUEL,CDI,2026-10-05,2026-10-06
83007915,H1102,Ingénieur d'Affaires,Step Up,Mérignac,30000 - 35000 € BRUT ANNUEL,CDI,2026-10-05,2026-10-06
83881844,H1102,Ingénieur d'Affaires,KALI Group,Toulouse,50000 - 55000 € BRUT ANNUEL,CDI,2026-09-29,2026-10-06
52154116,H1102,Ingénieur d'Affaires,Econocom,Puteaux,70000 - 80000 € BRUT ANNUEL,CDI,2026-10-01,2026-10-06
83838179,H1102,Ingénieur d'Affaires,NGEN,Strasbourg,33000 - 55000 € BRUT ANNUEL,CDI,2026-09-28,2026-10-06
83838167,H1102,Ingénieur d'Affaires,NGEN,Lille,33000 - 55000 € BRUT ANNUEL,CDI,2026-09-28,2026-10-06
82892880,H1102,Ingénieur d'Affaires,Madeca,,33000 - 45000 € BRUT ANNUEL,CDI,2026-10-02,2026-10-06
78736764,H1102,Ingénieur d'Affaires,Sovitrat,Strasbourg,27300 € BRUT ANNUEL,CDI,2026-10-05,2026-10-06
83925640,H1102,Ingénieur d'Affaires,INGEVA,Boulogne-Billancourt,50000 - 55000 € BRUT ANNUEL,CDI,2026-09-30,2026-10-06
83837974,H1102,Ingénieur d'Affaires,NGEN,Nantes,33000 - 55000 € BRUT ANNUEL,CDI,2026-09-28,2026-10-06
44967443,H1102,Ingénieur d'Affaires,Bee Engineering,Rennes,35000 - 45000 € BRUT ANNUEL,CDI,2026-09-28,2026-10-06
57094869,H1102,Ingénieur d'Affaires,Celetis,,33000 - 40000 € BRUT ANNUEL,CDI,2026-09-28,2026-10-06
83873647,H1102,Ingénieur d'Affaires,Step Up,Seyssinet-Pariset,30000 - 36000 € BRUT ANNUEL,CDI,2026-09-29,2026-10-06
82873951,H1102,Ingénieur d'Affaires,VECTORIEL RH Industrie,Paris,50000 - 70000 € BRUT ANNUEL,CDI,2026-10-01,2026-10-06
81791869,H1102,Ingénieur d'Affaires,agap2 France,Lille,35000 - 50000 € BRUT ANNUEL,CDI,2026-09-28,2026-10-06
44967087,H1102,Ingénieur d'Affaires,Bee Engineering,Nantes,30000 - 50000 € BRUT ANNUEL,CDI,2026-09-28,2026-10-06
81873195,H1102,Ingénieur d'Affaires,NEW WAY PARTNERS,Marseille,40000 - 50000 € BRUT ANNUEL,CDI,2026-09-30,2026-10-06
81727531,H1102,Ingénieur d'Affaires,agap2 France,Lille,40000 - 45000 € BRUT ANNUEL,CDI,2026-09-27,2026-10-06
82821515,H1102,Ingénieur d'Affaires,Adsearch,Saint-Jean-de-Moirans,40000 - 50000 € BRUT ANNUEL,CDI,2026-09-29,2026-10-06
79407944,H1102,Ingénieur d'Affaires,Celetis,Tours,33000 - 40000 € BRUT ANNUEL,CDI,2026-09-26,2026-10-06
82744443,H1102,Ingénieur d'Affaires,Artemys,Rennes,42000 - 45000 € BRUT ANNUEL,CDI,2026-09-27,2026-10-06
80672881,H1102,Ingénieur d'Affaires,Hedon Technologies,Aix-en-Provence,32500 € BRUT ANNUEL,CDI,2026-09-26,2026-10-06
82703738,H1102,Ingénieur d'Affaires,Astek,Toulouse,35000 € BRUT ANNUEL,CDI,2026-09-26,2026-10-06
82703705,H1102,Ingénieur d'Affaires,Astek,Cherbourg-en-Cotentin,35000 € BRUT ANNUEL,CDI,2026-09-26,2026-10-06
71817644,H1102,Ingénieur d'Affaires,Bee Engineering,Rouen,35000 - 45000 € BRUT ANNUEL,CDI,2026-09-25,2026-10-06
82703747,H1102,Ingénieur d'Affaires,Astek,Clermont-Ferrand,35000 € BRUT ANNUEL,CDI,2026-09-26,2026-10-06
81643987,H1102,Ingénieur d'Affaires,VEF Industrie Rhône Alpes Maintenan,Lyon,35000 - 42000 € BRUT ANNUEL,CDI,2026-09-24,2026-10-06
83769212,H1102,Ingénieur d'Affaires,Mercato de l'emploi,Lyon,39000 - 43000 € BRUT ANNUEL,CDI,2026-09-26,2026-10-06
54548556,H1102,Ingénieur d'Affaires,Celetis,Reims,33000 - 40000 € BRUT ANNUEL,CDI,2026-09-24,2026-10-06
83674035,H1102,Ingénieur d'Affaires,L'Industrie recrute,Corbas,45000 - 50000 € BRUT ANNUEL,CDI,2026-09-23,2026-10-06
83674016,H1102,Ingénieur d'Affaires,L'Industrie recrute,Chaponnay,45000 - 50000 € BRUT ANNUEL,CDI,2026-09-23,2026-10-06
60569603,H1102,Ingénieur d'Affaires,New-E,Lyon,45000 - 50000 € BRUT ANNUEL,CDI,2026-09-24,2026-10-06
83621944,H1102,Ingénieur d'Affaires,KALI Group,Aix-en-Provence,50000 - 55000 € BRUT ANNUEL,CDI,2026-09-22,2026-10-06
83673911,H1102,Ingénieur d'Affaires,DEODIS,Puteaux,40000 - 60000 € BRUT ANNUEL,CDI,2026-09-23,2026-10-06
83636578,H1102,Ingénieur d'Affaires,Andrice,Lyon,45000 - 60000 € BRUT ANNUEL,CDI,2026-09-23,2026-10-06
83692638,H1102,Ingénieur d'Affaires,Les Artisans Recrutement,Lille,50000 - 65000 € BRUT ANNUEL,CDI,2026-09-24,2026-10-06
79285028,H1102,Ingénieur d'Affaires,Consort Group,Lyon,35000 - 45000 € BRUT ANNUEL,CDI,2026-09-22,2026-10-06
64431505,H1102,Ingénieur d'Affaires,Bee Engineering,Bordeaux,40000 - 50000 € BRUT ANNUEL,CDI,2026-09-22,2026-10-06
83633687,H1102,Ingénieur d'Affaires,Manpower France,Courbevoie,36000 - 45000 € BRUT ANNUEL,CDI,2026-09-23,2026-10-06
81543748,H1102,Ingénieur d'Affaires,VEF Industrie Rhône Alpes Maintenan,Lyon,35000 - 42000 € BRUT ANNUEL,CDI,2026-09-21,2026-10-06
75907576,H1102,Ingénieur d'Affaires,ASTRIDSEN,Aix-en-Provence,35000 - 50000 € BRUT ANNUEL,CDI,2026-09-22,2026-10-06
83579924,H1102,Ingénieur d'Affaires,agap2 France,Cherbourg-en-Cotentin,31000 - 45000 € BRUT ANNUEL,CDI,2026-09-21,2026-10-06
70386226,H1102,Ingénieur d'Affaires,Celetis,Strasbourg,33000 - 40000 € BRUT ANNUEL,CDI,2026-09-21,2026-10-06
62956007,H1102,Ingénieur d'Affaires,Celetis,Strasbourg,28000 - 40000 € BRUT ANNUEL,CDI,2026-09-21,2026-10-06
62955910,H1102,Ingénieur d'Affaires,Celetis,Territoire de Belfort,33000 - 40000 € BRUT ANNUEL,CDI,2026-09-21,2026-10-06
79818666,H1102,Ingénieur d'Affaires Télécoms,VINCI Energies France Infras Sud Ou,Le Lamentin,35000 - 42000 € BRUT ANNUEL,CDI,2026-10-05,2026-10-06
84124102,H1102,Ingénieur d'Affaires Confirmé,KALI Group,Strasbourg,75000 - 85000 € BRUT ANNUEL,CDI,2026-10-06,2026-10-06
84110759,H1102,Ingénieur d'Affaires Multi Technique,VINCI Energies France Infras Sud Ou,Le Lamentin,35000 - 42000 € BRUT ANNUEL,CDI,2026-10-06,2026-10-06
16791605,H1102,Ingénieur d'Affaires,SPIE CityNetworks,,39000 € BRUT ANNUEL,CDI,2026-09-20,2026-10-06
84060793,H1102,Ingénieur d'Affaires Junior,agap2 France,Lyon,30500 - 50000 € BRUT ANNUEL,CDI,2026-10-03,2026-10-06
84060789,H1102,Ingénieur d'Affaires Junior,agap2 France,Clermont-Ferrand,30500 - 50000 € BRUT ANNUEL,CDI,2026-10-03,2026-10-06
77024759,H1102,Ingénieur d'Affaires,agap2 France,Boulogne-Billancourt,45000 - 60000 € BRUT ANNUEL,CDI,2026-09-20,2026-10-06
84003714,H1102,Ingénieur d'Affaires - Commercial,Automatique et Industrie,Boulogne-Billancourt,40000 - 41000 € BRUT ANNUEL,CDI,2026-10-02,2026-10-06
84060786,H1102,Ingénieur d'Affaires Junior,agap2 France,Lille,30500 - 50000 € BRUT ANNUEL,CDI,2026-10-03,2026-10-06
84060785,H1102,Ingénieur d'Affaires Junior,agap2 France,Bordeaux,30500 - 50000 € BRUT ANNUEL,CDI,2026-10-03,2026-10-06
84078458,H1102,Ingénieur d'Affaires Junior,agap2 France,Toulouse,30500 - 50000 € BRUT ANNUEL,CDI,2026-10-05,2026-10-06
78637938,H1102,Ingénieur d'Affaires Junior,agap2 France,Bordeaux,30500 - 50000 € BRUT ANNUEL,CDI,2026-10-01,2026-10-06
84003695,H1102,Ingénieur d'Affaires - Commercial,Automatique et Industrie,Aix-en-Provence,38000 - 39000 € BRUT ANNUEL,CDI,2026-10-02,2026-10-06
84003679,H1102,Ingénieur d'Affaires - Commercial,Automatique et Industrie,Labège,38000 - 39000 € BRUT ANNUEL,CDI,2026-10-02,2026-10-06
84060794,H1102,Ingénieur d'Affaires Junior,agap2 France,Bagnols-sur-Cèze,30500 - 50000 € BRUT ANNUEL,CDI,2026-10-03,2026-10-06
78637920,H1102,Ingénieur d'Affaires Junior,agap2 France,Bordeaux,30500 - 50000 € BRUT ANNUEL,CDI,2026-10-01,2026-10-06
84003475,H1102,Ingénieur d'Affaires - Commercial,Automatique et Industrie,Tours,38000 - 39000 € BRUT ANNUEL,CDI,2026-10-02,2026-10-06
83965819,H1102,Ingénieur d'Affaires Tertiaire,DOMEA,Noisy-le-Roi,35000 - 45000 € BRUT ANNUEL,CDI,2026-10-01,2026-10-06
83964847,H1102,Ingénieur d'Affaires Junior,agap2 France,Bordeaux,30500 - 50000 € BRUT ANNUEL,CDI,2026-10-01,2026-10-06
78637942,H1102,Ingénieur d'Affaires Junior,agap2 France,Lyon,30500 - 50000 € BRUT ANNUEL,CDI,2026-10-01,2026-10-06
78637829,H1102,Ingénieur d'Affaires Junior,agap2 France,Lyon,30500 - 50000 € BRUT ANNUEL,CDI,2026-10-01,2026-10-06
84121164,H1102,Ingénieur d'Affaires en Industrie,Manpower France,Aix-les-Bains,35000 - 50000 € BRUT ANNUEL,CDI,2026-10-06,2026-10-06
78645057,H1102,Ingénieur d'Affaires Junior,agap2 France,Bordeaux,30500 - 50000 € BRUT ANNUEL,CDI,2026-10-01,2026-10-06
83950592,H1102,Ingénieur d'Affaires Digital,Davidson consulting,Nantes,30000 - 100000 € BRUT ANNUEL,CDI,2026-10-01,2026-10-06
83948933,H1102,Ingénieur d'Affaires Junior,agap2 France,Lille,30500 - 50000 € BRUT ANNUEL,CDI,2026-10-01,2026-10-06
83928563,H1102,Ingénieur d'Affaires - Industrie,agap2 France,Clermont-Ferrand,45000 - 55000 € BRUT ANNUEL,CDI,2026-09-30,2026-10-06
84084320,H1102,Ingénieur d'Affaires Epr2,Tercio,Lyon,50000 - 70000 € BRUT ANNUEL,CDI,2026-10-06,2026-10-06
83996139,H1102,Ingénieur d'Affaires - IA,Team.is,Toulouse,50000 - 90000 € BRUT ANNUEL,CDI,2026-10-02,2026-10-06
84115644,H1102,Ingénieur d'Affaires Textile,Harry Hope,Ensisheim,45000 - 60000 € BRUT ANNUEL,CDI,2026-10-06,2026-10-06
84120834,H1102,Ingénieur d'Affaires - Energie,Skaelia,Puteaux,50000 - 55000 € BRUT ANNUEL,CDI,2026-10-06,2026-10-06
84081107,H1102,Ingénieur d'Affaires Éléctronique,Newslot Recrutement,Cachan,40000 - 60000 € BRUT ANNUEL,CDI,2026-10-05,2026-10-06
84030445,H1102,Ingénieur d'Affaires Éléctronique,Newslot Recrutement,Grenoble,44000 - 46000 € BRUT ANNUEL,CDI,2026-10-03,2026-10-06
83935547,H1102,Ingénieur d'Affaires Mobilité,Rethic,Valence,55000 - 70000 € BRUT ANNUEL,CDI,2026-10-01,2026-10-06
84041663,H1102,Ingénieur d'Affaires en Acoustique,Menway Emploi,Paris,45000 - 50000 € BRUT ANNUEL,CDI,2026-10-03,2026-10-06
83865091,H1102,Ingénieur d'Affaires Care,fortil group,Saint-Pierre-des-Corps,38000 - 45000 € BRUT ANNUEL,CDI,2026-09-29,2026-10-06
83836724,H1102,Ingénieur d'Affaires ESN,Fokus,Lyon,30000 - 45000 € BRUT ANNUEL,CDI,2026-09-28,2026-10-06
82464120,H1102,Ingenieur d'Affaires,agap2 France,Nantes,45000 - 50000 € BRUT ANNUEL,CDI,2026-09-19,2026-10-06
82421318,H1102,Ingénieur d'Affaires,ELSYS Design,Grenoble,35000 - 100000 € BRUT ANNUEL,CDI,2026-09-18,2026-10-06
83918877,H1102,Ingénieur d'Affaires Usinage,Kalixens RH Lyon,Mions,40000 - 50000 € BRUT ANNUEL,CDI,2026-09-30,2026-10-06
83901894,H1102,Ingénieur d'Affaires Electronique,Cabinet Vizionère,Grenoble,32400 - 44400 € BRUT ANNUEL,CDI,2026-09-30,2026-10-06
83838658,H1102,Ingénieur d'Affaires Btob,Co-Efficience,Lyon,30000 - 35000 € BRUT ANNUEL,CDI,2026-09-28,2026-10-06
81736614,H1102,Ingénieur d'Affaires Export,Lacroix Défense,Mazères,50000 - 70000 € BRUT ANNUEL,CDI,2026-09-27,2026-10-06
