rome,id,date_actualisation
D1401,204HTJJ,2026-09-22
D1401,206BYZW,2026-09-23
D1401,206WPPX,2026-09-15
D1401,208VSJC,2026-08-31
D1401,208WVWD,2026-09-28
D1401,209DXCG,2026-09-18
D1401,209HMNX,2026-09-15
D1401,209KWDV,2026-09-22
D1401,209QRGY,2026-09-03
D1401,209RCQM,2026-09-16
D1401,209RGQW,2026-07-17
D1401,209TBBJ,2026-07-17
D1401,209XCTG,2026-09-04
D1401,209YHQJ,2026-09-25
D1401,209ZYKY,2026-09-22
D1401,210JKMT,2026-09-28
D1401,210JRXX,2026-09-14
D1401,210NQTQ,2026-07-17
D1401,210NSRJ,2026-09-25
D1401,210QXMS,2026-09-15
D1401,210RKGD,2026-07-20
D1401,210RWNC,2026-07-20
D1401,210TFMS,2026-09-08
D1401,210YKBP,2026-07-17
D1401,211CBLN,2026-09-25
D1401,211DMHJ,2026-09-27
D1401,211FCYN,2026-09-18
D1401,211FQLX,2026-09-04
D1401,211GLSH,2026-09-14
D1401,211GMMY,2026-07-19
D1401,211GSBZ,2026-09-25
D1401,211GTTB,2026-09-22
D1401,211GXLL,2026-09-29
D1401,211JZCV,2026-07-20
D1401,211KYDZ,2026-09-17
D1401,211LMWS,2026-09-11
D1401,211LVKC,2026-09-18
D1401,211MQFX,2026-09-24
D1401,211STCM,2026-09-28
D1401,211TNKB,2026-09-28
D1401,211TQYH,2026-09-23
D1401,211VRBH,2026-09-22
D1401,211VVPX,2026-09-28
D1401,211VYNV,2026-09-21
D1401,211YDBH,2026-09-28
D1401,211YFFC,2026-09-28
D1401,211YFMP,2026-09-29
D1401,211YRXL,2026-09-23
D1401,212CJVK,2026-09-28
D1401,212CKLM,2026-09-23
D1401,212CXXK,2026-09-21
D1401,212DDSX,2026-09-16
D1401,212DWFC,2026-09-28
D1401,212HXHD,2026-09-16
D1401,212KFYL,2026-09-28
D1401,212LNVX,2026-09-18
D1401,212MYRT,2026-09-21
D1401,212PHFS,2026-09-22
D1401,212QNFG,2026-09-23
D1401,212QRSZ,2026-09-29
D1401,212QSSW,2026-09-21
D1401,212RCDB,2026-09-17
D1401,212RCNY,2026-09-28
D1401,212RQVB,2026-09-28
D1401,212SCPK,2026-09-25
D1401,212TMDW,2026-09-28
D1401,212VKLD,2026-09-15
D1401,212WSBN,2026-09-25
D1401,212WSJP,2026-09-25
D1401,212XRQW,2026-09-28
D1401,212YBHP,2026-09-23
D1401,212YDSH,2026-09-25
D1401,212YNMT,2026-09-21
D1401,212YNSH,2026-09-11
D1401,212YNYF,2026-09-11
D1401,212ZFRL,2026-09-24
D1401,212ZPSY,2026-09-23
D1401,212ZQWQ,2026-09-28
D1401,213BJZL,2026-09-28
D1401,213BNKW,2026-09-22
D1401,213BRFQ,2026-09-25
D1401,213CTGT,2026-09-28
D1401,213CZYD,2026-08-31
D1401,213DBLC,2026-09-25
D1401,213DBWC,2026-09-22
D1401,213DHGH,2026-09-25
D1401,213DHYD,2026-09-25
D1401,213DLHG,2026-09-16
D1401,213DSLF,2026-09-23
D1401,213DZCJ,2026-09-01
D1401,213FFDZ,2026-09-02
D1401,213FMDL,2026-09-01
D1401,213FMNB,2026-09-25
D1401,213FMRF,2026-09-28
D1401,213FSMJ,2026-09-21
D1401,213FVDD,2026-09-17
D1401,213GBCQ,2026-09-28
D1401,213GBKX,2026-09-17
D1401,213GBRV,2026-09-17
D1401,213GMBZ,2026-09-07
D1401,213GVWQ,2026-09-29
D1401,213GWYP,2026-09-23
D1401,213GXLS,2026-09-18
D1401,213HHHQ,2026-09-18
D1401,213HJKX,2026-09-28
D1401,213HYWN,2026-09-04
D1401,213JCSZ,2026-09-03
D1401,213JDTG,2026-09-03
D1401,213JFTW,2026-09-17
D1401,213JFZJ,2026-09-21
D1401,213JHHC,2026-09-24
D1401,213JKGC,2026-09-03
D1401,213JPXS,2026-09-23
D1401,213JRPX,2026-09-28
D1401,213JSFY,2026-09-21
D1401,213JVJS,2026-09-21
D1401,213JXSK,2026-09-04
D1401,213KCCV,2026-09-04
D1401,213KDRL,2026-09-28
D1401,213KHVJ,2026-09-04
D1401,213KLVY,2026-09-20
D1401,213KMDX,2026-09-16
D1401,213KPHY,2026-09-20
D1401,213KQJM,2026-09-20
D1401,213KYKS,2026-09-04
D1401,213LCCM,2026-09-08
D1401,213LCPB,2026-09-28
D1401,213LCRS,2026-09-23
D1401,213LCWM,2026-09-21
D1401,213LFMW,2026-09-15
D1401,213LFNJ,2026-09-25
D1401,213LHZM,2026-09-20
D1401,213LMLY,2026-09-04
D1401,213LSNQ,2026-09-28
D1401,213LTNJ,2026-09-23
D1401,213LWFS,2026-09-23
D1401,213LXVL,2026-09-23
D1401,213LYVZ,2026-09-21
D1401,213MGCJ,2026-09-08
D1401,213MHNT,2026-09-21
D1401,213MJLR,2026-09-07
D1401,213MLCG,2026-09-21
D1401,213MMLD,2026-09-17
D1401,213MNHG,2026-09-07
D1401,213MRMM,2026-09-22
D1401,213MSKX,2026-09-23
D1401,213MTHG,2026-09-07
D1401,213MVXQ,2026-09-23
D1401,213MWHY,2026-09-07
D1401,213MWNB,2026-09-23
D1401,213MXCD,2026-09-28
D1401,213MZDK,2026-09-23
D1401,213MZMD,2026-09-28
D1401,213NBML,2026-09-08
D1401,213NDST,2026-09-24
D1401,213NDTP,2026-09-24
D1401,213NDXJ,2026-09-25
D1401,213NDXT,2026-09-25
D1401,213NDYR,2026-09-22
D1401,213NDZP,2026-09-29
D1401,213NJZQ,2026-09-24
D1401,213NLLZ,2026-09-09
D1401,213NNHF,2026-09-24
D1401,213NNKY,2026-09-08
D1401,213NPCH,2026-09-08
D1401,213NSJH,2026-09-24
D1401,213NSPT,2026-09-22
D1401,213NSRQ,2026-09-28
D1401,213NVSP,2026-09-24
D1401,213NVSR,2026-09-24
D1401,213NVSS,2026-09-24
D1401,213NXQL,2026-09-16
D1401,213NZLG,2026-09-08
D1401,213PBPX,2026-09-08
D1401,213PDMB,2026-09-08
D1401,213PDPG,2026-09-21
D1401,213PGLL,2026-09-25
D1401,213PJLQ,2026-09-28
D1401,213PJTK,2026-09-24
D1401,213PKKM,2026-09-24
D1401,213PMGZ,2026-09-09
D1401,213PNQR,2026-09-24
D1401,213PNTR,2026-09-25
D1401,213PRNB,2026-09-21
D1401,213PTGC,2026-09-23
D1401,213PTYD,2026-09-23
D1401,213PVRY,2026-09-10
D1401,213PXXC,2026-09-09
D1401,213PYKK,2026-09-11
D1401,213PYSM,2026-09-25
D1401,213PZQL,2026-09-28
D1401,213QBNX,2026-09-23
D1401,213QDSB,2026-09-09
D1401,213QKMH,2026-09-25
D1401,213QLKP,2026-09-10
D1401,213QLTW,2026-09-10
D1401,213QLWL,2026-09-25
D1401,213QPRX,2026-09-28
D1401,213QQMV,2026-09-09
D1401,213QRLT,2026-09-25
D1401,213QRPV,2026-09-10
D1401,213QTSM,2026-09-10
D1401,213QVTV,2026-09-10
D1401,213QXZT,2026-09-22
D1401,213QZRZ,2026-09-25
D1401,213RFHY,2026-09-10
D1401,213RGFH,2026-09-22
D1401,213RHZH,2026-09-26
D1401,213RKJF,2026-09-26
D1401,213RKLF,2026-09-10
D1401,213RKRT,2026-09-11
D1401,213RLQC,2026-09-23
D1401,213RMZN,2026-09-26
D1401,213RNHN,2026-09-25
D1401,213RPHQ,2026-09-10
D1401,213RQHM,2026-09-17
D1401,213RQZD,2026-09-10
D1401,213RRDP,2026-09-21
D1401,213RRSD,2026-09-22
D1401,213RVDS,2026-09-26
D1401,213RYLB,2026-09-26
D1401,213RZGC,2026-09-28
D1401,213RZZZ,2026-09-15
D1401,213SCDG,2026-09-26
D1401,213SGVG,2026-09-16
D1401,213SGZD,2026-09-10
D1401,213SRQV,2026-09-21
D1401,213SVXP,2026-09-11
D1401,213SZDQ,2026-09-21
D1401,213SZKP,2026-09-22
D1401,213TCBG,2026-09-25
D1401,213TFNT,2026-09-28
D1401,213TJPT,2026-09-27
D1401,213TLBL,2026-09-14
D1401,213TMGG,2026-09-14
D1401,213TMHN,2026-09-14
D1401,213TMJR,2026-09-23
D1401,213TPPY,2026-09-18
D1401,213TTBT,2026-09-27
D1401,213TVGS,2026-09-21
D1401,213TZQH,2026-09-14
D1401,213VGFN,2026-09-14
D1401,213VGRY,2026-09-29
D1401,213VGSJ,2026-09-14
D1401,213VKDM,2026-09-15
D1401,213VKTG,2026-09-21
D1401,213VLTN,2026-09-14
D1401,213VPQQ,2026-09-14
D1401,213VQDC,2026-09-14
D1401,213VQZX,2026-09-15
D1401,213VRHL,2026-09-14
D1401,213VRZY,2026-09-14
D1401,213VSBH,2026-09-14
D1401,213VSGY,2026-09-14
D1401,213VWJH,2026-09-28
D1401,213VZLB,2026-09-14
D1401,213WBKB,2026-09-16
D1401,213WDLG,2026-09-22
D1401,213WDSM,2026-09-15
D1401,213WDWB,2026-09-15
D1401,213WFVF,2026-09-16
D1401,213WFWF,2026-09-28
D1401,213WGRB,2026-09-28
D1401,213WGSZ,2026-09-22
D1401,213WJBY,2026-09-14
D1401,213WJNG,2026-09-28
D1401,213WNFY,2026-09-15
D1401,213WRBJ,2026-09-23
D1401,213WRRM,2026-09-25
D1401,213WVGN,2026-09-15
D1401,213WVGW,2026-09-15
D1401,213WWJS,2026-09-16
D1401,213WYCW,2026-09-15
D1401,213XDFK,2026-09-21
D1401,213XDKR,2026-09-16
D1401,213XDTH,2026-09-15
D1401,213XGVW,2026-09-15
D1401,213XGYW,2026-09-16
D1401,213XHJM,2026-09-15
D1401,213XHLW,2026-09-15
D1401,213XJSD,2026-09-15
D1401,213XKMJ,2026-09-15
D1401,213XMKW,2026-09-22
D1401,213XPDR,2026-09-15
D1401,213XPMZ,2026-09-17
D1401,213XPVG,2026-09-18
D1401,213XQFY,2026-09-23
D1401,213XQLM,2026-09-17
D1401,213XRLY,2026-09-15
D1401,213XSCC,2026-09-16
D1401,213XSFN,2026-09-16
D1401,213XTVM,2026-09-16
D1401,213XTZS,2026-09-16
D1401,213XVQR,2026-09-24
D1401,213XXQZ,2026-09-28
D1401,213XYKX,2026-09-17
D1401,213XYVF,2026-09-16
D1401,213YGSS,2026-09-16
D1401,213YGYS,2026-09-18
D1401,213YHHD,2026-09-16
D1401,213YHNK,2026-09-16
D1401,213YHVB,2026-09-18
D1401,213YKHT,2026-09-16
D1401,213YLZJ,2026-09-16
D1401,213YNTD,2026-09-29
D1401,213YNWR,2026-09-16
D1401,213YNZW,2026-09-16
D1401,213YRXV,2026-09-24
D1401,213YSKK,2026-09-23
D1401,213YSZL,2026-09-25
D1401,213YTVQ,2026-09-16
D1401,213YVGK,2026-09-17
D1401,213YVLH,2026-09-22
D1401,213YVRP,2026-09-18
D1401,213YXLC,2026-09-21
D1401,213YYCB,2026-09-16
D1401,213YYYG,2026-09-17
D1401,213YZNX,2026-09-17
D1401,213YZZJ,2026-09-23
D1401,213ZCMK,2026-09-17
D1401,213ZCVT,2026-09-17
D1401,213ZGLS,2026-09-18
D1401,213ZHHL,2026-09-17
D1401,213ZHXD,2026-09-17
D1401,213ZLDP,2026-09-17
D1401,213ZMBG,2026-09-25
D1401,213ZMBX,2026-09-17
D1401,213ZMHX,2026-09-17
D1401,213ZMMD,2026-09-17
D1401,213ZNYY,2026-09-29
D1401,213ZPSW,2026-09-17
D1401,213ZQBX,2026-09-28
D1401,213ZTQW,2026-09-17
D1401,213ZVLZ,2026-09-18
D1401,213ZVNZ,2026-09-25
D1401,213ZVWS,2026-09-18
D1401,213ZWXD,2026-09-23
D1401,213ZXPR,2026-09-28
D1401,213ZXTG,2026-09-17
D1401,213ZYCQ,2026-09-25
D1401,213ZYDS,2026-09-17
D1401,214BBYJ,2026-09-17
D1401,214BCNK,2026-09-17
D1401,214BCTM,2026-09-18
D1401,214BDGY,2026-09-18
D1401,214BDNR,2026-09-17
D1401,214BDSS,2026-09-18
D1401,214BDVG,2026-09-18
D1401,214BDXZ,2026-09-22
D1401,214BGCM,2026-09-18
D1401,214BGLV,2026-09-18
D1401,214BHJR,2026-09-18
D1401,214BJWS,2026-09-21
D1401,214BLCL,2026-09-18
D1401,214BNDN,2026-09-18
D1401,214BPSV,2026-09-28
D1401,214BQLR,2026-09-18
D1401,214BQMC,2026-09-18
D1401,214BSQC,2026-09-28
D1401,214BSTY,2026-09-18
D1401,214BXWK,2026-09-18
D1401,214BZHP,2026-09-24
D1401,214BZZT,2026-09-23
D1401,214CBBH,2026-09-25
D1401,214CCFV,2026-09-18
D1401,214CCRN,2026-09-22
D1401,214CDQS,2026-09-18
D1401,214CFGL,2026-09-22
D1401,214CGHG,2026-09-18
D1401,214CGKC,2026-09-22
D1401,214CGRL,2026-09-29
D1401,214CJDK,2026-09-25
D1401,214CJTT,2026-09-18
D1401,214CKQW,2026-09-18
D1401,214CLRJ,2026-09-18
D1401,214CLWD,2026-09-18
D1401,214CMBT,2026-09-21
D1401,214CNDW,2026-09-18
D1401,214CNFQ,2026-09-21
D1401,214CNQN,2026-09-21
D1401,214CPFQ,2026-09-18
D1401,214CRBR,2026-09-21
D1401,214CRJB,2026-09-21
D1401,214CRQF,2026-09-21
D1401,214CSVJ,2026-09-21
D1401,214CSWG,2026-09-25
D1401,214CTQW,2026-09-22
D1401,214CTWY,2026-09-21
D1401,214CVBG,2026-09-22
D1401,214CWBW,2026-09-21
D1401,214CWCJ,2026-09-22
D1401,214CWXT,2026-09-29
D1401,214CZBR,2026-09-21
D1401,214CZKV,2026-09-21
D1401,214DDNH,2026-09-21
D1401,214DGLK,2026-09-21
D1401,214DGSZ,2026-09-21
D1401,214DJDZ,2026-09-25
D1401,214DJMV,2026-09-22
D1401,214DKBF,2026-09-21
D1401,214DLPR,2026-09-22
D1401,214DNHN,2026-09-21
D1401,214DPFS,2026-09-21
D1401,214DQSM,2026-09-22
D1401,214DRYZ,2026-09-29
D1401,214DSDG,2026-09-21
D1401,214DSZC,2026-09-21
D1401,214DSZN,2026-09-21
D1401,214DTDB,2026-09-21
D1401,214DTYD,2026-09-21
D1401,214DVVV,2026-09-22
D1401,214DWGX,2026-09-28
D1401,214DWYV,2026-09-28
D1401,214DXDC,2026-09-21
D1401,214DXJB,2026-09-22
D1401,214DXKB,2026-09-28
D1401,214DYJK,2026-09-25
D1401,214FBSF,2026-09-25
D1401,214FCWV,2026-09-21
D1401,214FGCJ,2026-09-22
D1401,214FGMR,2026-09-22
D1401,214FGQD,2026-09-25
D1401,214FGVZ,2026-09-22
D1401,214FJDC,2026-09-22
D1401,214FLBW,2026-09-22
D1401,214FQJT,2026-09-23
D1401,214FQSN,2026-09-22
D1401,214FQZH,2026-09-22
D1401,214FQZS,2026-09-22
D1401,214FRKZ,2026-09-22
D1401,214FWBP,2026-09-22
D1401,214FYNS,2026-09-22
D1401,214FZYJ,2026-09-23
D1401,214GBTD,2026-09-22
D1401,214GCCT,2026-09-28
D1401,214GFVD,2026-09-23
D1401,214GFXS,2026-09-22
D1401,214GGBG,2026-09-22
D1401,214GGRZ,2026-09-23
D1401,214GGZX,2026-09-24
D1401,214GJNK,2026-09-29
D1401,214GJTB,2026-09-22
D1401,214GKBJ,2026-09-22
D1401,214GKHJ,2026-09-28
D1401,214GKJF,2026-09-23
D1401,214GKXV,2026-09-22
D1401,214GLCG,2026-09-23
D1401,214GMKT,2026-09-23
D1401,214GMWH,2026-09-23
D1401,214GMWY,2026-09-23
D1401,214GNDN,2026-09-22
D1401,214GNRQ,2026-09-24
D1401,214GNRX,2026-09-28
D1401,214GNXL,2026-09-23
D1401,214GPFL,2026-09-23
D1401,214GPYL,2026-09-22
D1401,214GQDZ,2026-09-23
D1401,214GQJL,2026-09-22
D1401,214GQSL,2026-09-23
D1401,214GRHZ,2026-09-25
D1401,214GSSN,2026-09-23
D1401,214GTNK,2026-09-24
D1401,214GVPM,2026-09-24
D1401,214GXBY,2026-09-23
D1401,214GXJG,2026-09-24
D1401,214GYJZ,2026-09-28
D1401,214GYMP,2026-09-23
D1401,214GYVQ,2026-09-23
D1401,214GYWF,2026-09-23
D1401,214GYYH,2026-09-23
D1401,214GZMX,2026-09-23
D1401,214HCXL,2026-09-23
D1401,214HCYX,2026-09-23
D1401,214HDXW,2026-09-23
D1401,214HFWW,2026-09-23
D1401,214HGLW,2026-09-23
D1401,214HLRC,2026-09-23
D1401,214HLTK,2026-09-23
D1401,214HLZN,2026-09-23
D1401,214HMKB,2026-09-23
D1401,214HMQK,2026-09-23
D1401,214HNQB,2026-09-23
D1401,214HNRY,2026-09-23
D1401,214HPSM,2026-09-23
D1401,214HPVM,2026-09-23
D1401,214HQKC,2026-09-23
D1401,214HSPD,2026-09-23
D1401,214HTSZ,2026-09-24
D1401,214HVFV,2026-09-23
D1401,214HVLX,2026-09-28
D1401,214HWHB,2026-09-24
D1401,214HXCV,2026-09-25
D1401,214HYWQ,2026-09-28
D1401,214HZVZ,2026-09-24
D1401,214JBNJ,2026-09-24
D1401,214JCDX,2026-09-24
D1401,214JCRQ,2026-09-24
D1401,214JGBW,2026-09-24
D1401,214JGGM,2026-09-29
D1401,214JHGT,2026-09-24
D1401,214JJGZ,2026-09-24
D1401,214JJVW,2026-09-24
D1401,214JKYD,2026-09-24
D1401,214JLKD,2026-09-25
D1401,214JMLD,2026-09-24
D1401,214JPZQ,2026-09-25
D1401,214JRSB,2026-09-24
D1401,214JTQZ,2026-09-24
D1401,214JVDV,2026-09-25
D1401,214JVGG,2026-09-28
D1401,214JVJM,2026-09-24
D1401,214JWXW,2026-09-24
D1401,214JXNZ,2026-09-29
D1401,214JXWZ,2026-09-25
D1401,214JYLC,2026-09-24
D1401,214JYTY,2026-09-25
D1401,214KCBL,2026-09-28
D1401,214KDBQ,2026-09-29
D1401,214KDFS,2026-09-25
D1401,214KFDV,2026-09-25
D1401,214KGBP,2026-09-25
D1401,214KGQL,2026-09-25
D1401,214KHSW,2026-09-25
D1401,214KJBX,2026-09-25
D1401,214KKMZ,2026-09-25
D1401,214KLBY,2026-09-25
D1401,214KLMG,2026-09-25
D1401,214KLQS,2026-09-25
D1401,214KMHR,2026-09-25
D1401,214KNDF,2026-09-25
D1401,214KNYD,2026-09-25
D1401,214KPZR,2026-09-28
D1401,214KQPV,2026-09-25
D1401,214KRZX,2026-09-28
D1401,214KSFP,2026-09-25
D1401,214KSMF,2026-09-28
D1401,214KTHV,2026-09-28
D1401,214KTSK,2026-09-28
D1401,214KVTT,2026-09-28
D1401,214KWLF,2026-09-28
D1401,214KYVX,2026-09-28
D1401,214LBGF,2026-09-25
D1401,214LBHW,2026-09-25
D1401,214LBYV,2026-09-29
D1401,214LDHD,2026-09-25
D1401,214LDPQ,2026-09-28
D1401,214LFHK,2026-09-25
D1401,214LHQB,2026-09-28
D1401,214LJMK,2026-09-25
D1401,214LKGG,2026-09-28
D1401,214LLKD,2026-09-26
D1401,214LMJV,2026-09-28
D1401,214LNYK,2026-09-28
D1401,214LPYM,2026-09-29
D1401,214LPZK,2026-09-28
D1401,214LRMK,2026-09-28
D1401,214LRRK,2026-09-28
D1401,214LSBD,2026-09-28
D1401,214LSXY,2026-09-28
D1401,214LTNS,2026-09-28
D1401,214LTTN,2026-09-28
D1401,214LTTQ,2026-09-28
D1401,214LTYQ,2026-09-28
D1401,214LVKC,2026-09-28
D1401,214LVXQ,2026-09-28
D1401,214LWPX,2026-09-28
D1401,214LZTR,2026-09-28
D1401,214LZXW,2026-09-28
D1401,214MBNH,2026-09-29
D1401,214MBVT,2026-09-28
D1401,214MBWW,2026-09-28
D1401,214MBXH,2026-09-28
D1401,214MDSB,2026-09-28
D1401,214MDVZ,2026-09-28
D1401,214MFPQ,2026-09-28
D1401,214MGDV,2026-09-28
D1401,214MGJR,2026-09-28
D1401,214MGXL,2026-09-29
D1401,214MHDM,2026-09-28
D1401,214MJJN,2026-09-28
D1401,214MKJG,2026-09-28
D1401,214MLJR,2026-09-28
D1401,214MLJS,2026-09-28
D1401,214MLTY,2026-09-28
D1401,214MNRF,2026-09-29
D1401,214MQSG,2026-09-29
D1401,214MRKZ,2026-09-29
D1401,214MRVR,2026-09-29
D1401,214MRWD,2026-09-28
D1401,214MRYT,2026-09-28
D1401,214MSBG,2026-09-28
D1401,214MSCJ,2026-09-29
D1401,214MSYP,2026-09-28
D1401,214MTFH,2026-09-28
D1401,214MVGF,2026-09-29
D1401,214MVQG,2026-09-28
D1401,214MYFY,2026-09-29
D1401,214MYNR,2026-09-29
D1401,214NBBP,2026-09-29
D1401,214NBNV,2026-09-29
D1401,214NBSK,2026-09-29
D1401,214NCHW,2026-09-29
D1401,214NFBD,2026-09-29
D1401,214NFDN,2026-09-29
D1401,214NFST,2026-09-29
D1401,6117253,2026-09-11
D1401,6117261,2026-09-11
D1401,6141404,2026-08-21
D1401,6142154,2026-08-20
D1401,6169460,2026-08-21
D1401,6180732,2026-08-24
D1401,6206216,2026-08-22
D1401,6222077,2026-08-28
D1401,6231516,2026-08-26
D1401,6239534,2026-08-25
D1401,6276761,2026-08-25
D1401,6276762,2026-08-25
D1401,6278401,2026-08-26
D1401,6278416,2026-08-26
D1401,6308156,2026-09-02
D1401,6319082,2026-08-27
D1401,6319108,2026-08-27
D1401,6319131,2026-08-27
D1401,6326447,2026-09-26
D1401,6344738,2026-08-27
D1401,6355105,2026-08-28
D1401,6355170,2026-08-29
D1401,6358706,2026-08-28
D1401,6377501,2026-08-28
D1401,6395115,2026-08-29
D1401,6395152,2026-08-29
D1401,6414030,2026-08-29
D1401,6414039,2026-08-29
D1401,6419944,2026-08-29
D1401,6433816,2026-09-17
D1401,6444772,2026-08-31
D1401,6444777,2026-08-31
D1401,6444779,2026-08-31
D1401,6444780,2026-08-31
D1401,6444787,2026-08-31
D1401,6444803,2026-08-31
D1401,6444807,2026-08-31
D1401,6444814,2026-08-31
D1401,6444820,2026-08-31
D1401,6444842,2026-08-31
D1401,6444845,2026-08-31
D1401,6444853,2026-08-31
D1401,6444872,2026-08-31
D1401,6444876,2026-09-08
D1401,6460147,2026-09-01
D1401,6467105,2026-08-31
D1401,6468325,2026-09-01
D1401,6468370,2026-09-01
D1401,6495561,2026-09-01
D1401,6495901,2026-09-28
D1401,6497402,2026-09-01
D1401,6497679,2026-09-01
D1401,6500107,2026-09-01
D1401,6500918,2026-09-02
D1401,6504018,2026-09-20
D1401,6504350,2026-09-25
D1401,6507119,2026-09-02
D1401,6507331,2026-09-02
D1401,6511114,2026-09-02
D1401,6517560,2026-09-02
D1401,6522727,2026-09-02
D1401,6528564,2026-09-02
D1401,6528809,2026-09-04
D1401,6529155,2026-09-02
D1401,6532448,2026-09-08
D1401,6534469,2026-09-03
D1401,6534615,2026-09-03
D1401,6534818,2026-09-03
D1401,6535457,2026-09-29
D1401,6536816,2026-09-26
D1401,6575794,2026-09-03
D1401,6579844,2026-09-03
D1401,6579922,2026-09-03
D1401,6588691,2026-09-03
D1401,6590086,2026-09-04
D1401,6590292,2026-09-04
D1401,6590790,2026-09-04
D1401,6595312,2026-09-27
D1401,6596670,2026-09-04
D1401,6596739,2026-09-04
D1401,6596924,2026-09-04
D1401,6597597,2026-09-29
D1401,6598520,2026-09-10
D1401,6627769,2026-09-28
D1401,6629827,2026-09-04
D1401,6636786,2026-09-04
D1401,6637513,2026-09-05
D1401,6639298,2026-09-28
D1401,6639396,2026-09-28
D1401,6640640,2026-09-29
D1401,6641424,2026-09-28
D1401,6644198,2026-09-05
D1401,6666146,2026-09-08
D1401,6667402,2026-09-05
D1401,6667609,2026-09-05
D1401,6668538,2026-09-05
D1401,6671646,2026-09-05
D1401,6672826,2026-09-18
D1401,6676581,2026-09-06
D1401,6686694,2026-09-07
D1401,6692150,2026-09-08
D1401,6692437,2026-09-08
D1401,6694859,2026-09-07
D1401,6695431,2026-09-07
D1401,6695482,2026-09-07
D1401,6697175,2026-09-07
D1401,6697365,2026-09-07
D1401,6697377,2026-09-07
D1401,6697496,2026-09-07
D1401,6698756,2026-09-08
D1401,6698757,2026-09-08
D1401,6698996,2026-09-08
D1401,6699076,2026-09-08
D1401,6703734,2026-09-08
D1401,6705444,2026-09-19
D1401,6706238,2026-09-08
D1401,6706840,2026-09-29
D1401,6707316,2026-09-10
D1401,6707334,2026-09-08
D1401,6711359,2026-09-29
D1401,6728286,2026-09-09
D1401,6728292,2026-09-08
D1401,6729477,2026-09-08
D1401,6730273,2026-09-08
D1401,6730496,2026-09-08
D1401,6731079,2026-09-08
D1401,6731643,2026-09-08
D1401,6731914,2026-09-08
D1401,6732650,2026-09-08
D1401,6732908,2026-09-08
D1401,6733479,2026-09-08
D1401,6735616,2026-09-08
D1401,6738709,2026-09-09
D1401,6739774,2026-09-09
D1401,6739859,2026-09-09
D1401,6740760,2026-09-18
D1401,6743524,2026-09-18
D1401,6743603,2026-09-18
D1401,6743713,2026-09-21
D1401,6743976,2026-09-21
D1401,6744261,2026-09-18
D1401,6744828,2026-09-18
D1401,6745940,2026-09-18
D1401,6746150,2026-09-21
D1401,6746647,2026-09-19
D1401,6747087,2026-09-19
D1401,6747573,2026-09-09
D1401,6749218,2026-09-09
D1401,6749226,2026-09-09
D1401,6749227,2026-09-09
D1401,6749230,2026-09-09
D1401,6749237,2026-09-09
D1401,6753212,2026-09-09
D1401,6766545,2026-09-09
D1401,6768843,2026-09-09
D1401,6769643,2026-09-09
D1401,6772730,2026-09-09
D1401,6772903,2026-09-09
D1401,6772999,2026-09-09
D1401,6773236,2026-09-09
D1401,6774985,2026-09-28
D1401,6775315,2026-09-09
D1401,6776993,2026-09-10
D1401,6779891,2026-09-10
D1401,6796635,2026-09-29
D1401,6799856,2026-09-10
D1401,6803003,2026-09-10
D1401,6805545,2026-09-10
D1401,6805686,2026-09-10
D1401,6806945,2026-09-11
D1401,6806966,2026-09-11
D1401,6807005,2026-09-11
D1401,6807079,2026-09-11
D1401,6808514,2026-09-11
D1401,6809640,2026-09-11
D1401,6810269,2026-09-29
D1401,6810860,2026-09-23
D1401,6811135,2026-09-11
D1401,6811158,2026-09-28
D1401,6825200,2026-09-12
D1401,6825586,2026-09-12
D1401,6826227,2026-09-11
D1401,6826942,2026-09-11
D1401,6827337,2026-09-11
D1401,6827932,2026-09-11
D1401,6828487,2026-09-11
D1401,6830432,2026-09-11
D1401,6831261,2026-09-12
D1401,6846477,2026-09-12
D1401,6846785,2026-09-12
D1401,6847877,2026-09-12
D1401,6849992,2026-09-12
D1401,6850109,2026-09-12
D1401,6857250,2026-09-13
D1401,6862813,2026-09-15
D1401,6862891,2026-09-15
D1401,6863223,2026-09-14
D1401,6881762,2026-09-15
D1401,6881806,2026-09-15
D1401,6882053,2026-09-15
D1401,6883816,2026-09-15
D1401,6885352,2026-09-15
D1401,6894039,2026-09-18
D1401,6894661,2026-09-15
D1401,6894664,2026-09-15
D1401,6895809,2026-09-15
D1401,6895811,2026-09-15
D1401,6895836,2026-09-15
D1401,6896648,2026-09-15
D1401,6897483,2026-09-15
D1401,6897521,2026-09-15
D1401,6897700,2026-09-15
D1401,6899646,2026-09-15
D1401,6907465,2026-09-15
D1401,6907496,2026-09-15
D1401,6910236,2026-09-16
D1401,6927348,2026-09-16
D1401,6929415,2026-09-16
D1401,6929429,2026-09-16
D1401,6930024,2026-09-16
D1401,6930199,2026-09-16
D1401,6930641,2026-09-16
D1401,6931342,2026-09-16
D1401,6932523,2026-09-16
D1401,6932807,2026-09-16
D1401,6935181,2026-09-16
D1401,6935340,2026-09-16
D1401,6936135,2026-09-16
D1401,6944021,2026-09-17
D1401,6944025,2026-09-17
D1401,6944028,2026-09-17
D1401,6944098,2026-09-17
D1401,6944116,2026-09-17
D1401,6944119,2026-09-17
D1401,6944120,2026-09-17
D1401,6944174,2026-09-17
D1401,6944193,2026-09-17
D1401,6944216,2026-09-17
D1401,6944221,2026-09-17
D1401,6944230,2026-09-17
D1401,6944236,2026-09-17
D1401,6944243,2026-09-17
D1401,6944247,2026-09-17
D1401,6944265,2026-09-17
D1401,6944272,2026-09-17
D1401,6944274,2026-09-17
D1401,6944280,2026-09-17
D1401,6944286,2026-09-17
D1401,6944296,2026-09-17
D1401,6944297,2026-09-17
D1401,6944309,2026-09-17
D1401,6944310,2026-09-17
D1401,6944318,2026-09-17
D1401,6944321,2026-09-17
D1401,6944333,2026-09-17
D1401,6944367,2026-09-17
D1401,6944381,2026-09-17
D1401,6944390,2026-09-17
D1401,6944490,2026-09-17
D1401,6944818,2026-09-17
D1401,6944892,2026-09-17
D1401,6946611,2026-09-17
D1401,6946831,2026-09-17
D1401,6947401,2026-09-17
D1401,6963675,2026-09-18
D1401,6963790,2026-09-17
D1401,6964068,2026-09-17
D1401,6965234,2026-09-17
D1401,6966605,2026-09-17
D1401,6967558,2026-09-17
D1401,6969390,2026-09-18
D1401,6971719,2026-09-22
D1401,6972695,2026-09-29
D1401,6986518,2026-09-18
D1401,6986535,2026-09-18
D1401,6986537,2026-09-18
D1401,6986552,2026-09-18
D1401,6986595,2026-09-20
D1401,6986618,2026-09-20
D1401,6986636,2026-09-20
D1401,6986642,2026-09-20
D1401,6986655,2026-09-20
D1401,6987188,2026-09-18
D1401,6988069,2026-09-18
D1401,6988079,2026-09-18
D1401,6988926,2026-09-18
D1401,6989866,2026-09-18
D1401,6989885,2026-09-18
D1401,6994220,2026-09-18
D1401,6994326,2026-09-18
D1401,6994725,2026-09-18
D1401,6995019,2026-09-18
D1401,6995255,2026-09-18
D1401,6995297,2026-09-18
D1401,6995360,2026-09-18
D1401,6995465,2026-09-18
D1401,6996483,2026-09-23
D1401,6997772,2026-09-18
D1401,6998195,2026-09-18
D1401,7002265,2026-09-18
D1401,7005053,2026-09-18
D1401,7005216,2026-09-18
D1401,7005275,2026-09-18
D1401,7005306,2026-09-18
D1401,7005362,2026-09-18
D1401,7006014,2026-09-18
D1401,7015046,2026-09-19
D1401,7015246,2026-09-19
D1401,7015348,2026-09-19
D1401,7031044,2026-09-19
D1401,7031082,2026-09-19
D1401,7031110,2026-09-19
D1401,7031260,2026-09-19
D1401,7031347,2026-09-19
D1401,7031411,2026-09-19
D1401,7031614,2026-09-19
D1401,7032568,2026-09-19
D1401,7032626,2026-09-19
D1401,7033348,2026-09-19
D1401,7034386,2026-09-19
D1401,7034414,2026-09-19
D1401,7034993,2026-09-19
D1401,7035968,2026-09-19
D1401,7036005,2026-09-19
D1401,7043810,2026-09-20
D1401,7052606,2026-09-29
D1401,7052948,2026-09-21
D1401,7052982,2026-09-21
D1401,7056662,2026-09-21
D1401,7056713,2026-09-21
D1401,7057502,2026-09-21
D1401,7058158,2026-09-21
D1401,7059107,2026-09-29
D1401,7059153,2026-09-29
D1401,7060076,2026-09-29
D1401,7060148,2026-09-29
D1401,7060911,2026-09-21
D1401,7063117,2026-09-21
D1401,7063131,2026-09-21
D1401,7063176,2026-09-21
D1401,7063321,2026-09-21
D1401,7063360,2026-09-21
D1401,7063506,2026-09-21
D1401,7063524,2026-09-21
D1401,7063540,2026-09-21
D1401,7063569,2026-09-21
D1401,7066889,2026-09-21
D1401,7067042,2026-09-21
D1401,7070616,2026-09-29
D1401,7071392,2026-09-22
D1401,7071560,2026-09-22
D1401,7071995,2026-09-22
D1401,7072126,2026-09-22
D1401,7090053,2026-09-22
D1401,7091130,2026-09-22
D1401,7095251,2026-09-22
D1401,7096468,2026-09-22
D1401,7098397,2026-09-22
D1401,7099353,2026-09-22
D1401,7100479,2026-09-22
D1401,7100772,2026-09-22
D1401,7102867,2026-09-22
D1401,7102910,2026-09-22
D1401,7102916,2026-09-22
D1401,7104716,2026-09-23
D1401,7105155,2026-09-23
D1401,7107859,2026-09-23
D1401,7110077,2026-09-23
D1401,7111083,2026-09-23
D1401,7112991,2026-09-23
D1401,7113003,2026-09-23
D1401,7113766,2026-09-23
D1401,7114017,2026-09-23
D1401,7115723,2026-09-23
D1401,7116164,2026-09-23
D1401,7126093,2026-09-23
D1401,7132284,2026-09-23
D1401,7133089,2026-09-23
D1401,7133698,2026-09-23
D1401,7135170,2026-09-23
D1401,7135203,2026-09-23
D1401,7135599,2026-09-23
D1401,7137630,2026-09-23
D1401,7137726,2026-09-23
D1401,7148612,2026-09-23
D1401,7148704,2026-09-23
D1401,7148714,2026-09-23
D1401,7148752,2026-09-23
D1401,7148986,2026-09-23
D1401,7150243,2026-09-23
D1401,7151186,2026-09-23
D1401,7151217,2026-09-23
D1401,7151296,2026-09-23
D1401,7151547,2026-09-23
D1401,7152098,2026-09-23
D1401,7152374,2026-09-24
D1401,7152382,2026-09-24
D1401,7154491,2026-09-24
D1401,7154808,2026-09-24
D1401,7155705,2026-09-24
D1401,7155951,2026-09-24
D1401,7158425,2026-09-24
D1401,7162167,2026-09-24
D1401,7162863,2026-09-24
D1401,7163581,2026-09-24
D1401,7163909,2026-09-24
D1401,7164279,2026-09-24
D1401,7164830,2026-09-24
D1401,7165011,2026-09-24
D1401,7165253,2026-09-24
D1401,7165820,2026-09-24
D1401,7166088,2026-09-24
D1401,7167464,2026-09-24
D1401,7167570,2026-09-24
D1401,7167626,2026-09-24
D1401,7167711,2026-09-24
D1401,7167933,2026-09-24
D1401,7168126,2026-09-24
D1401,7168250,2026-09-24
D1401,7168519,2026-09-24
D1401,7169241,2026-09-24
D1401,7169542,2026-09-24
D1401,7345237,2026-09-24
D1401,7345244,2026-09-24
D1401,7346838,2026-09-25
D1401,7347112,2026-09-25
D1401,7347147,2026-09-25
D1401,7347194,2026-09-25
D1401,7347213,2026-09-25
D1401,7347288,2026-09-25
D1401,7347531,2026-09-25
D1401,7347800,2026-09-25
D1401,7347822,2026-09-25
D1401,7348506,2026-09-25
D1401,7351798,2026-09-25
D1401,7352331,2026-09-25
D1401,7352508,2026-09-25
D1401,7353449,2026-09-29
D1401,7353617,2026-09-29
D1401,7354534,2026-09-29
D1401,7356129,2026-09-29
D1401,7356840,2026-09-29
D1401,7363008,2026-09-25
D1401,7380231,2026-09-25
D1401,7384248,2026-09-25
D1401,7385497,2026-09-25
D1401,7385800,2026-09-25
D1401,7385985,2026-09-25
D1401,7386851,2026-09-25
D1401,7386912,2026-09-25
D1401,7389573,2026-09-25
D1401,7392970,2026-09-25
D1401,7393704,2026-09-25
D1401,7393772,2026-09-25
D1401,7393890,2026-09-25
D1401,7394289,2026-09-25
D1401,7394499,2026-09-28
D1401,7395037,2026-09-25
D1401,7395419,2026-09-25
D1401,7396376,2026-09-28
D1401,7396466,2026-09-25
D1401,7398016,2026-09-25
D1401,7400152,2026-09-25
D1401,7401086,2026-09-26
D1401,7402662,2026-09-26
D1401,7403593,2026-09-26
D1401,7403594,2026-09-26
D1401,7403798,2026-09-26
D1401,7404632,2026-09-26
D1401,7405327,2026-09-26
D1401,7405606,2026-09-29
D1401,7406999,2026-09-29
D1401,7420092,2026-09-26
D1401,7420650,2026-09-26
D1401,7420652,2026-09-26
D1401,7423538,2026-09-26
D1401,7424385,2026-09-26
D1401,7427967,2026-09-26
D1401,7428165,2026-09-26
D1401,7428183,2026-09-26
D1401,7428434,2026-09-26
D1401,7428890,2026-09-26
D1401,7429795,2026-09-26
D1401,7429823,2026-09-26
D1401,7430028,2026-09-26
D1401,7430973,2026-09-28
D1401,7431032,2026-09-28
D1401,7431468,2026-09-26
D1401,7435972,2026-09-27
D1401,7437047,2026-09-27
D1401,7449145,2026-09-27
D1401,7450506,2026-09-27
D1401,7454104,2026-09-29
D1401,7454228,2026-09-29
D1401,7456887,2026-09-28
D1401,7456891,2026-09-28
D1401,7461653,2026-09-28
D1401,7461696,2026-09-28
D1401,7462656,2026-09-28
D1401,7462787,2026-09-28
D1401,7462918,2026-09-28
D1401,7463347,2026-09-28
D1401,7463787,2026-09-28
D1401,7464254,2026-09-28
D1401,7464325,2026-09-28
D1401,7464492,2026-09-28
D1401,7464845,2026-09-28
D1401,7465061,2026-09-28
D1401,7467128,2026-09-28
D1401,7467263,2026-09-28
D1401,7470981,2026-09-28
D1401,7471129,2026-09-28
D1401,7471673,2026-09-28
D1401,7471747,2026-09-28
D1401,7471784,2026-09-28
D1401,7472201,2026-09-28
D1401,7472320,2026-09-28
D1401,7472394,2026-09-28
D1401,7472518,2026-09-28
D1401,7473121,2026-09-29
D1401,7473323,2026-09-29
D1401,7474454,2026-09-29
D1401,7474561,2026-09-29
D1401,7474788,2026-09-29
D1401,7474994,2026-09-29
D1401,7475055,2026-09-29
D1401,7475216,2026-09-29
D1401,7475291,2026-09-29
D1401,7475354,2026-09-29
D1401,7475790,2026-09-29
D1401,7476082,2026-09-29
D1401,7476129,2026-09-29
D1401,7476752,2026-09-29
D1401,7476817,2026-09-29
D1401,7477013,2026-09-29
D1401,7477131,2026-09-29
D1401,7477174,2026-09-29
D1401,7477497,2026-09-29
D1401,7477575,2026-09-29
D1401,7477746,2026-09-29
D1401,7477965,2026-09-29
D1401,7478019,2026-09-29
D1401,7478507,2026-09-29
D1401,7479753,2026-09-29
D1401,7489696,2026-09-29
D1402,1293110,2026-09-25
D1402,1739531,2026-07-20
D1402,204GGKW,2026-09-17
D1402,207HQSV,2026-09-07
D1402,209DNYR,2026-09-21
D1402,209LCYF,2026-08-31
D1402,209MYRP,2026-09-17
D1402,210HRVC,2026-09-09
D1402,210NPLJ,2026-09-14
D1402,210SDNX,2026-09-24
D1402,210SFYB,2026-09-01
D1402,210WSKD,2026-09-24
D1402,210WSQK,2026-09-24
D1402,210YDHY,2026-09-14
D1402,210YYBN,2026-09-04
D1402,211BPNR,2026-09-25
D1402,211BPPJ,2026-09-25
D1402,211LNXQ,2026-09-28
D1402,211QKVL,2026-09-29
D1402,211TTZN,2026-09-15
D1402,211WMNJ,2026-09-21
D1402,211WVBY,2026-09-01
D1402,212BWNM,2026-09-08
D1402,212CFJB,2026-09-29
D1402,212CNMC,2026-09-18
D1402,212DBRQ,2026-09-23
D1402,212FTLR,2026-09-08
D1402,212FYPT,2026-09-08
D1402,212GPTM,2026-09-21
D1402,212JJVP,2026-09-28
D1402,212JZHR,2026-09-16
D1402,212LZJS,2026-09-22
D1402,212NVWJ,2026-09-23
D1402,212PWZQ,2026-09-08
D1402,212PXGW,2026-09-08
D1402,212RTWK,2026-09-28
D1402,212SDHL,2026-09-10
D1402,212SFZR,2026-09-24
D1402,212XBPV,2026-09-24
D1402,212XFMQ,2026-09-24
D1402,212YDQK,2026-09-25
D1402,212YFFS,2026-09-15
D1402,213DLHB,2026-09-21
D1402,213DLYB,2026-09-21
D1402,213DZWX,2026-09-17
D1402,213FPGG,2026-09-01
D1402,213FWXF,2026-09-28
D1402,213FYQC,2026-09-25
D1402,213FZFF,2026-09-17
D1402,213GGSF,2026-09-02
D1402,213GGSG,2026-09-18
D1402,213GMNV,2026-09-21
D1402,213GQFN,2026-09-02
D1402,213HDZZ,2026-09-15
D1402,213HGLS,2026-09-18
D1402,213HGRJ,2026-09-22
D1402,213HKRR,2026-09-24
D1402,213HNCS,2026-09-10
D1402,213HNHR,2026-09-18
D1402,213HNJD,2026-09-18
D1402,213HNJK,2026-09-18
D1402,213HNJX,2026-09-18
D1402,213JPRJ,2026-09-21
D1402,213KMMS,2026-09-29
D1402,213LHYF,2026-09-20
D1402,213LYWP,2026-09-27
D1402,213MDHV,2026-09-23
D1402,213MFKH,2026-09-23
D1402,213NCSN,2026-09-07
D1402,213NHPH,2026-09-24
D1402,213NKSH,2026-09-22
D1402,213NKTT,2026-09-22
D1402,213NKVR,2026-09-22
D1402,213NKWF,2026-09-22
D1402,213NKYW,2026-09-22
D1402,213NLBB,2026-09-22
D1402,213NQXR,2026-09-24
D1402,213PVVL,2026-09-25
D1402,213QNGB,2026-09-28
D1402,213QNJL,2026-09-25
D1402,213QVGT,2026-09-25
D1402,213QYZZ,2026-09-25
D1402,213RFDL,2026-09-26
D1402,213RLFZ,2026-09-26
D1402,213RQXP,2026-09-23
D1402,213RSRV,2026-09-26
D1402,213RWGL,2026-09-11
D1402,213RYKM,2026-09-28
D1402,213SKNH,2026-09-26
D1402,213SLFK,2026-09-22
D1402,213SZRZ,2026-09-27
D1402,213TBJM,2026-09-28
D1402,213TDQM,2026-09-27
D1402,213THCZ,2026-09-27
D1402,213THGZ,2026-09-11
D1402,213TQGX,2026-09-27
D1402,213TRGL,2026-09-27
D1402,213VGCD,2026-09-17
D1402,213WCQP,2026-09-18
D1402,213WSLW,2026-09-15
D1402,213XDBQ,2026-09-22
D1402,213XHXK,2026-09-15
D1402,213XYVW,2026-09-16
D1402,213YDDK,2026-09-25
D1402,213YHPP,2026-09-17
D1402,213YHXW,2026-09-28
D1402,213YJFT,2026-09-16
D1402,213YJSS,2026-09-23
D1402,213YKLJ,2026-09-18
D1402,213YKPM,2026-09-17
D1402,213YWVP,2026-09-17
D1402,213YXZN,2026-09-17
D1402,213YYFC,2026-09-29
D1402,213ZCVM,2026-09-17
D1402,213ZMYS,2026-09-21
D1402,213ZMZB,2026-09-17
D1402,213ZNQD,2026-09-17
D1402,213ZSTC,2026-09-29
D1402,214BFXV,2026-09-21
D1402,214BVVD,2026-09-18
D1402,214BYKH,2026-09-18
D1402,214BZFJ,2026-09-23
D1402,214CDBD,2026-09-21
D1402,214CKNB,2026-09-24
D1402,214CMCH,2026-09-28
D1402,214CMGM,2026-09-18
D1402,214CMGV,2026-09-18
D1402,214CWBF,2026-09-21
D1402,214CWCW,2026-09-21
D1402,214DBQL,2026-09-22
D1402,214DKXZ,2026-09-22
D1402,214DPYF,2026-09-23
D1402,214DRZJ,2026-09-22
D1402,214DSKX,2026-09-28
D1402,214FBTS,2026-09-22
D1402,214FJHL,2026-09-22
D1402,214FTSP,2026-09-22
D1402,214FWRR,2026-09-22
D1402,214FWSF,2026-09-22
D1402,214FWVX,2026-09-22
D1402,214FWXC,2026-09-22
D1402,214FWXW,2026-09-22
D1402,214FWYS,2026-09-22
D1402,214FWZC,2026-09-22
D1402,214FWZN,2026-09-22
D1402,214FWZV,2026-09-22
D1402,214FXBN,2026-09-22
D1402,214FXCK,2026-09-22
D1402,214FXCS,2026-09-22
D1402,214FXCZ,2026-09-22
D1402,214FXDX,2026-09-22
D1402,214FXFN,2026-09-22
D1402,214FXFW,2026-09-22
D1402,214FXGC,2026-09-22
D1402,214FXGP,2026-09-22
D1402,214FXHH,2026-09-22
D1402,214FXHP,2026-09-22
D1402,214FXHZ,2026-09-22
D1402,214FXJJ,2026-09-22
D1402,214FXJS,2026-09-22
D1402,214GBZS,2026-09-23
D1402,214GNWG,2026-09-23
D1402,214GTLY,2026-09-23
D1402,214GVNX,2026-09-23
D1402,214HFTN,2026-09-23
D1402,214HKPX,2026-09-23
D1402,214HPZP,2026-09-23
D1402,214HQRY,2026-09-23
D1402,214HQTT,2026-09-23
D1402,214JCWL,2026-09-24
D1402,214JFMJ,2026-09-24
D1402,214JGJT,2026-09-24
D1402,214JGXK,2026-09-24
D1402,214JLRQ,2026-09-24
D1402,214JMGN,2026-09-24
D1402,214JNTQ,2026-09-24
D1402,214JSXJ,2026-09-24
D1402,214KBJZ,2026-09-25
D1402,214KFSH,2026-09-25
D1402,214KGCP,2026-09-25
D1402,214KGDC,2026-09-25
D1402,214KGDR,2026-09-25
D1402,214KGGD,2026-09-28
D1402,214KGHB,2026-09-25
D1402,214KGHM,2026-09-25
D1402,214KGJB,2026-09-28
D1402,214KGJQ,2026-09-25
D1402,214KGJZ,2026-09-25
D1402,214KGLK,2026-09-25
D1402,214KGMH,2026-09-25
D1402,214KGNF,2026-09-25
D1402,214KGPL,2026-09-25
D1402,214KGQD,2026-09-25
D1402,214KGRD,2026-09-25
D1402,214KGRS,2026-09-25
D1402,214KGSH,2026-09-25
D1402,214KGTC,2026-09-25
D1402,214KGTS,2026-09-25
D1402,214KGVV,2026-09-25
D1402,214KGWN,2026-09-25
D1402,214KGXR,2026-09-25
D1402,214KGZM,2026-09-25
D1402,214KJHB,2026-09-25
D1402,214KLVN,2026-09-28
D1402,214KNRK,2026-09-25
D1402,214LBDP,2026-09-28
D1402,214LDCJ,2026-09-28
D1402,214LDQX,2026-09-28
D1402,214LFGJ,2026-09-28
D1402,214LJMQ,2026-09-25
D1402,214LLLB,2026-09-28
D1402,214LTNB,2026-09-28
D1402,214LWVN,2026-09-28
D1402,214MBPL,2026-09-28
D1402,214MJDF,2026-09-28
D1402,214MJPT,2026-09-28
D1402,214MLGV,2026-09-28
D1402,214MTVX,2026-09-28
D1402,214MYTM,2026-09-29
D1402,214NBRP,2026-09-29
D1402,214NGYV,2026-09-29
D1402,3670379,2026-07-01
D1402,3722957,2026-09-29
D1402,3846299,2026-07-15
D1402,4175812,2026-09-15
D1402,4175819,2026-09-15
D1402,4457166,2026-09-02
D1402,4457219,2026-09-02
D1402,4457249,2026-09-02
D1402,4606300,2026-09-02
D1402,4625652,2026-07-07
D1402,4625678,2026-07-07
D1402,4625683,2026-07-07
D1402,4625687,2026-07-07
D1402,4648215,2026-07-07
D1402,4672291,2026-09-10
D1402,4769222,2026-07-09
D1402,4769356,2026-07-09
D1402,4783926,2026-07-15
D1402,4784494,2026-07-15
D1402,4812714,2026-08-25
D1402,4943575,2026-09-15
D1402,5010365,2026-07-15
D1402,5118955,2026-09-21
D1402,5121824,2026-09-15
D1402,5122611,2026-09-19
D1402,5122618,2026-09-15
D1402,5130833,2026-08-31
D1402,5193269,2026-08-31
D1402,5203025,2026-07-22
D1402,5218252,2026-07-21
D1402,5228069,2026-09-11
D1402,5403848,2026-08-31
D1402,5403849,2026-08-31
D1402,5470705,2026-07-25
D1402,5479207,2026-07-27
D1402,5517405,2026-07-28
D1402,5517408,2026-07-28
D1402,5517409,2026-07-28
D1402,5563709,2026-07-29
D1402,5620805,2026-07-31
D1402,5630018,2026-08-31
D1402,5630019,2026-08-31
D1402,5639071,2026-08-31
D1402,5660472,2026-08-22
D1402,5682735,2026-08-02
D1402,5706220,2026-08-05
D1402,5708030,2026-08-25
D1402,5779551,2026-08-06
D1402,5791940,2026-08-06
D1402,5793002,2026-08-06
D1402,5827882,2026-08-21
D1402,5940166,2026-08-12
D1402,5940773,2026-08-12
D1402,5959867,2026-08-22
D1402,5959896,2026-09-02
D1402,5993916,2026-08-28
D1402,5993920,2026-08-14
D1402,5993934,2026-08-28
D1402,6000918,2026-08-14
D1402,6026587,2026-09-21
D1402,6050124,2026-09-28
D1402,6051021,2026-08-17
D1402,6090172,2026-09-17
D1402,6181690,2026-08-21
D1402,6181702,2026-08-21
D1402,6181705,2026-08-21
D1402,6226446,2026-09-28
D1402,6236235,2026-09-28
D1402,6236516,2026-08-24
D1402,6241022,2026-09-23
D1402,6260663,2026-09-04
D1402,6265992,2026-08-28
D1402,6276133,2026-09-02
D1402,6276553,2026-09-02
D1402,6281485,2026-09-18
D1402,6315044,2026-09-08
D1402,6315047,2026-09-08
D1402,6315054,2026-09-08
D1402,6315555,2026-09-02
D1402,6315556,2026-09-02
D1402,6315563,2026-09-02
D1402,6315577,2026-09-02
D1402,6315585,2026-09-02
D1402,6318456,2026-08-29
D1402,6322942,2026-08-27
D1402,6358534,2026-08-28
D1402,6358546,2026-08-28
D1402,6395185,2026-08-29
D1402,6399442,2026-08-29
D1402,6429062,2026-09-28
D1402,6433817,2026-09-18
D1402,6433861,2026-09-17
D1402,6444756,2026-08-31
D1402,6444781,2026-08-31
D1402,6444783,2026-08-31
D1402,6444836,2026-08-31
D1402,6444854,2026-08-31
D1402,6461778,2026-09-11
D1402,6464415,2026-08-31
D1402,6466016,2026-09-08
D1402,6466019,2026-09-08
D1402,6466086,2026-09-08
D1402,6466087,2026-09-08
D1402,6466096,2026-09-08
D1402,6466716,2026-09-02
D1402,6466889,2026-09-02
D1402,6467118,2026-09-02
D1402,6495443,2026-09-02
D1402,6530238,2026-09-02
D1402,6530260,2026-09-02
D1402,6532454,2026-09-28
D1402,6534085,2026-09-02
D1402,6534193,2026-09-02
D1402,6535161,2026-09-27
D1402,6570999,2026-09-24
D1402,6580249,2026-09-18
D1402,6580394,2026-09-03
D1402,6588871,2026-09-03
D1402,6589111,2026-09-03
D1402,6589171,2026-09-03
D1402,6590028,2026-09-03
D1402,6590029,2026-09-03
D1402,6590144,2026-09-03
D1402,6590147,2026-09-03
D1402,6590148,2026-09-03
D1402,6598567,2026-09-04
D1402,6635697,2026-09-04
D1402,6635709,2026-09-04
D1402,6639459,2026-09-28
D1402,6640247,2026-09-05
D1402,6644201,2026-09-05
D1402,6664734,2026-09-29
D1402,6694936,2026-09-07
D1402,6707340,2026-09-08
D1402,6729351,2026-09-08
D1402,6735676,2026-09-08
D1402,6736124,2026-09-08
D1402,6738686,2026-09-09
D1402,6740856,2026-09-26
D1402,6745253,2026-09-09
D1402,6747476,2026-09-09
D1402,6747477,2026-09-09
D1402,6747478,2026-09-09
D1402,6747487,2026-09-09
D1402,6747494,2026-09-09
D1402,6747506,2026-09-09
D1402,6747510,2026-09-09
D1402,6747513,2026-09-09
D1402,6772819,2026-09-09
D1402,6773086,2026-09-09
D1402,6773100,2026-09-09
D1402,6774011,2026-09-09
D1402,6774179,2026-09-09
D1402,6776406,2026-09-09
D1402,6776407,2026-09-09
D1402,6782049,2026-09-10
D1402,6803150,2026-09-10
D1402,6803575,2026-09-10
D1402,6805921,2026-09-10
D1402,6805957,2026-09-10
D1402,6808091,2026-09-11
D1402,6809003,2026-09-11
D1402,6809295,2026-09-11
D1402,6809345,2026-09-11
D1402,6825885,2026-09-12
D1402,6826397,2026-09-11
D1402,6826423,2026-09-11
D1402,6832409,2026-09-12
D1402,6832973,2026-09-29
D1402,6847607,2026-09-12
D1402,6884584,2026-09-18
D1402,6884597,2026-09-15
D1402,6884619,2026-09-15
D1402,6907264,2026-09-15
D1402,6911306,2026-09-16
D1402,6962165,2026-09-29
D1402,6962182,2026-09-29
D1402,6962461,2026-09-29
D1402,6963062,2026-09-29
D1402,6963690,2026-09-17
D1402,6963937,2026-09-17
D1402,6964022,2026-09-17
D1402,6964547,2026-09-17
D1402,6968921,2026-09-23
D1402,6968928,2026-09-23
D1402,6969735,2026-09-18
D1402,6970105,2026-09-18
D1402,6988083,2026-09-18
D1402,6992127,2026-09-18
D1402,6992280,2026-09-18
D1402,6994598,2026-09-18
D1402,6997231,2026-09-18
D1402,6997257,2026-09-18
D1402,6997274,2026-09-18
D1402,6997306,2026-09-18
D1402,6997308,2026-09-18
D1402,6997328,2026-09-18
D1402,6997334,2026-09-18
D1402,6999224,2026-09-18
D1402,6999233,2026-09-18
D1402,6999275,2026-09-18
D1402,6999279,2026-09-18
D1402,6999280,2026-09-18
D1402,6999281,2026-09-18
D1402,6999284,2026-09-18
D1402,6999292,2026-09-18
D1402,6999294,2026-09-18
D1402,6999298,2026-09-18
D1402,6999302,2026-09-18
D1402,6999303,2026-09-18
D1402,6999313,2026-09-18
D1402,6999336,2026-09-18
D1402,6999347,2026-09-18
D1402,6999354,2026-09-18
D1402,6999377,2026-09-18
D1402,6999388,2026-09-18
D1402,6999392,2026-09-18
D1402,6999413,2026-09-18
D1402,6999432,2026-09-18
D1402,6999436,2026-09-18
D1402,6999445,2026-09-18
D1402,6999448,2026-09-18
D1402,6999451,2026-09-18
D1402,7000473,2026-09-18
D1402,7001868,2026-09-25
D1402,7005075,2026-09-18
D1402,7005098,2026-09-18
D1402,7005952,2026-09-18
D1402,7008603,2026-09-18
D1402,7013846,2026-09-29
D1402,7030482,2026-09-19
D1402,7035575,2026-09-19
D1402,7035589,2026-09-19
D1402,7036064,2026-09-20
D1402,7053961,2026-09-21
D1402,7056987,2026-09-21
D1402,7058565,2026-09-21
D1402,7066392,2026-09-21
D1402,7066393,2026-09-21
D1402,7066637,2026-09-21
D1402,7070464,2026-09-22
D1402,7071763,2026-09-22
D1402,7091287,2026-09-22
D1402,7099635,2026-09-22
D1402,7104196,2026-09-22
D1402,7104221,2026-09-22
D1402,7107905,2026-09-23
D1402,7111207,2026-09-23
D1402,7131992,2026-09-23
D1402,7132755,2026-09-23
D1402,7133704,2026-09-23
D1402,7134851,2026-09-23
D1402,7149312,2026-09-23
D1402,7149333,2026-09-23
D1402,7149335,2026-09-23
D1402,7149337,2026-09-23
D1402,7149351,2026-09-23
D1402,7149355,2026-09-23
D1402,7149399,2026-09-26
D1402,7149433,2026-09-23
D1402,7149915,2026-09-23
D1402,7164144,2026-09-24
D1402,7164213,2026-09-24
D1402,7164997,2026-09-24
D1402,7165270,2026-09-24
D1402,7167961,2026-09-24
D1402,7168335,2026-09-24
D1402,7168481,2026-09-24
D1402,7168734,2026-09-24
D1402,7169191,2026-09-24
D1402,7169569,2026-09-24
D1402,7347773,2026-09-28
D1402,7348008,2026-09-26
D1402,7349671,2026-09-25
D1402,7351591,2026-09-25
D1402,7379886,2026-09-25
D1402,7380062,2026-09-25
D1402,7380133,2026-09-25
D1402,7380453,2026-09-29
D1402,7385058,2026-09-25
D1402,7385067,2026-09-25
D1402,7385715,2026-09-25
D1402,7385722,2026-09-25
D1402,7385776,2026-09-25
D1402,7385951,2026-09-25
D1402,7396800,2026-09-25
D1402,7397884,2026-09-25
D1402,7400422,2026-09-28
D1402,7400867,2026-09-26
D1402,7402228,2026-09-26
D1402,7402815,2026-09-26
D1402,7403910,2026-09-26
D1402,7404254,2026-09-26
D1402,7405198,2026-09-26
D1402,7421971,2026-09-26
D1402,7423556,2026-09-26
D1402,7427148,2026-09-26
D1402,7427428,2026-09-26
D1402,7429388,2026-09-26
D1402,7430368,2026-09-26
D1402,7430394,2026-09-26
D1402,7430818,2026-09-28
D1402,7430833,2026-09-28
D1402,7430844,2026-09-28
D1402,7430962,2026-09-28
D1402,7430963,2026-09-28
D1402,7430965,2026-09-28
D1402,7431548,2026-09-26
D1402,7431567,2026-09-26
D1402,7436151,2026-09-27
D1402,7437033,2026-09-27
D1402,7449266,2026-09-27
D1402,7449351,2026-09-27
D1402,7449432,2026-09-27
D1402,7452027,2026-09-27
D1402,7452087,2026-09-27
D1402,7453021,2026-09-28
D1402,7453022,2026-09-28
D1402,7465080,2026-09-28
D1402,7467123,2026-09-28
D1402,7472502,2026-09-28
D1402,7472652,2026-09-29
D1402,7473137,2026-09-29
D1402,7474363,2026-09-29
D1406,1380560,2026-09-26
D1406,204DZSF,2026-09-15
D1406,204MHJP,2026-09-23
D1406,208PFFH,2026-09-25
D1406,211FSSQ,2026-09-25
D1406,211HCBC,2026-09-21
D1406,211LBKJ,2026-09-21
D1406,211MNVK,2026-09-18
D1406,211PZBW,2026-09-22
D1406,211RFDK,2026-09-22
D1406,211SYDW,2026-09-01
D1406,211TDRW,2026-09-25
D1406,211WSMQ,2026-09-22
D1406,211YKRS,2026-09-28
D1406,212HPZV,2026-09-18
D1406,212MBNS,2026-09-21
D1406,212MXWC,2026-09-14
D1406,212WHFY,2026-09-29
D1406,212YBLT,2026-09-22
D1406,212ZKQB,2026-09-28
D1406,213CQZF,2026-08-31
D1406,213DVNZ,2026-09-21
D1406,213DVPP,2026-09-21
D1406,213DWTZ,2026-09-18
D1406,213FBKX,2026-09-17
D1406,213FCWB,2026-09-24
D1406,213FKWG,2026-09-17
D1406,213FMDS,2026-09-01
D1406,213GCWG,2026-09-21
D1406,213GDBZ,2026-09-23
D1406,213GJWG,2026-09-25
D1406,213GWXC,2026-09-11
D1406,213GZYH,2026-09-25
D1406,213HBCD,2026-09-25
D1406,213HBGF,2026-09-25
D1406,213HBJY,2026-09-25
D1406,213HBNW,2026-09-25
D1406,213HBRV,2026-09-25
D1406,213HBVN,2026-09-25
D1406,213HBYH,2026-09-25
D1406,213HCBQ,2026-09-25
D1406,213HCFR,2026-09-25
D1406,213HGNN,2026-09-02
D1406,213HTFW,2026-09-24
D1406,213HXLK,2026-09-19
D1406,213JVCC,2026-09-19
D1406,213KZHP,2026-09-22
D1406,213KZKD,2026-09-07
D1406,213KZLQ,2026-09-07
D1406,213KZMD,2026-09-20
D1406,213KZPH,2026-09-07
D1406,213KZPW,2026-09-07
D1406,213KZQX,2026-09-07
D1406,213KZRK,2026-09-07
D1406,213KZSW,2026-09-20
D1406,213LFDB,2026-09-28
D1406,213LMNK,2026-09-20
D1406,213LWGC,2026-09-23
D1406,213MDVC,2026-09-28
D1406,213MDXY,2026-09-08
D1406,213MNCZ,2026-09-28
D1406,213MTCD,2026-09-23
D1406,213MZNZ,2026-09-08
D1406,213NGFT,2026-09-08
D1406,213NNLN,2026-09-24
D1406,213NPQG,2026-09-24
D1406,213PDPD,2026-09-10
D1406,213QGRK,2026-09-23
D1406,213QKLY,2026-09-09
D1406,213QPLX,2026-09-25
D1406,213QWSJ,2026-09-24
D1406,213RHDH,2026-09-10
D1406,213RVJY,2026-09-26
D1406,213RWZR,2026-09-26
D1406,213RXBN,2026-09-26
D1406,213STVH,2026-09-14
D1406,213TBCR,2026-09-27
D1406,213TBMH,2026-09-22
D1406,213TJTY,2026-09-11
D1406,213TKDV,2026-09-11
D1406,213TSRC,2026-09-21
D1406,213TTMQ,2026-09-27
D1406,213VHLW,2026-09-24
D1406,213VJHP,2026-09-15
D1406,213VJLB,2026-09-28
D1406,213VMFQ,2026-09-15
D1406,213VNJB,2026-09-17
D1406,213VNRZ,2026-09-21
D1406,213VSFF,2026-09-14
D1406,213VXPS,2026-09-23
D1406,213WDHF,2026-09-15
D1406,213WQPL,2026-09-15
D1406,213WWBW,2026-09-15
D1406,213WWLD,2026-09-15
D1406,213WYZF,2026-09-15
D1406,213WZTP,2026-09-29
D1406,213XBVX,2026-09-27
D1406,213XBVY,2026-09-15
D1406,213XCQF,2026-09-15
D1406,213XMTG,2026-09-29
D1406,213YPYT,2026-09-17
D1406,213YVRW,2026-09-17
D1406,213ZBRR,2026-09-21
D1406,213ZFMQ,2026-09-18
D1406,213ZFVX,2026-09-18
D1406,213ZLFL,2026-09-18
D1406,213ZYVJ,2026-09-24
D1406,214BKDN,2026-09-24
D1406,214BPNR,2026-09-18
D1406,214BPPW,2026-09-18
D1406,214BTJK,2026-09-18
D1406,214BTWX,2026-09-18
D1406,214BTXR,2026-09-28
D1406,214BTYF,2026-09-18
D1406,214BTYX,2026-09-18
D1406,214BWRH,2026-09-25
D1406,214CKHG,2026-09-18
D1406,214CKPC,2026-09-21
D1406,214CMQH,2026-09-21
D1406,214CTXS,2026-09-21
D1406,214DBCP,2026-09-24
D1406,214DFVP,2026-09-21
D1406,214DPZR,2026-09-21
D1406,214DZVJ,2026-09-23
D1406,214FBTD,2026-09-22
D1406,214FFQP,2026-09-21
D1406,214FMWQ,2026-09-22
D1406,214FQGV,2026-09-22
D1406,214FRYS,2026-09-22
D1406,214FTJZ,2026-09-23
D1406,214GBDV,2026-09-25
D1406,214GKCM,2026-09-22
D1406,214GPBL,2026-09-24
D1406,214GSLF,2026-09-23
D1406,214GSZQ,2026-09-23
D1406,214GVFG,2026-09-23
D1406,214HCRL,2026-09-23
D1406,214HFMC,2026-09-23
D1406,214HLPY,2026-09-23
D1406,214HLSW,2026-09-23
D1406,214HTKN,2026-09-24
D1406,214HVBJ,2026-09-24
D1406,214HVCT,2026-09-24
D1406,214JBJB,2026-09-24
D1406,214KHTD,2026-09-25
D1406,214KPFC,2026-09-25
D1406,214KPNM,2026-09-25
D1406,214KVLC,2026-09-28
D1406,214KVVD,2026-09-28
D1406,214KZCF,2026-09-28
D1406,214LBHJ,2026-09-25
D1406,214LBHQ,2026-09-28
D1406,214LDKF,2026-09-28
D1406,214LXCK,2026-09-28
D1406,214MBFL,2026-09-28
D1406,214MNTG,2026-09-28
D1406,214MQRH,2026-09-28
D1406,214MRVL,2026-09-28
D1406,2155645,2026-07-22
D1406,2159884,2026-09-01
D1406,2427240,2026-07-07
D1406,3455129,2026-07-22
D1406,3684785,2026-07-07
D1406,3684786,2026-07-07
D1406,3722938,2026-09-29
D1406,3732047,2026-07-07
D1406,3866215,2026-07-07
D1406,3866217,2026-07-07
D1406,3876500,2026-07-21
D1406,3984730,2026-07-07
D1406,4027473,2026-07-18
D1406,4027475,2026-07-18
D1406,4027478,2026-07-18
D1406,4110482,2026-07-18
D1406,4231276,2026-09-15
D1406,4333177,2026-07-22
D1406,4376614,2026-07-07
D1406,4399804,2026-07-29
D1406,4439698,2026-07-01
D1406,4439923,2026-07-01
D1406,4462602,2026-07-01
D1406,4502087,2026-07-22
D1406,4525839,2026-07-03
D1406,4589410,2026-07-07
D1406,4606313,2026-09-02
D1406,4610708,2026-07-06
D1406,4688116,2026-09-29
D1406,4732277,2026-09-27
D1406,4770347,2026-09-02
D1406,4771980,2026-07-15
D1406,4796303,2026-07-10
D1406,4812879,2026-07-10
D1406,5040826,2026-09-02
D1406,5060241,2026-07-16
D1406,5114570,2026-09-01
D1406,5135751,2026-09-15
D1406,5135760,2026-09-15
D1406,5141828,2026-07-22
D1406,5169968,2026-07-20
D1406,5202909,2026-07-22
D1406,5227521,2026-08-31
D1406,5227529,2026-08-31
D1406,5421543,2026-09-15
D1406,5434155,2026-07-24
D1406,5501254,2026-09-24
D1406,5503312,2026-08-31
D1406,5551057,2026-07-29
D1406,5616383,2026-09-20
D1406,5629900,2026-07-31
D1406,5706441,2026-08-05
D1406,5708054,2026-08-05
D1406,5744236,2026-08-31
D1406,5793000,2026-08-06
D1406,5802780,2026-09-25
D1406,5827876,2026-09-01
D1406,5862154,2026-09-08
D1406,5946196,2026-09-11
D1406,5955024,2026-09-15
D1406,6002297,2026-09-11
D1406,6008136,2026-09-21
D1406,6008174,2026-09-21
D1406,6051145,2026-09-11
D1406,6088529,2026-09-17
D1406,6114198,2026-09-01
D1406,6142745,2026-08-20
D1406,6149246,2026-09-11
D1406,6236550,2026-09-11
D1406,6246781,2026-09-24
D1406,6246873,2026-09-24
D1406,6246874,2026-09-24
D1406,6246904,2026-09-24
D1406,6266539,2026-09-11
D1406,6277818,2026-09-11
D1406,6277820,2026-09-11
D1406,6282620,2026-09-24
D1406,6306268,2026-08-28
D1406,6352535,2026-09-01
D1406,6393488,2026-08-28
D1406,6401184,2026-08-29
D1406,6418464,2026-08-29
D1406,6419077,2026-09-08
D1406,6430593,2026-09-11
D1406,6430606,2026-09-11
D1406,6441488,2026-09-11
D1406,6441489,2026-09-11
D1406,6444861,2026-08-31
D1406,6446579,2026-08-31
D1406,6460494,2026-09-01
D1406,6467690,2026-08-31
D1406,6467803,2026-09-11
D1406,6467812,2026-09-11
D1406,6467830,2026-09-11
D1406,6492519,2026-09-01
D1406,6494511,2026-09-15
D1406,6495845,2026-09-28
D1406,6496222,2026-09-01
D1406,6500258,2026-09-11
D1406,6500260,2026-09-11
D1406,6500262,2026-09-11
D1406,6500269,2026-09-11
D1406,6500276,2026-09-11
D1406,6507074,2026-09-08
D1406,6518508,2026-09-02
D1406,6520225,2026-09-02
D1406,6525059,2026-09-17
D1406,6538282,2026-09-26
D1406,6544062,2026-09-03
D1406,6579140,2026-09-08
D1406,6579739,2026-09-03
D1406,6590149,2026-09-11
D1406,6590152,2026-09-11
D1406,6596397,2026-09-04
D1406,6596477,2026-09-04
D1406,6596956,2026-09-23
D1406,6625212,2026-09-04
D1406,6637070,2026-09-11
D1406,6637071,2026-09-11
D1406,6673186,2026-09-05
D1406,6673205,2026-09-05
D1406,6675809,2026-09-29
D1406,6676369,2026-09-23
D1406,6682775,2026-09-06
D1406,6682779,2026-09-06
D1406,6682780,2026-09-06
D1406,6682786,2026-09-06
D1406,6685930,2026-09-19
D1406,6692746,2026-09-07
D1406,6696878,2026-09-28
D1406,6698283,2026-09-07
D1406,6702668,2026-09-08
D1406,6704400,2026-09-20
D1406,6725874,2026-09-29
D1406,6729405,2026-09-08
D1406,6738204,2026-09-08
D1406,6769976,2026-09-09
D1406,6772719,2026-09-09
D1406,6800167,2026-09-10
D1406,6803357,2026-09-10
D1406,6805373,2026-09-28
D1406,6808255,2026-09-11
D1406,6824763,2026-09-12
D1406,6824812,2026-09-12
D1406,6824869,2026-09-12
D1406,6825090,2026-09-12
D1406,6825128,2026-09-12
D1406,6825141,2026-09-12
D1406,6825335,2026-09-12
D1406,6825664,2026-09-12
D1406,6825836,2026-09-12
D1406,6825841,2026-09-12
D1406,6829948,2026-09-11
D1406,6830363,2026-09-11
D1406,6832511,2026-09-12
D1406,6845535,2026-09-12
D1406,6845655,2026-09-12
D1406,6846393,2026-09-12
D1406,6881618,2026-09-15
D1406,6881635,2026-09-15
D1406,6881652,2026-09-15
D1406,6884699,2026-09-15
D1406,6895482,2026-09-15
D1406,6895661,2026-09-15
D1406,6895667,2026-09-15
D1406,6895677,2026-09-15
D1406,6898031,2026-09-15
D1406,6899808,2026-09-15
D1406,6900330,2026-09-15
D1406,6909937,2026-09-16
D1406,6911141,2026-09-17
D1406,6927446,2026-09-16
D1406,6927452,2026-09-16
D1406,6929829,2026-09-16
D1406,6948432,2026-09-17
D1406,6961821,2026-09-17
D1406,6962152,2026-09-29
D1406,6962674,2026-09-29
D1406,6985730,2026-09-18
D1406,6985802,2026-09-18
D1406,6985871,2026-09-18
D1406,6985909,2026-09-18
D1406,6986624,2026-09-18
D1406,6993261,2026-09-18
D1406,6994806,2026-09-18
D1406,6994873,2026-09-18
D1406,6995491,2026-09-18
D1406,7001299,2026-09-18
D1406,7002324,2026-09-18
D1406,7006667,2026-09-18
D1406,7009273,2026-09-18
D1406,7010642,2026-09-19
D1406,7014195,2026-09-19
D1406,7014624,2026-09-19
D1406,7030378,2026-09-19
D1406,7030388,2026-09-19
D1406,7036868,2026-09-20
D1406,7042814,2026-09-20
D1406,7056605,2026-09-21
D1406,7060742,2026-09-21
D1406,7060813,2026-09-21
D1406,7062620,2026-09-21
D1406,7093597,2026-09-22
D1406,7094101,2026-09-22
D1406,7095241,2026-09-22
D1406,7096955,2026-09-22
D1406,7097044,2026-09-22
D1406,7100478,2026-09-22
D1406,7104208,2026-09-22
D1406,7104688,2026-09-23
D1406,7112481,2026-09-23
D1406,7114108,2026-09-23
D1406,7115234,2026-09-23
D1406,7117505,2026-09-23
D1406,7117566,2026-09-23
D1406,7126139,2026-09-23
D1406,7126140,2026-09-23
D1406,7134630,2026-09-23
D1406,7148774,2026-09-23
D1406,7152394,2026-09-24
D1406,7158414,2026-09-24
D1406,7158484,2026-09-24
D1406,7160374,2026-09-24
D1406,7161836,2026-09-24
D1406,7161851,2026-09-24
D1406,7161909,2026-09-24
D1406,7164102,2026-09-24
D1406,7164122,2026-09-24
D1406,7164247,2026-09-24
D1406,7165198,2026-09-24
D1406,7347541,2026-09-25
D1406,7349499,2026-09-25
D1406,7379889,2026-09-25
D1406,7379977,2026-09-25
D1406,7386055,2026-09-25
D1406,7386888,2026-09-25
D1406,7400309,2026-09-25
D1406,7400363,2026-09-25
D1406,7402094,2026-09-26
D1406,7402791,2026-09-26
D1406,7403188,2026-09-26
D1406,7403721,2026-09-26
D1406,7403723,2026-09-26
D1406,7403725,2026-09-26
D1406,7403748,2026-09-26
D1406,7404388,2026-09-26
D1406,7404514,2026-09-26
D1406,7404534,2026-09-26
D1406,7407964,2026-09-26
D1406,7408253,2026-09-26
D1406,7408259,2026-09-26
D1406,7408273,2026-09-26
D1406,7421811,2026-09-26
D1406,7421930,2026-09-28
D1406,7422104,2026-09-29
D1406,7422294,2026-09-26
D1406,7422887,2026-09-26
D1406,7423703,2026-09-26
D1406,7425068,2026-09-26
D1406,7428083,2026-09-26
D1406,7428145,2026-09-26
D1406,7431147,2026-09-28
D1406,7431316,2026-09-26
D1406,7450888,2026-09-27
D1406,7450889,2026-09-27
D1406,7453597,2026-09-28
D1406,7463657,2026-09-28
D1406,7463788,2026-09-28
D1406,7467298,2026-09-28
D1406,7468033,2026-09-28
D1406,7471393,2026-09-28
D1406,7471782,2026-09-28
D1406,7472318,2026-09-28
D1406,7472337,2026-09-28
D1406,7475290,2026-09-29
D1406,7475304,2026-09-29
D1406,7475324,2026-09-29
D1406,7479744,2026-09-29
D1406,7479760,2026-09-29
D1406,7479761,2026-09-29
D1406,7479836,2026-09-29
D1406,7489754,2026-09-29
D1407,201SPNP,2026-09-18
D1407,205PFYV,2026-09-23
D1407,205PMMX,2026-09-18
D1407,206JGDL,2026-09-23
D1407,206JKZQ,2026-09-16
D1407,206NVQH,2026-09-24
D1407,206NWQN,2026-09-24
D1407,207CHRL,2026-09-07
D1407,207DHLT,2026-09-11
D1407,207DHQG,2026-09-11
D1407,207WDYH,2026-09-21
D1407,207WPDW,2026-09-16
D1407,207ZQBJ,2026-08-31
D1407,208QPWX,2026-09-17
D1407,208SDLR,2026-08-31
D1407,208SMJP,2026-09-15
D1407,208TYHW,2026-09-28
D1407,208WLLG,2026-09-04
D1407,208YZSN,2026-09-21
D1407,209BWFH,2026-09-24
D1407,209FKRL,2026-09-29
D1407,209FNNG,2026-09-25
D1407,209JHDK,2026-09-25
D1407,209LGSK,2026-09-16
D1407,209MGZQ,2026-09-02
D1407,209NLKR,2026-09-16
D1407,209RCTG,2026-09-16
D1407,209RMMJ,2026-09-21
D1407,209RPJW,2026-09-21
D1407,209WDFW,2026-09-16
D1407,209WSDX,2026-09-25
D1407,209XBQB,2026-09-10
D1407,209XLNR,2026-09-15
D1407,209YCMV,2026-08-31
D1407,209YKFZ,2026-09-28
D1407,210BLGW,2026-09-21
D1407,210CYFV,2026-09-29
D1407,210FJQG,2026-09-16
D1407,210GVRZ,2026-09-15
D1407,210HLSD,2026-09-22
D1407,210HNDD,2026-09-15
D1407,210HPKF,2026-09-07
D1407,210HVCY,2026-09-10
D1407,210JLMH,2026-07-17
D1407,210KHZS,2026-09-14
D1407,210KKWC,2026-09-17
D1407,210QJBW,2026-09-29
D1407,210QLXL,2026-09-16
D1407,210SHGL,2026-07-20
D1407,210VTZT,2026-07-17
D1407,210WCXM,2026-09-02
D1407,210WKKQ,2026-09-28
D1407,210WLDH,2026-09-21
D1407,210WRCT,2026-09-28
D1407,210XWXZ,2026-09-16
D1407,210ZRTR,2026-07-17
D1407,211FDFH,2026-09-11
D1407,211FQPK,2026-09-11
D1407,211FRNZ,2026-09-03
D1407,211GTRR,2026-07-17
D1407,211GWRN,2026-09-23
D1407,211HPVH,2026-09-04
D1407,211KCJK,2026-09-03
D1407,211KNFS,2026-09-09
D1407,211KVSQ,2026-09-17
D1407,211LCVL,2026-09-04
D1407,211LHQR,2026-09-28
D1407,211LXBC,2026-09-22
D1407,211MBHR,2026-09-25
D1407,211MCYZ,2026-09-22
D1407,211MQDN,2026-09-15
D1407,211MSLR,2026-09-23
D1407,211NYXR,2026-09-29
D1407,211PPTR,2026-09-15
D1407,211RQTD,2026-09-22
D1407,211SKQS,2026-09-21
D1407,211TKXR,2026-08-31
D1407,211TTPN,2026-09-28
D1407,211TVZS,2026-09-04
D1407,211VHDR,2026-09-28
D1407,211VNYZ,2026-09-28
D1407,211VTKD,2026-09-28
D1407,211VYCW,2026-09-29
D1407,211VYLZ,2026-09-29
D1407,211VYQR,2026-09-29
D1407,211WBYF,2026-09-07
D1407,211WLNC,2026-09-28
D1407,211WVHZ,2026-09-24
D1407,211XFLM,2026-09-21
D1407,211XLXP,2026-09-21
D1407,211XMGQ,2026-09-29
D1407,211XSQQ,2026-09-28
D1407,211XSVV,2026-09-28
D1407,211XTCG,2026-09-28
D1407,211XWYY,2026-09-21
D1407,211XYLM,2026-09-09
D1407,211ZRCJ,2026-09-10
D1407,212BFLN,2026-09-25
D1407,212BNGJ,2026-09-14
D1407,212CPNV,2026-09-17
D1407,212CQPS,2026-09-15
D1407,212CVHL,2026-09-21
D1407,212CVSB,2026-09-17
D1407,212DKKK,2026-09-29
D1407,212GHQF,2026-09-18
D1407,212HVST,2026-09-28
D1407,212JBVJ,2026-09-25
D1407,212JHNM,2026-09-25
D1407,212JJKB,2026-09-04
D1407,212KDVF,2026-09-28
D1407,212KDZJ,2026-09-16
D1407,212KGCB,2026-09-21
D1407,212KHJG,2026-09-25
D1407,212KZGZ,2026-09-24
D1407,212MXFV,2026-09-14
D1407,212NJDP,2026-09-17
D1407,212NKFL,2026-09-21
D1407,212NKHM,2026-09-17
D1407,212NKNR,2026-09-17
D1407,212NKPJ,2026-09-17
D1407,212NKPZ,2026-09-17
D1407,212NKVM,2026-09-17
D1407,212NMZJ,2026-09-21
D1407,212NRFX,2026-09-15
D1407,212PSZC,2026-09-18
D1407,212QXKD,2026-09-17
D1407,212RLGD,2026-09-24
D1407,212RSVH,2026-09-10
D1407,212RXZK,2026-09-22
D1407,212SCJQ,2026-09-16
D1407,212SCMP,2026-09-16
D1407,212SRDC,2026-09-21
D1407,212TBHY,2026-09-25
D1407,212TWZW,2026-09-16
D1407,212VCRX,2026-09-28
D1407,212VRCN,2026-09-25
D1407,212VZWD,2026-09-16
D1407,212WKXV,2026-09-25
D1407,212XBMY,2026-09-25
D1407,212XDQX,2026-09-16
D1407,212XHRB,2026-09-24
D1407,212XTBJ,2026-09-16
D1407,212XTPV,2026-09-18
D1407,212XTTD,2026-09-23
D1407,212XZJJ,2026-09-25
D1407,212XZQC,2026-09-23
D1407,212YQCX,2026-09-29
D1407,212YSXB,2026-09-29
D1407,212YWTD,2026-09-24
D1407,212ZGBF,2026-09-25
D1407,212ZXWR,2026-09-01
D1407,213BLVB,2026-09-21
D1407,213BNCB,2026-09-22
D1407,213BWGT,2026-09-18
D1407,213BWWJ,2026-09-21
D1407,213BXJV,2026-09-28
D1407,213BZNW,2026-09-29
D1407,213CCSP,2026-09-25
D1407,213CFFB,2026-09-21
D1407,213CFJF,2026-09-21
D1407,213CFNG,2026-09-21
D1407,213CMVT,2026-09-16
D1407,213CNHY,2026-09-28
D1407,213CPKX,2026-09-23
D1407,213CPMK,2026-09-25
D1407,213CTTD,2026-08-31
D1407,213CVFS,2026-09-25
D1407,213CWFB,2026-09-24
D1407,213CWKT,2026-09-22
D1407,213CYHR,2026-09-16
D1407,213CYWC,2026-09-22
D1407,213DDYJ,2026-09-23
D1407,213DGLM,2026-09-15
D1407,213DHDL,2026-09-16
D1407,213DHMR,2026-09-16
D1407,213DXMD,2026-09-17
D1407,213DZSC,2026-09-28
D1407,213FLWD,2026-09-22
D1407,213FMSJ,2026-09-25
D1407,213FSXV,2026-09-03
D1407,213FTQN,2026-09-01
D1407,213FTZX,2026-09-01
D1407,213FVFP,2026-09-01
D1407,213FWPC,2026-09-18
D1407,213FXHF,2026-09-22
D1407,213GJBP,2026-09-18
D1407,213GRRM,2026-09-02
D1407,213GTCG,2026-09-29
D1407,213GWLR,2026-09-18
D1407,213GXLN,2026-09-02
D1407,213HFKF,2026-09-10
D1407,213HHKS,2026-09-25
D1407,213HJYX,2026-09-23
D1407,213HKCV,2026-09-23
D1407,213HQRK,2026-09-03
D1407,213HRQH,2026-09-19
D1407,213HVVW,2026-09-03
D1407,213JBSG,2026-09-04
D1407,213JBTZ,2026-09-23
D1407,213JDHF,2026-09-28
D1407,213JQLV,2026-09-19
D1407,213JQVC,2026-09-04
D1407,213JSBT,2026-09-28
D1407,213JSCZ,2026-09-04
D1407,213JSHY,2026-09-28
D1407,213JVBS,2026-09-03
D1407,213JVDQ,2026-09-24
D1407,213JVLY,2026-09-04
D1407,213JYTB,2026-09-23
D1407,213JZHD,2026-09-03
D1407,213KDLD,2026-09-25
D1407,213KHCP,2026-09-04
D1407,213KLRZ,2026-09-08
D1407,213KLZH,2026-09-25
D1407,213KPPF,2026-09-25
D1407,213KQML,2026-09-21
D1407,213KQZY,2026-09-08
D1407,213KYPR,2026-09-20
D1407,213LCYS,2026-09-22
D1407,213LFWW,2026-09-22
D1407,213LJCL,2026-09-10
D1407,213LLRY,2026-09-28
D1407,213LMYS,2026-09-28
D1407,213LMYT,2026-09-28
D1407,213LNNX,2026-09-05
D1407,213LQCM,2026-09-10
D1407,213LRNX,2026-09-28
D1407,213LRWH,2026-09-23
D1407,213LSBF,2026-09-07
D1407,213LSNV,2026-09-17
D1407,213LTBV,2026-09-10
D1407,213LVDZ,2026-09-08
D1407,213LWDS,2026-09-08
D1407,213LXQZ,2026-09-23
D1407,213LYRV,2026-09-25
D1407,213LZJG,2026-09-25
D1407,213LZSC,2026-09-23
D1407,213MBMM,2026-09-07
D1407,213MBWL,2026-09-10
D1407,213MCBL,2026-09-23
D1407,213MDNR,2026-09-24
D1407,213MFSR,2026-09-21
D1407,213MGFG,2026-09-23
D1407,213MKCX,2026-09-21
D1407,213MKNP,2026-09-23
D1407,213MLCF,2026-09-23
D1407,213MMPG,2026-09-28
D1407,213MQMT,2026-09-29
D1407,213MQQM,2026-09-23
D1407,213MRDT,2026-09-23
D1407,213MVBG,2026-09-21
D1407,213MVCQ,2026-09-07
D1407,213MXBK,2026-09-23
D1407,213MYBP,2026-09-07
D1407,213NBSS,2026-09-07
D1407,213NDSY,2026-09-24
D1407,213NDVD,2026-09-24
D1407,213NDWT,2026-09-24
D1407,213NDXL,2026-09-24
D1407,213NDYC,2026-09-24
D1407,213NDYG,2026-09-24
D1407,213NDYT,2026-09-29
D1407,213NFNZ,2026-09-24
D1407,213NFPB,2026-09-24
D1407,213NGLZ,2026-09-08
D1407,213NLVP,2026-09-08
D1407,213NNZJ,2026-09-24
D1407,213NPVG,2026-09-15
D1407,213NTMR,2026-09-24
D1407,213NTQX,2026-09-29
D1407,213NTRR,2026-09-24
D1407,213NTSS,2026-09-24
D1407,213NTTC,2026-09-08
D1407,213NVMH,2026-09-09
D1407,213NVNC,2026-09-24
D1407,213NVRP,2026-09-08
D1407,213NWSN,2026-09-24
D1407,213NXKF,2026-09-24
D1407,213NZCT,2026-09-25
D1407,213NZYP,2026-09-24
D1407,213PDJR,2026-09-10
D1407,213PGPY,2026-09-08
D1407,213PJNP,2026-09-08
D1407,213PJSZ,2026-09-28
D1407,213PJYC,2026-09-29
D1407,213PKCV,2026-09-08
D1407,213PPHY,2026-09-09
D1407,213PPSQ,2026-09-24
D1407,213PQDN,2026-09-24
D1407,213PQLF,2026-09-25
D1407,213PQND,2026-09-25
D1407,213PQPY,2026-09-15
D1407,213PRCR,2026-09-24
D1407,213PRNT,2026-09-22
D1407,213PSHM,2026-09-25
D1407,213PTJB,2026-09-22
D1407,213PTJL,2026-09-25
D1407,213PTMN,2026-09-09
D1407,213PVJL,2026-09-25
D1407,213PVWM,2026-09-28
D1407,213PWCW,2026-09-25
D1407,213PXYY,2026-09-24
D1407,213PYHP,2026-09-10
D1407,213PYLM,2026-09-25
D1407,213PYTN,2026-09-24
D1407,213QBBC,2026-09-14
D1407,213QCHS,2026-09-25
D1407,213QCKF,2026-09-25
D1407,213QCLK,2026-09-25
D1407,213QDNY,2026-09-09
D1407,213QDRG,2026-09-25
D1407,213QDRL,2026-09-25
D1407,213QDZX,2026-09-09
D1407,213QFCZ,2026-09-09
D1407,213QFHC,2026-09-09
D1407,213QFJW,2026-09-09
D1407,213QFMN,2026-09-09
D1407,213QHFC,2026-09-17
D1407,213QHNT,2026-09-25
D1407,213QJBX,2026-09-09
D1407,213QLCY,2026-09-09
D1407,213QLNN,2026-09-25
D1407,213QLWJ,2026-09-25
D1407,213QLXV,2026-09-22
D1407,213QLZC,2026-09-25
D1407,213QMYF,2026-09-09
D1407,213QNFL,2026-09-25
D1407,213QNJD,2026-09-25
D1407,213QQPL,2026-09-25
D1407,213QQQB,2026-09-25
D1407,213QQTL,2026-09-29
D1407,213QVGW,2026-09-10
D1407,213QYBZ,2026-09-28
D1407,213QZRR,2026-09-25
D1407,213QZVQ,2026-09-24
D1407,213QZVR,2026-09-24
D1407,213RCBG,2026-09-10
D1407,213RDWJ,2026-09-26
D1407,213RHPC,2026-09-11
D1407,213RJGC,2026-09-10
D1407,213RJGQ,2026-09-10
D1407,213RJXW,2026-09-10
D1407,213RLSN,2026-09-10
D1407,213RNDW,2026-09-25
D1407,213RNFF,2026-09-23
D1407,213RNHL,2026-09-26
D1407,213RNJL,2026-09-10
D1407,213RNJW,2026-09-26
D1407,213RNLK,2026-09-11
D1407,213RPZM,2026-09-10
D1407,213RQBH,2026-09-26
D1407,213RQCP,2026-09-23
D1407,213RRTV,2026-09-26
D1407,213RRWZ,2026-09-22
D1407,213RTWD,2026-09-25
D1407,213RTWY,2026-09-26
D1407,213RTZT,2026-09-26
D1407,213RVBZ,2026-09-25
D1407,213RVDZ,2026-09-26
D1407,213RVFV,2026-09-23
D1407,213RYCJ,2026-09-17
D1407,213RYFH,2026-09-28
D1407,213RYGC,2026-09-26
D1407,213RYND,2026-09-17
D1407,213RYVD,2026-09-26
D1407,213SFSQ,2026-09-26
D1407,213SGFR,2026-09-10
D1407,213SGLJ,2026-09-14
D1407,213SHPS,2026-09-10
D1407,213SJVL,2026-09-26
D1407,213SKDX,2026-09-26
D1407,213SKVV,2026-09-26
D1407,213SKXH,2026-09-27
D1407,213SKXL,2026-09-27
D1407,213SKXM,2026-09-27
D1407,213SKXV,2026-09-27
D1407,213SLCS,2026-09-27
D1407,213SLCT,2026-09-27
D1407,213SMDQ,2026-09-28
D1407,213SNHB,2026-09-29
D1407,213SQGX,2026-09-19
D1407,213STZS,2026-09-11
D1407,213SZFH,2026-09-14
D1407,213SZYF,2026-09-11
D1407,213TBZG,2026-09-23
D1407,213TBZR,2026-09-14
D1407,213TCRK,2026-09-24
D1407,213TDCX,2026-09-27
D1407,213TDFX,2026-09-27
D1407,213TDKH,2026-09-28
D1407,213TDMR,2026-09-27
D1407,213TFLR,2026-09-27
D1407,213TGMC,2026-09-27
D1407,213THCG,2026-09-11
D1407,213THMR,2026-09-11
D1407,213TLFB,2026-09-27
D1407,213TPPM,2026-09-28
D1407,213TQZB,2026-09-14
D1407,213TRJY,2026-09-27
D1407,213TSPB,2026-09-27
D1407,213TXXQ,2026-09-14
D1407,213TYBJ,2026-09-14
D1407,213TYBT,2026-09-14
D1407,213TYCJ,2026-09-14
D1407,213TYCT,2026-09-14
D1407,213TYDM,2026-09-14
D1407,213TYFG,2026-09-14
D1407,213TYQJ,2026-09-15
D1407,213TYRQ,2026-09-15
D1407,213VBFC,2026-09-14
D1407,213VBGK,2026-09-14
D1407,213VDQL,2026-09-28
D1407,213VFWR,2026-09-25
D1407,213VFZR,2026-09-16
D1407,213VGDS,2026-09-16
D1407,213VGDT,2026-09-14
D1407,213VGHG,2026-09-16
D1407,213VGMS,2026-09-16
D1407,213VJRP,2026-09-14
D1407,213VKDB,2026-09-14
D1407,213VLLJ,2026-09-14
D1407,213VNNF,2026-09-14
D1407,213VNZT,2026-09-14
D1407,213VPCD,2026-09-14
D1407,213VPRN,2026-09-22
D1407,213VRRW,2026-09-16
D1407,213VRSK,2026-09-16
D1407,213VRTK,2026-09-16
D1407,213VRTX,2026-09-16
D1407,213VRYP,2026-09-14
D1407,213VSLZ,2026-09-28
D1407,213VTYY,2026-09-14
D1407,213VVKB,2026-09-25
D1407,213VXBW,2026-09-14
D1407,213VYHK,2026-09-14
D1407,213VZGP,2026-09-14
D1407,213VZKH,2026-09-18
D1407,213VZNZ,2026-09-14
D1407,213VZSL,2026-09-29
D1407,213VZVF,2026-09-14
D1407,213VZWN,2026-09-14
D1407,213WBKC,2026-09-15
D1407,213WCMB,2026-09-14
D1407,213WFQV,2026-09-14
D1407,213WGWT,2026-09-19
D1407,213WGYB,2026-09-16
D1407,213WHBK,2026-09-15
D1407,213WHBP,2026-09-23
D1407,213WHCJ,2026-09-14
D1407,213WHSX,2026-09-15
D1407,213WLCY,2026-09-15
D1407,213WNGZ,2026-09-15
D1407,213WPMF,2026-09-24
D1407,213WPWF,2026-09-18
D1407,213WRTM,2026-09-24
D1407,213WSHB,2026-09-15
D1407,213WSVD,2026-09-16
D1407,213WTDB,2026-09-24
D1407,213WVXP,2026-09-15
D1407,213WVZH,2026-09-15
D1407,213WXPD,2026-09-15
D1407,213WXRR,2026-09-15
D1407,213WXTS,2026-09-15
D1407,213WYBL,2026-09-15
D1407,213WYCG,2026-09-15
D1407,213WZZX,2026-09-15
D1407,213XCLP,2026-09-17
D1407,213XDPF,2026-09-23
D1407,213XDXL,2026-09-17
D1407,213XGDP,2026-09-27
D1407,213XGHC,2026-09-15
D1407,213XHGQ,2026-09-15
D1407,213XJXK,2026-09-15
D1407,213XLBB,2026-09-15
D1407,213XMJB,2026-09-28
D1407,213XNBN,2026-09-15
D1407,213XPKW,2026-09-16
D1407,213XQPS,2026-09-17
D1407,213XRTH,2026-09-28
D1407,213XSBJ,2026-09-28
D1407,213XSDY,2026-09-16
D1407,213XSTB,2026-09-16
D1407,213XTXR,2026-09-16
D1407,213XVQG,2026-09-16
D1407,213XVZW,2026-09-16
D1407,213XXGL,2026-09-22
D1407,213XYRD,2026-09-24
D1407,213XZNP,2026-09-16
D1407,213YBHJ,2026-09-16
D1407,213YBNZ,2026-09-17
D1407,213YBSM,2026-09-16
D1407,213YDFT,2026-09-16
D1407,213YDHF,2026-09-16
D1407,213YDMW,2026-09-16
D1407,213YDSB,2026-09-16
D1407,213YFRB,2026-09-25
D1407,213YFWP,2026-09-16
D1407,213YFZC,2026-09-16
D1407,213YGHL,2026-09-16
D1407,213YGHM,2026-09-16
D1407,213YGJP,2026-09-16
D1407,213YGLT,2026-09-16
D1407,213YKBJ,2026-09-16
D1407,213YKQG,2026-09-25
D1407,213YLNY,2026-09-16
D1407,213YLYK,2026-09-16
D1407,213YMNQ,2026-09-24
D1407,213YNPD,2026-09-16
D1407,213YPNT,2026-09-16
D1407,213YSXH,2026-09-17
D1407,213YTDP,2026-09-25
D1407,213YXFN,2026-09-17
D1407,213YXLB,2026-09-17
D1407,213YYBV,2026-09-16
D1407,213YZGT,2026-09-17
D1407,213ZCFZ,2026-09-17
D1407,213ZCQP,2026-09-17
D1407,213ZDJH,2026-09-22
D1407,213ZDVC,2026-09-28
D1407,213ZFKY,2026-09-18
D1407,213ZFSF,2026-09-18
D1407,213ZFTT,2026-09-17
D1407,213ZFWR,2026-09-18
D1407,213ZHRX,2026-09-18
D1407,213ZJPM,2026-09-17
D1407,213ZLHG,2026-09-25
D1407,213ZLKB,2026-09-17
D1407,213ZLMB,2026-09-18
D1407,213ZNQH,2026-09-28
D1407,213ZNQY,2026-09-17
D1407,213ZNRY,2026-09-28
D1407,213ZNTF,2026-09-17
D1407,213ZNTS,2026-09-28
D1407,213ZNVB,2026-09-28
D1407,213ZNVT,2026-09-28
D1407,213ZNWQ,2026-09-28
D1407,213ZNXG,2026-09-17
D1407,213ZNXY,2026-09-28
D1407,213ZNYN,2026-09-17
D1407,213ZNZF,2026-09-17
D1407,213ZNZX,2026-09-28
D1407,213ZPWM,2026-09-18
D1407,213ZQQX,2026-09-17
D1407,213ZRYR,2026-09-28
D1407,213ZTCH,2026-09-18
D1407,213ZTZN,2026-09-24
D1407,213ZTZP,2026-09-17
D1407,213ZVDZ,2026-09-17
D1407,213ZXHX,2026-09-17
D1407,213ZXLX,2026-09-17
D1407,213ZXXX,2026-09-17
D1407,213ZYJS,2026-09-17
D1407,213ZYKG,2026-09-17
D1407,213ZYLF,2026-09-17
D1407,213ZYXZ,2026-09-18
D1407,214BCWW,2026-09-17
D1407,214BFBF,2026-09-18
D1407,214BGSD,2026-09-18
D1407,214BHCY,2026-09-18
D1407,214BHDQ,2026-09-18
D1407,214BJMT,2026-09-18
D1407,214BJMV,2026-09-18
D1407,214BJNF,2026-09-18
D1407,214BJNH,2026-09-18
D1407,214BJVD,2026-09-26
D1407,214BMDQ,2026-09-21
D1407,214BMSW,2026-09-21
D1407,214BNFV,2026-09-18
D1407,214BPDM,2026-09-18
D1407,214BPGP,2026-09-22
D1407,214BPKP,2026-09-23
D1407,214BQCR,2026-09-18
D1407,214BQMT,2026-09-23
D1407,214BSYT,2026-09-18
D1407,214BTJF,2026-09-18
D1407,214BTJX,2026-09-18
D1407,214BTQL,2026-09-18
D1407,214BVQS,2026-09-21
D1407,214BVYZ,2026-09-18
D1407,214BWJZ,2026-09-21
D1407,214BYNJ,2026-09-21
D1407,214CBJL,2026-09-18
D1407,214CBPX,2026-09-25
D1407,214CDLD,2026-09-18
D1407,214CFVZ,2026-09-18
D1407,214CJNR,2026-09-18
D1407,214CLLS,2026-09-18
D1407,214CPDF,2026-09-21
D1407,214CQGD,2026-09-21
D1407,214CQND,2026-09-21
D1407,214CTMQ,2026-09-21
D1407,214CXGQ,2026-09-21
D1407,214CXNP,2026-09-28
D1407,214DBYH,2026-09-21
D1407,214DGWB,2026-09-21
D1407,214DJYK,2026-09-21
D1407,214DLKW,2026-09-21
D1407,214DLWH,2026-09-21
D1407,214DMDN,2026-09-21
D1407,214DMSL,2026-09-21
D1407,214DNZJ,2026-09-22
D1407,214DPCB,2026-09-21
D1407,214DPCT,2026-09-21
D1407,214DPLB,2026-09-21
D1407,214DPLG,2026-09-25
D1407,214DPWZ,2026-09-21
D1407,214DQWC,2026-09-22
D1407,214DRDG,2026-09-28
D1407,214DRKD,2026-09-21
D1407,214DRVC,2026-09-21
D1407,214DSCM,2026-09-21
D1407,214DWCL,2026-09-21
D1407,214DXDP,2026-09-21
D1407,214DXVY,2026-09-21
D1407,214FCSP,2026-09-22
D1407,214FCTC,2026-09-22
D1407,214FCTG,2026-09-29
D1407,214FCWK,2026-09-22
D1407,214FCWS,2026-09-22
D1407,214FCXD,2026-09-22
D1407,214FCYG,2026-09-22
D1407,214FDDG,2026-09-21
D1407,214FDSC,2026-09-22
D1407,214FHCV,2026-09-28
D1407,214FHPW,2026-09-22
D1407,214FHVW,2026-09-22
D1407,214FHYZ,2026-09-22
D1407,214FJCD,2026-09-22
D1407,214FJHF,2026-09-22
D1407,214FJLP,2026-09-22
D1407,214FJSQ,2026-09-22
D1407,214FKBY,2026-09-27
D1407,214FLVJ,2026-09-28
D1407,214FMTZ,2026-09-22
D1407,214FNNB,2026-09-22
D1407,214FPDN,2026-09-27
D1407,214FQNC,2026-09-22
D1407,214FQPH,2026-09-23
D1407,214FQSC,2026-09-23
D1407,214FSNQ,2026-09-22
D1407,214FTLC,2026-09-28
D1407,214FVDD,2026-09-22
D1407,214FVZQ,2026-09-24
D1407,214FXGW,2026-09-23
D1407,214FYJP,2026-09-22
D1407,214FYNY,2026-09-22
D1407,214FZSV,2026-09-23
D1407,214GBMC,2026-09-22
D1407,214GBMG,2026-09-23
D1407,214GBQC,2026-09-22
D1407,214GBTT,2026-09-22
D1407,214GCMS,2026-09-25
D1407,214GDMT,2026-09-22
D1407,214GFMV,2026-09-22
D1407,214GFSB,2026-09-22
D1407,214GFVF,2026-09-22
D1407,214GGSL,2026-09-22
D1407,214GHPX,2026-09-22
D1407,214GJCF,2026-09-23
D1407,214GJGN,2026-09-22
D1407,214GKWH,2026-09-24
D1407,214GKXC,2026-09-25
D1407,214GMDP,2026-09-22
D1407,214GNBC,2026-09-22
D1407,214GPRR,2026-09-22
D1407,214GRQH,2026-09-23
D1407,214GSLT,2026-09-23
D1407,214GTGJ,2026-09-23
D1407,214GTMR,2026-09-23
D1407,214GTXK,2026-09-23
D1407,214GTXT,2026-09-23
D1407,214GTYV,2026-09-23
D1407,214GVBY,2026-09-23
D1407,214GVDH,2026-09-23
D1407,214GVSZ,2026-09-23
D1407,214GWVK,2026-09-23
D1407,214GXQZ,2026-09-23
D1407,214GXRP,2026-09-23
D1407,214GYXQ,2026-09-28
D1407,214GZDT,2026-09-23
D1407,214GZPS,2026-09-23
D1407,214HCDW,2026-09-23
D1407,214HCGH,2026-09-23
D1407,214HCTM,2026-09-23
D1407,214HCZL,2026-09-23
D1407,214HDHL,2026-09-23
D1407,214HDXX,2026-09-23
D1407,214HHVQ,2026-09-23
D1407,214HJZH,2026-09-23
D1407,214HKMH,2026-09-28
D1407,214HKNG,2026-09-23
D1407,214HLDV,2026-09-24
D1407,214HLFS,2026-09-23
D1407,214HLHJ,2026-09-23
D1407,214HLMG,2026-09-24
D1407,214HLND,2026-09-24
D1407,214HMDY,2026-09-24
D1407,214HNGX,2026-09-28
D1407,214HNYB,2026-09-23
D1407,214HPKB,2026-09-23
D1407,214HSXN,2026-09-23
D1407,214HWVT,2026-09-24
D1407,214HXJX,2026-09-23
D1407,214HXQF,2026-09-23
D1407,214HXYH,2026-09-23
D1407,214HXZS,2026-09-28
D1407,214HZHR,2026-09-24
D1407,214HZHZ,2026-09-24
D1407,214JBFG,2026-09-28
D1407,214JBTQ,2026-09-24
D1407,214JBVX,2026-09-24
D1407,214JCML,2026-09-24
D1407,214JDWW,2026-09-24
D1407,214JFRV,2026-09-24
D1407,214JFWR,2026-09-24
D1407,214JHRR,2026-09-24
D1407,214JJHG,2026-09-24
D1407,214JJRD,2026-09-24
D1407,214JJZC,2026-09-24
D1407,214JKPB,2026-09-24
D1407,214JMGG,2026-09-25
D1407,214JNVS,2026-09-24
D1407,214JPMX,2026-09-25
D1407,214JPNP,2026-09-24
D1407,214JPTH,2026-09-24
D1407,214JPTZ,2026-09-24
D1407,214JQKB,2026-09-24
D1407,214JQSV,2026-09-24
D1407,214JRGN,2026-09-28
D1407,214JSPP,2026-09-28
D1407,214JSWT,2026-09-24
D1407,214JSYJ,2026-09-25
D1407,214JVTX,2026-09-24
D1407,214JVZT,2026-09-24
D1407,214JWCF,2026-09-24
D1407,214JWWN,2026-09-25
D1407,214JZCR,2026-09-25
D1407,214KCKH,2026-09-24
D1407,214KCKJ,2026-09-28
D1407,214KFKC,2026-09-25
D1407,214KFKN,2026-09-25
D1407,214KGRM,2026-09-29
D1407,214KKWY,2026-09-25
D1407,214KLTS,2026-09-28
D1407,214KLWW,2026-09-28
D1407,214KLYJ,2026-09-25
D1407,214KLZQ,2026-09-25
D1407,214KMGT,2026-09-25
D1407,214KNVG,2026-09-25
D1407,214KNWZ,2026-09-25
D1407,214KQJS,2026-09-25
D1407,214KQMV,2026-09-25
D1407,214KQTP,2026-09-25
D1407,214KQYV,2026-09-25
D1407,214KRKM,2026-09-25
D1407,214KRNQ,2026-09-25
D1407,214KTFV,2026-09-29
D1407,214KTVN,2026-09-28
D1407,214KTWD,2026-09-25
D1407,214KVFV,2026-09-25
D1407,214KVGF,2026-09-25
D1407,214KYCT,2026-09-28
D1407,214KYYN,2026-09-28
D1407,214KYZJ,2026-09-28
D1407,214KZMK,2026-09-25
D1407,214KZXP,2026-09-28
D1407,214LBRP,2026-09-25
D1407,214LCHH,2026-09-28
D1407,214LCKK,2026-09-28
D1407,214LCLJ,2026-09-28
D1407,214LFMG,2026-09-28
D1407,214LFSY,2026-09-25
D1407,214LKKK,2026-09-28
D1407,214LLBG,2026-09-26
D1407,214LLJH,2026-09-26
D1407,214LLPC,2026-09-28
D1407,214LLSH,2026-09-26
D1407,214LNRY,2026-09-28
D1407,214LSCN,2026-09-28
D1407,214LWRY,2026-09-28
D1407,214LXLZ,2026-09-28
D1407,214LXMH,2026-09-28
D1407,214LXNW,2026-09-28
D1407,214LXPW,2026-09-28
D1407,214LYSB,2026-09-28
D1407,214LYXD,2026-09-28
D1407,214LYZT,2026-09-28
D1407,214LZBP,2026-09-29
D1407,214LZWL,2026-09-28
D1407,214MBXS,2026-09-28
D1407,214MCWS,2026-09-28
D1407,214MDJG,2026-09-28
D1407,214MFVZ,2026-09-28
D1407,214MGHJ,2026-09-28
D1407,214MGKN,2026-09-29
D1407,214MGSB,2026-09-28
D1407,214MGYL,2026-09-28
D1407,214MHCK,2026-09-28
D1407,214MHKS,2026-09-28
D1407,214MHLM,2026-09-28
D1407,214MHRG,2026-09-29
D1407,214MHSP,2026-09-28
D1407,214MHWB,2026-09-28
D1407,214MHWX,2026-09-28
D1407,214MJDC,2026-09-28
D1407,214MJLM,2026-09-28
D1407,214MJVG,2026-09-28
D1407,214MKBX,2026-09-28
D1407,214MKXS,2026-09-28
D1407,214MLSM,2026-09-28
D1407,214MMSV,2026-09-29
D1407,214MPHV,2026-09-28
D1407,214MQRL,2026-09-28
D1407,214MRPW,2026-09-29
D1407,214MTTX,2026-09-28
D1407,214MVNP,2026-09-28
D1407,214MVWS,2026-09-29
D1407,214MVYH,2026-09-29
D1407,214MWBF,2026-09-29
D1407,214MWCS,2026-09-28
D1407,214MWCV,2026-09-28
D1407,214MWCW,2026-09-28
D1407,214MWMK,2026-09-28
D1407,214MXPC,2026-09-29
D1407,214MXWV,2026-09-29
D1407,214MYBZ,2026-09-29
D1407,214MYRC,2026-09-29
D1407,214MZCX,2026-09-29
D1407,214MZLN,2026-09-29
D1407,214MZPD,2026-09-29
D1407,214NDQF,2026-09-29
D1407,214NDWK,2026-09-29
D1407,214NFHB,2026-09-29
D1407,214NFKV,2026-09-29
D1407,214NGGN,2026-09-29
D1407,214NHYF,2026-09-29
D1407,7053568,2026-09-22
D1407,7053971,2026-09-21
D1407,7057184,2026-09-21
D1407,7057186,2026-09-21
D1407,7057192,2026-09-21
D1407,7057948,2026-09-21
D1407,7057975,2026-09-21
D1407,7058255,2026-09-21
D1407,7058269,2026-09-21
D1407,7058683,2026-09-21
D1407,7058924,2026-09-21
D1407,7063148,2026-09-21
D1407,7063227,2026-09-21
D1407,7063289,2026-09-21
D1407,7063322,2026-09-21
D1407,7063422,2026-09-21
D1407,7063451,2026-09-21
D1407,7063460,2026-09-21
D1407,7063468,2026-09-21
D1407,7063504,2026-09-21
D1407,7063525,2026-09-21
D1407,7070433,2026-09-22
D1407,7072764,2026-09-22
D1407,7072778,2026-09-22
D1407,7090666,2026-09-22
D1407,7092984,2026-09-22
D1407,7093411,2026-09-29
D1407,7093640,2026-09-22
D1407,7093705,2026-09-22
D1407,7093745,2026-09-22
D1407,7095091,2026-09-22
D1407,7099442,2026-09-22
D1407,7099654,2026-09-22
D1407,7099666,2026-09-22
D1407,7099681,2026-09-22
D1407,7099687,2026-09-22
D1407,7099691,2026-09-22
D1407,7100697,2026-09-22
D1407,7102007,2026-09-22
D1407,7102221,2026-09-22
D1407,7102868,2026-09-22
D1407,7103966,2026-09-22
D1407,7104625,2026-09-23
D1407,7104780,2026-09-23
D1407,7110161,2026-09-23
D1407,7111969,2026-09-23
D1407,7112032,2026-09-24
D1407,7112133,2026-09-23
D1407,7112153,2026-09-23
D1407,7112200,2026-09-29
D1407,7112201,2026-09-23
D1407,7112240,2026-09-23
D1407,7112263,2026-09-29
D1407,7112398,2026-09-23
D1407,7112473,2026-09-23
D1407,7112613,2026-09-23
D1407,7112817,2026-09-23
D1407,7112819,2026-09-23
D1407,7113308,2026-09-23
D1407,7113355,2026-09-23
D1407,7113577,2026-09-23
D1407,7114125,2026-09-23
D1407,7114399,2026-09-23
D1407,7114502,2026-09-23
D1407,7114523,2026-09-23
D1407,7114592,2026-09-23
D1407,7114618,2026-09-23
D1407,7114754,2026-09-23
D1407,7114767,2026-09-23
D1407,7114806,2026-09-23
D1407,7114808,2026-09-23
D1407,7114879,2026-09-23
D1407,7114919,2026-09-23
D1407,7114925,2026-09-23
D1407,7114936,2026-09-23
D1407,7114945,2026-09-23
D1407,7114967,2026-09-23
D1407,7115231,2026-09-23
D1407,7115422,2026-09-23
D1407,7115459,2026-09-23
D1407,7115672,2026-09-23
D1407,7115712,2026-09-23
D1407,7115872,2026-09-23
D1407,7115897,2026-09-23
D1407,7116707,2026-09-23
D1407,7116726,2026-09-23
D1407,7126267,2026-09-29
D1407,7126315,2026-09-29
D1407,7126428,2026-09-29
D1407,7126463,2026-09-29
D1407,7132287,2026-09-23
D1407,7132380,2026-09-24
D1407,7132383,2026-09-24
D1407,7132393,2026-09-24
D1407,7132452,2026-09-23
D1407,7148321,2026-09-23
D1407,7148845,2026-09-23
D1407,7149320,2026-09-23
D1407,7149376,2026-09-23
D1407,7149655,2026-09-23
D1407,7149809,2026-09-23
D1407,7150199,2026-09-23
D1407,7150216,2026-09-23
D1407,7150222,2026-09-23
D1407,7151417,2026-09-23
D1407,7151478,2026-09-28
D1407,7152406,2026-09-24
D1407,7155185,2026-09-24
D1407,7155516,2026-09-24
D1407,7155565,2026-09-24
D1407,7155574,2026-09-24
D1407,7155708,2026-09-24
D1407,7155810,2026-09-24
D1407,7155851,2026-09-24
D1407,7155917,2026-09-24
D1407,7155963,2026-09-24
D1407,7156017,2026-09-24
D1407,7157269,2026-09-24
D1407,7157288,2026-09-24
D1407,7162120,2026-09-24
D1407,7162122,2026-09-29
D1407,7164488,2026-09-24
D1407,7167287,2026-09-24
D1407,7168040,2026-09-24
D1407,7168090,2026-09-24
D1407,7168153,2026-09-24
D1407,7168615,2026-09-24
D1407,7168728,2026-09-24
D1407,7168762,2026-09-24
D1407,7168938,2026-09-24
D1407,7169658,2026-09-24
D1407,7345275,2026-09-24
D1407,7345673,2026-09-28
D1407,7345693,2026-09-28
D1407,7345741,2026-09-28
D1407,7345742,2026-09-28
D1407,7345843,2026-09-28
D1407,7346331,2026-09-24
D1407,7346649,2026-09-24
D1407,7346657,2026-09-24
D1407,7346692,2026-09-24
D1407,7347727,2026-09-25
D1407,7347730,2026-09-25
D1407,7348684,2026-09-25
D1407,7349275,2026-09-25
D1407,7349644,2026-09-25
D1407,7351879,2026-09-25
D1407,7352087,2026-09-25
D1407,7352407,2026-09-25
D1407,7352825,2026-09-25
D1407,7352872,2026-09-25
D1407,7353670,2026-09-29
D1407,7354448,2026-09-29
D1407,7354827,2026-09-29
D1407,7357897,2026-09-29
D1407,7358511,2026-09-29
D1407,7367978,2026-09-29
D1407,7380125,2026-09-25
D1407,7380138,2026-09-25
D1407,7380450,2026-09-29
D1407,7380502,2026-09-29
D1407,7380822,2026-09-26
D1407,7380859,2026-09-25
D1407,7381286,2026-09-25
D1407,7384252,2026-09-25
D1407,7384555,2026-09-25
D1407,7384759,2026-09-25
D1407,7385051,2026-09-25
D1407,7385662,2026-09-25
D1407,7385747,2026-09-25
D1407,7387768,2026-09-25
D1407,7389139,2026-09-25
D1407,7393832,2026-09-25
D1407,7394356,2026-09-25
D1407,7394403,2026-09-25
D1407,7394686,2026-09-25
D1407,7394696,2026-09-25
D1407,7395371,2026-09-25
D1407,7395394,2026-09-25
D1407,7395665,2026-09-25
D1407,7395984,2026-09-25
D1407,7396465,2026-09-25
D1407,7396578,2026-09-25
D1407,7396650,2026-09-25
D1407,7396653,2026-09-25
D1407,7396691,2026-09-25
D1407,7397119,2026-09-25
D1407,7397601,2026-09-25
D1407,7397880,2026-09-25
D1407,7397888,2026-09-25
D1407,7398090,2026-09-25
D1407,7398138,2026-09-25
D1407,7398407,2026-09-28
D1407,7398438,2026-09-28
D1407,7398439,2026-09-28
D1407,7398531,2026-09-28
D1407,7398697,2026-09-28
D1407,7398698,2026-09-28
D1407,7398703,2026-09-28
D1407,7399995,2026-09-28
D1407,7400004,2026-09-28
D1407,7400304,2026-09-25
D1407,7400402,2026-09-25
D1407,7402683,2026-09-26
D1407,7402841,2026-09-26
D1407,7402995,2026-09-26
D1407,7403614,2026-09-26
D1407,7403648,2026-09-26
D1407,7403651,2026-09-26
D1407,7403655,2026-09-26
D1407,7403657,2026-09-26
D1407,7403893,2026-09-26
D1407,7403915,2026-09-26
D1407,7403929,2026-09-26
D1407,7403932,2026-09-26
D1407,7404100,2026-09-26
D1407,7404282,2026-09-26
D1407,7404394,2026-09-26
D1407,7405608,2026-09-26
D1407,7405705,2026-09-29
D1407,7405889,2026-09-26
D1407,7405890,2026-09-26
D1407,7405892,2026-09-26
D1407,7405930,2026-09-26
D1407,7405960,2026-09-26
D1407,7405961,2026-09-26
D1407,7406039,2026-09-26
D1407,7407005,2026-09-29
D1407,7407028,2026-09-29
D1407,7407033,2026-09-29
D1407,7420263,2026-09-26
D1407,7422144,2026-09-29
D1407,7426305,2026-09-26
D1407,7426817,2026-09-26
D1407,7427553,2026-09-26
D1407,7427686,2026-09-26
D1407,7427936,2026-09-26
D1407,7427946,2026-09-26
D1407,7428010,2026-09-26
D1407,7428130,2026-09-26
D1407,7428506,2026-09-26
D1407,7428518,2026-09-26
D1407,7428529,2026-09-26
D1407,7428663,2026-09-26
D1407,7428770,2026-09-26
D1407,7428871,2026-09-26
D1407,7429014,2026-09-26
D1407,7429028,2026-09-26
D1407,7429213,2026-09-26
D1407,7429609,2026-09-26
D1407,7429746,2026-09-26
D1407,7429891,2026-09-26
D1407,7430440,2026-09-26
D1407,7430441,2026-09-26
D1407,7430474,2026-09-26
D1407,7431070,2026-09-28
D1407,7431074,2026-09-28
D1407,7431335,2026-09-28
D1407,7431347,2026-09-28
D1407,7433711,2026-09-27
D1407,7449267,2026-09-27
D1407,7449342,2026-09-27
D1407,7450822,2026-09-27
D1407,7451037,2026-09-27
D1407,7451055,2026-09-27
D1407,7451087,2026-09-27
D1407,7453891,2026-09-28
D1407,7462343,2026-09-29
D1407,7462468,2026-09-28
D1407,7462550,2026-09-28
D1407,7462610,2026-09-28
D1407,7462649,2026-09-28
D1407,7464041,2026-09-28
D1407,7464560,2026-09-29
D1407,7465028,2026-09-28
D1407,7465430,2026-09-28
D1407,7466972,2026-09-28
D1407,7466978,2026-09-28
D1407,7467042,2026-09-28
D1407,7467146,2026-09-28
D1407,7467147,2026-09-28
D1407,7467205,2026-09-28
D1407,7467312,2026-09-28
D1407,7467416,2026-09-28
D1407,7467601,2026-09-28
D1407,7470965,2026-09-28
D1407,7470978,2026-09-28
D1407,7471138,2026-09-28
D1407,7471143,2026-09-28
D1407,7471374,2026-09-28
D1407,7471608,2026-09-28
D1407,7471669,2026-09-28
D1407,7471683,2026-09-28
D1407,7471799,2026-09-28
D1407,7472155,2026-09-28
D1407,7472722,2026-09-29
D1407,7473392,2026-09-29
D1407,7474464,2026-09-29
D1407,7474987,2026-09-29
D1407,7475214,2026-09-29
D1407,7476614,2026-09-29
D1407,7476657,2026-09-29
D1407,7477182,2026-09-29
D1407,7477715,2026-09-29
D1407,7477759,2026-09-29
D1407,7477925,2026-09-29
D1407,7477982,2026-09-29
D1407,7477983,2026-09-29
D1407,7478035,2026-09-29
D1407,7478611,2026-09-29
D1407,7478736,2026-09-29
D1407,7478805,2026-09-29
D1407,7479598,2026-09-29
D1407,7479604,2026-09-29
D1409,1592079,2026-09-18
D1409,206KNKQ,2026-09-25
D1409,207HPSR,2026-09-17
D1409,208WQZY,2026-09-21
D1409,209PFPH,2026-09-01
D1409,209RCCM,2026-09-18
D1409,209WRBH,2026-09-22
D1409,210LFCK,2026-09-28
D1409,210XZXM,2026-09-24
D1409,211FNNY,2026-09-28
D1409,211GVWC,2026-09-21
D1409,211KVBL,2026-09-17
D1409,211MPHV,2026-08-31
D1409,211PMFL,2026-09-14
D1409,211RNZH,2026-09-16
D1409,211SJTK,2026-09-11
D1409,211VTTS,2026-09-11
D1409,211VZVC,2026-09-14
D1409,211WPFR,2026-09-28
D1409,211XHTG,2026-09-18
D1409,211YNJC,2026-09-28
D1409,211ZPBX,2026-09-24
D1409,212BKTV,2026-09-28
D1409,212DSMF,2026-09-29
D1409,212FTXW,2026-09-29
D1409,212JSBS,2026-09-28
D1409,212MDLQ,2026-09-18
D1409,212MVSF,2026-09-03
D1409,212NMLX,2026-09-24
D1409,212NNWD,2026-09-25
D1409,212PKKT,2026-09-17
D1409,212QRTN,2026-09-29
D1409,212SQXQ,2026-09-25
D1409,212SRVG,2026-09-23
D1409,212WYXN,2026-09-23
D1409,212XMTM,2026-09-18
D1409,212YJJG,2026-09-25
D1409,212YMFB,2026-09-28
D1409,212ZGQW,2026-09-24
D1409,212ZPNJ,2026-09-29
D1409,212ZRWX,2026-09-24
D1409,213BLCX,2026-09-22
D1409,213BWLY,2026-09-28
D1409,213CYHB,2026-09-21
D1409,213DDRP,2026-09-25
D1409,213DKWF,2026-09-25
D1409,213DNHH,2026-09-28
D1409,213DRYC,2026-09-16
D1409,213FMZJ,2026-09-17
D1409,213FNMD,2026-09-25
D1409,213FVMD,2026-09-21
D1409,213GBCJ,2026-09-28
D1409,213GBYQ,2026-09-17
D1409,213GFBH,2026-09-17
D1409,213GJKP,2026-09-04
D1409,213GNLL,2026-09-02
D1409,213GPRL,2026-09-25
D1409,213GPSX,2026-09-03
D1409,213HDMW,2026-09-18
D1409,213HFBK,2026-09-15
D1409,213HPFQ,2026-09-18
D1409,213HQTH,2026-09-03
D1409,213HSWX,2026-09-03
D1409,213HYKY,2026-09-19
D1409,213HZXP,2026-09-19
D1409,213JKDN,2026-09-29
D1409,213JMCH,2026-09-28
D1409,213JXPV,2026-09-28
D1409,213KDTH,2026-09-24
D1409,213KMXD,2026-09-04
D1409,213KRHQ,2026-09-24
D1409,213KVNN,2026-09-21
D1409,213KXQQ,2026-09-28
D1409,213KYHR,2026-09-20
D1409,213LBBQ,2026-09-22
D1409,213LBMN,2026-09-09
D1409,213LDYD,2026-09-07
D1409,213LLPS,2026-09-28
D1409,213LSRS,2026-09-24
D1409,213LVPV,2026-09-07
D1409,213LWDN,2026-09-15
D1409,213MDTV,2026-09-23
D1409,213MKNX,2026-09-23
D1409,213MLVG,2026-09-24
D1409,213MMPB,2026-09-07
D1409,213MNRT,2026-09-21
D1409,213MPPY,2026-09-28
D1409,213MQWX,2026-09-07
D1409,213MSJN,2026-09-23
D1409,213MSLK,2026-09-25
D1409,213MVKJ,2026-09-23
D1409,213MZJZ,2026-09-07
D1409,213MZST,2026-09-08
D1409,213NFLH,2026-09-14
D1409,213NJLT,2026-09-08
D1409,213NKHZ,2026-09-23
D1409,213PCCR,2026-09-23
D1409,213PFKK,2026-09-28
D1409,213PHHH,2026-09-22
D1409,213PHSW,2026-09-10
D1409,213PNVF,2026-09-09
D1409,213PPLS,2026-09-24
D1409,213PPNV,2026-09-24
D1409,213PQRW,2026-09-09
D1409,213PRRP,2026-09-25
D1409,213PRTT,2026-09-10
D1409,213PXXX,2026-09-18
D1409,213PYNR,2026-09-28
D1409,213QBMS,2026-09-09
D1409,213QCZC,2026-09-09
D1409,213QFDD,2026-09-09
D1409,213QGDK,2026-09-09
D1409,213QHKK,2026-09-09
D1409,213QLHT,2026-09-23
D1409,213QLWQ,2026-09-25
D1409,213QMSV,2026-09-25
D1409,213QYWX,2026-09-25
D1409,213RKRB,2026-09-10
D1409,213RPBT,2026-09-26
D1409,213RQJL,2026-09-10
D1409,213RQTD,2026-09-23
D1409,213RTPY,2026-09-26
D1409,213SCHT,2026-09-21
D1409,213SCKC,2026-09-28
D1409,213SCPS,2026-09-21
D1409,213SCVR,2026-09-11
D1409,213SDLG,2026-09-26
D1409,213SFGW,2026-09-26
D1409,213SGCV,2026-09-26
D1409,213SGKN,2026-09-28
D1409,213SHBS,2026-09-11
D1409,213SHCL,2026-09-11
D1409,213SHKW,2026-09-11
D1409,213SPHL,2026-09-14
D1409,213SQPN,2026-09-27
D1409,213SVQB,2026-09-27
D1409,213SWTV,2026-09-11
D1409,213SXWS,2026-09-11
D1409,213SZLV,2026-09-11
D1409,213TCQF,2026-09-24
D1409,213THXD,2026-09-27
D1409,213TJLH,2026-09-14
D1409,213TLFK,2026-09-26
D1409,213TPXN,2026-09-27
D1409,213TQZW,2026-09-27
D1409,213TRTK,2026-09-27
D1409,213TRWP,2026-09-27
D1409,213TVHN,2026-09-28
D1409,213VCKZ,2026-09-28
D1409,213VGHW,2026-09-14
D1409,213VHQG,2026-09-14
D1409,213VPQR,2026-09-14
D1409,213VPXB,2026-09-28
D1409,213VQPB,2026-09-14
D1409,213VQQJ,2026-09-28
D1409,213VRNC,2026-09-21
D1409,213VTRM,2026-09-14
D1409,213VYKG,2026-09-14
D1409,213VZXK,2026-09-28
D1409,213WDSF,2026-09-18
D1409,213WFJC,2026-09-24
D1409,213WFQH,2026-09-15
D1409,213WGSJ,2026-09-15
D1409,213WHPL,2026-09-16
D1409,213WHPR,2026-09-15
D1409,213WHTW,2026-09-15
D1409,213WKGP,2026-09-14
D1409,213WMMM,2026-09-15
D1409,213WQWQ,2026-09-17
D1409,213WRGR,2026-09-15
D1409,213WSPW,2026-09-16
D1409,213WSQP,2026-09-15
D1409,213WTTC,2026-09-15
D1409,213WYKN,2026-09-15
D1409,213WYSS,2026-09-22
D1409,213XBFK,2026-09-15
D1409,213XDCF,2026-09-15
D1409,213XDCY,2026-09-15
D1409,213XDNT,2026-09-21
D1409,213XDYM,2026-09-15
D1409,213XFHB,2026-09-16
D1409,213XFRN,2026-09-17
D1409,213XGYZ,2026-09-15
D1409,213XHBK,2026-09-15
D1409,213XHGW,2026-09-15
D1409,213XPKB,2026-09-17
D1409,213XRNW,2026-09-28
D1409,213XRZJ,2026-09-16
D1409,213XZXK,2026-09-28
D1409,213YFDL,2026-09-16
D1409,213YMJN,2026-09-16
D1409,213YPRK,2026-09-16
D1409,213YRZJ,2026-09-22
D1409,213YVZC,2026-09-16
D1409,213ZDFY,2026-09-17
D1409,213ZGRV,2026-09-28
D1409,213ZHLP,2026-09-17
D1409,213ZJGL,2026-09-18
D1409,213ZJRC,2026-09-23
D1409,213ZLHS,2026-09-17
D1409,213ZLKL,2026-09-26
D1409,213ZLZQ,2026-09-17
D1409,213ZMLP,2026-09-17
D1409,213ZMNH,2026-09-21
D1409,213ZNYS,2026-09-23
D1409,213ZRBP,2026-09-25
D1409,213ZTHP,2026-09-22
D1409,213ZWLM,2026-09-22
D1409,214BBJP,2026-09-22
D1409,214BBPB,2026-09-17
D1409,214BBZY,2026-09-21
D1409,214BDDS,2026-09-29
D1409,214BDVT,2026-09-21
D1409,214BFGY,2026-09-18
D1409,214BFRW,2026-09-28
D1409,214BGCD,2026-09-17
D1409,214BGMX,2026-09-18
D1409,214BLKS,2026-09-23
D1409,214BQJK,2026-09-18
D1409,214BRYK,2026-09-18
D1409,214BTML,2026-09-21
D1409,214BTST,2026-09-21
D1409,214BWNG,2026-09-28
D1409,214BYCD,2026-09-18
D1409,214BYLK,2026-09-21
D1409,214BZQL,2026-09-21
D1409,214CBQC,2026-09-18
D1409,214CCYS,2026-09-21
D1409,214CCYV,2026-09-18
D1409,214CCZB,2026-09-24
D1409,214CFDX,2026-09-18
D1409,214CGWG,2026-09-18
D1409,214CGXS,2026-09-18
D1409,214CMHW,2026-09-21
D1409,214CQGX,2026-09-28
D1409,214CQHF,2026-09-28
D1409,214CRPS,2026-09-21
D1409,214CSPK,2026-09-25
D1409,214CSYC,2026-09-19
D1409,214DCRX,2026-09-21
D1409,214DCVB,2026-09-21
D1409,214DHBT,2026-09-21
D1409,214DHPV,2026-09-21
D1409,214DKCJ,2026-09-21
D1409,214DKGL,2026-09-21
D1409,214DLFG,2026-09-21
D1409,214DMNL,2026-09-22
D1409,214DPPX,2026-09-22
D1409,214DPRX,2026-09-21
D1409,214DPYT,2026-09-24
D1409,214DQJW,2026-09-21
D1409,214DRCP,2026-09-22
D1409,214DRNK,2026-09-22
D1409,214DSSZ,2026-09-21
D1409,214DXHQ,2026-09-21
D1409,214DXXV,2026-09-21
D1409,214DYNK,2026-09-21
D1409,214FCBB,2026-09-23
D1409,214FDKM,2026-09-22
D1409,214FDQC,2026-09-22
D1409,214FDTQ,2026-09-22
D1409,214FDVR,2026-09-21
D1409,214FFNQ,2026-09-22
D1409,214FFQJ,2026-09-22
D1409,214FJVM,2026-09-22
D1409,214FKFD,2026-09-22
D1409,214FKNJ,2026-09-22
D1409,214FRFW,2026-09-24
D1409,214FVNM,2026-09-22
D1409,214FWMC,2026-09-22
D1409,214FZJD,2026-09-22
D1409,214GBWB,2026-09-22
D1409,214GCXW,2026-09-29
D1409,214GDFP,2026-09-22
D1409,214GDRJ,2026-09-29
D1409,214GFRN,2026-09-22
D1409,214GFSZ,2026-09-28
D1409,214GKTP,2026-09-22
D1409,214GNNJ,2026-09-23
D1409,214GPRF,2026-09-23
D1409,214GSJZ,2026-09-24
D1409,214GVHC,2026-09-24
D1409,214GYRZ,2026-09-23
D1409,214GZMN,2026-09-23
D1409,214GZMZ,2026-09-23
D1409,214HBHJ,2026-09-24
D1409,214HDTZ,2026-09-23
D1409,214HGYP,2026-09-23
D1409,214HGZG,2026-09-23
D1409,214HHRV,2026-09-23
D1409,214HJPT,2026-09-28
D1409,214HKGP,2026-09-24
D1409,214HMQH,2026-09-24
D1409,214HMSK,2026-09-23
D1409,214HMVG,2026-09-23
D1409,214HNBM,2026-09-24
D1409,214HNMP,2026-09-23
D1409,214HQQX,2026-09-24
D1409,214HSTK,2026-09-24
D1409,214HTJX,2026-09-24
D1409,214HWWR,2026-09-23
D1409,214HXML,2026-09-28
D1409,214HXSV,2026-09-24
D1409,214HZWM,2026-09-24
D1409,214JDXB,2026-09-25
D1409,214JFSV,2026-09-25
D1409,214JGMK,2026-09-25
D1409,214JHLB,2026-09-24
D1409,214JJFT,2026-09-24
D1409,214JKQM,2026-09-25
D1409,214JLCG,2026-09-28
D1409,214JPSD,2026-09-25
D1409,214JQMS,2026-09-25
D1409,214JRNK,2026-09-24
D1409,214JSNK,2026-09-25
D1409,214JTBT,2026-09-24
D1409,214JWMQ,2026-09-24
D1409,214JXCL,2026-09-25
D1409,214JYJW,2026-09-24
D1409,214JZPD,2026-09-25
D1409,214KBLF,2026-09-25
D1409,214KCFM,2026-09-24
D1409,214KCJG,2026-09-28
D1409,214KJWL,2026-09-25
D1409,214KPFM,2026-09-25
D1409,214KPNP,2026-09-28
D1409,214KPQN,2026-09-25
D1409,214KPSF,2026-09-25
D1409,214KQTW,2026-09-27
D1409,214KRJF,2026-09-28
D1409,214KRQK,2026-09-28
D1409,214KSRB,2026-09-25
D1409,214KVDR,2026-09-29
D1409,214KXPT,2026-09-25
D1409,214KZTV,2026-09-25
D1409,214KZWC,2026-09-25
D1409,214KZXG,2026-09-25
D1409,214LBPD,2026-09-28
D1409,214LBVX,2026-09-25
D1409,214LGMS,2026-09-29
D1409,214LHMV,2026-09-28
D1409,214LHMY,2026-09-29
D1409,214LHVH,2026-09-29
D1409,214LKZL,2026-09-26
D1409,214LLFS,2026-09-28
D1409,214LLZW,2026-09-28
D1409,214LMQX,2026-09-28
D1409,214LRVG,2026-09-28
D1409,214LVXL,2026-09-28
D1409,214MBHV,2026-09-28
D1409,214MBZK,2026-09-28
D1409,214MCDK,2026-09-29
D1409,214MCJN,2026-09-28
D1409,214MDCV,2026-09-28
D1409,214MJKY,2026-09-28
D1409,214MLBJ,2026-09-28
D1409,214MLCS,2026-09-29
D1409,214MLMY,2026-09-29
D1409,214MPRV,2026-09-29
D1409,214MRSH,2026-09-28
D1409,214MSQB,2026-09-28
D1409,214MTPH,2026-09-29
D1409,214MTRD,2026-09-28
D1409,214MTVG,2026-09-28
D1409,214MVDC,2026-09-29
D1409,214MWBG,2026-09-29
D1409,214MWBZ,2026-09-28
D1409,214NBTY,2026-09-29
D1409,214NBTZ,2026-09-29
D1409,214NCXN,2026-09-29
D1409,214NCYK,2026-09-29
D1409,214NFSC,2026-09-29
D1409,214NHDF,2026-09-29
D1409,214NHLN,2026-09-29
D1409,3855962,2026-07-21
D1409,3874782,2026-07-21
D1409,3875300,2026-07-21
D1409,3879959,2026-07-21
D1409,3883693,2026-07-22
D1409,4296132,2026-08-31
D1409,4316348,2026-07-25
D1409,4317554,2026-07-25
D1409,4320063,2026-07-25
D1409,4320529,2026-08-01
D1409,4321893,2026-09-26
D1409,4330971,2026-07-22
D1409,4430523,2026-07-22
D1409,4481337,2026-07-02
D1409,4481350,2026-09-01
D1409,4525627,2026-07-03
D1409,4525709,2026-07-03
D1409,4576106,2026-07-14
D1409,4579206,2026-07-16
D1409,4590649,2026-07-06
D1409,4591374,2026-07-06
D1409,4592680,2026-07-07
D1409,4662392,2026-08-05
D1409,4683299,2026-07-21
D1409,4723671,2026-07-31
D1409,4734015,2026-08-07
D1409,5054816,2026-09-01
D1409,5054917,2026-09-25
D1409,5170466,2026-08-18
D1409,5227518,2026-08-31
D1409,5351254,2026-08-25
D1409,5434957,2026-08-25
D1409,5442558,2026-08-31
D1409,5442565,2026-08-31
D1409,5460322,2026-09-15
D1409,5516286,2026-08-14
D1409,5570857,2026-08-31
D1409,5587215,2026-09-02
D1409,5601516,2026-07-31
D1409,5620543,2026-07-31
D1409,5629319,2026-07-31
D1409,5704109,2026-09-02
D1409,5715023,2026-09-01
D1409,5715172,2026-09-03
D1409,5718063,2026-08-31
D1409,5742841,2026-09-27
D1409,5792200,2026-08-25
D1409,5835576,2026-08-31
D1409,5945391,2026-09-23
D1409,5989742,2026-08-14
D1409,6017231,2026-08-15
D1409,6017233,2026-08-15
D1409,6141830,2026-09-02
D1409,6142951,2026-08-20
D1409,6181026,2026-08-21
D1409,6206200,2026-08-22
D1409,6222203,2026-08-28
D1409,6231633,2026-08-24
D1409,6241265,2026-09-23
D1409,6266546,2026-08-25
D1409,6276634,2026-08-25
D1409,6304677,2026-08-26
D1409,6304703,2026-08-26
D1409,6318509,2026-08-26
D1409,6344856,2026-08-27
D1409,6363842,2026-08-28
D1409,6363891,2026-08-28
D1409,6364892,2026-09-27
D1409,6365400,2026-09-22
D1409,6382047,2026-08-28
D1409,6383436,2026-08-28
D1409,6444839,2026-08-31
D1409,6444855,2026-08-31
D1409,6444865,2026-08-31
D1409,6444866,2026-08-31
D1409,6444870,2026-08-31
D1409,6444886,2026-08-31
D1409,6466313,2026-08-31
D1409,6478446,2026-09-01
D1409,6499128,2026-09-01
D1409,6499355,2026-09-01
D1409,6500518,2026-09-02
D1409,6524360,2026-09-02
D1409,6532394,2026-09-08
D1409,6532760,2026-09-02
D1409,6532763,2026-09-02
D1409,6532764,2026-09-02
D1409,6532766,2026-09-02
D1409,6532767,2026-09-02
D1409,6532769,2026-09-02
D1409,6534173,2026-09-02
D1409,6534459,2026-09-03
D1409,6534595,2026-09-03
D1409,6534607,2026-09-03
D1409,6538110,2026-09-26
D1409,6539537,2026-09-23
D1409,6571061,2026-09-24
D1409,6574233,2026-09-03
D1409,6574731,2026-09-03
D1409,6574911,2026-09-03
D1409,6589045,2026-09-10
D1409,6589131,2026-09-03
D1409,6590336,2026-09-04
D1409,6590529,2026-09-04
D1409,6590571,2026-09-04
D1409,6595034,2026-09-27
D1409,6596881,2026-09-04
D1409,6598557,2026-09-07
D1409,6602439,2026-09-04
D1409,6623798,2026-09-04
D1409,6623809,2026-09-04
D1409,6625466,2026-09-04
D1409,6628063,2026-09-28
D1409,6636183,2026-09-04
D1409,6637287,2026-09-05
D1409,6642560,2026-09-05
D1409,6644224,2026-09-10
D1409,6662301,2026-09-05
D1409,6671592,2026-09-05
D1409,6682783,2026-09-06
D1409,6691425,2026-09-07
D1409,6695701,2026-09-07
D1409,6697279,2026-09-07
D1409,6697333,2026-09-07
D1409,6704545,2026-09-08
D1409,6727734,2026-09-08
D1409,6729384,2026-09-08
D1409,6730046,2026-09-08
D1409,6734075,2026-09-08
D1409,6739790,2026-09-09
D1409,6741863,2026-09-09
D1409,6753130,2026-09-09
D1409,6767483,2026-09-09
D1409,6767792,2026-09-09
D1409,6772857,2026-09-09
D1409,6773493,2026-09-09
D1409,6775448,2026-09-09
D1409,6776366,2026-09-09
D1409,6776596,2026-09-10
D1409,6776798,2026-09-10
D1409,6776826,2026-09-10
D1409,6782059,2026-09-10
D1409,6782068,2026-09-10
D1409,6782079,2026-09-10
D1409,6797595,2026-09-10
D1409,6805596,2026-09-10
D1409,6805876,2026-09-10
D1409,6805973,2026-09-10
D1409,6806557,2026-09-11
D1409,6806724,2026-09-11
D1409,6806789,2026-09-11
D1409,6808957,2026-09-11
D1409,6809335,2026-09-11
D1409,6824365,2026-09-12
D1409,6826034,2026-09-11
D1409,6829932,2026-09-11
D1409,6849684,2026-09-12
D1409,6858924,2026-09-13
D1409,6862719,2026-09-14
D1409,6865259,2026-09-14
D1409,6866183,2026-09-15
D1409,6866366,2026-09-15
D1409,6887113,2026-09-15
D1409,6895787,2026-09-15
D1409,6908471,2026-09-16
D1409,6908547,2026-09-16
D1409,6910101,2026-09-16
D1409,6910174,2026-09-16
D1409,6910195,2026-09-16
D1409,6927806,2026-09-23
D1409,6928573,2026-09-16
D1409,6963875,2026-09-17
D1409,6964146,2026-09-17
D1409,6966982,2026-09-17
D1409,6967268,2026-09-17
D1409,6967284,2026-09-17
D1409,6969330,2026-09-18
D1409,6969411,2026-09-18
D1409,6989677,2026-09-18
D1409,6993121,2026-09-18
D1409,6995204,2026-09-18
D1409,6995210,2026-09-18
D1409,6995213,2026-09-18
D1409,6995244,2026-09-18
D1409,7004345,2026-09-18
D1409,7005446,2026-09-18
D1409,7010523,2026-09-19
D1409,7033870,2026-09-19
D1409,7034017,2026-09-19
D1409,7034348,2026-09-19
D1409,7057625,2026-09-21
D1409,7060908,2026-09-21
D1409,7062624,2026-09-21
D1409,7067977,2026-09-22
D1409,7068033,2026-09-22
D1409,7068034,2026-09-22
D1409,7072328,2026-09-22
D1409,7072422,2026-09-22
D1409,7073240,2026-09-29
D1409,7074873,2026-09-29
D1409,7096609,2026-09-22
D1409,7097769,2026-09-22
D1409,7099853,2026-09-26
D1409,7104561,2026-09-23
D1409,7104572,2026-09-23
D1409,7104701,2026-09-23
D1409,7106016,2026-09-23
D1409,7112851,2026-09-23
D1409,7112999,2026-09-23
D1409,7114196,2026-09-23
D1409,7114468,2026-09-23
D1409,7115370,2026-09-23
D1409,7117506,2026-09-23
D1409,7117535,2026-09-23
D1409,7133669,2026-09-23
D1409,7136540,2026-09-23
D1409,7137849,2026-09-23
D1409,7149124,2026-09-23
D1409,7152234,2026-09-24
D1409,7152249,2026-09-24
D1409,7152262,2026-09-24
D1409,7152269,2026-09-24
D1409,7154691,2026-09-24
D1409,7154956,2026-09-24
D1409,7156008,2026-09-24
D1409,7158246,2026-09-24
D1409,7158554,2026-09-29
D1409,7162128,2026-09-29
D1409,7164768,2026-09-24
D1409,7164866,2026-09-24
D1409,7167891,2026-09-24
D1409,7167906,2026-09-24
D1409,7167924,2026-09-24
D1409,7167935,2026-09-24
D1409,7167989,2026-09-24
D1409,7168059,2026-09-24
D1409,7168448,2026-09-24
D1409,7169711,2026-09-24
D1409,7346307,2026-09-24
D1409,7347104,2026-09-25
D1409,7368268,2026-09-29
D1409,7368378,2026-09-29
D1409,7379862,2026-09-25
D1409,7380404,2026-09-25
D1409,7381405,2026-09-25
D1409,7385040,2026-09-25
D1409,7389372,2026-09-25
D1409,7393945,2026-09-25
D1409,7394648,2026-09-25
D1409,7396228,2026-09-25
D1409,7398713,2026-09-28
D1409,7398763,2026-09-28
D1409,7398954,2026-09-25
D1409,7400301,2026-09-25
D1409,7400659,2026-09-25
D1409,7400864,2026-09-26
D1409,7400952,2026-09-26
D1409,7400987,2026-09-26
D1409,7400997,2026-09-26
D1409,7401774,2026-09-26
D1409,7402397,2026-09-26
D1409,7405325,2026-09-26
D1409,7405538,2026-09-26
D1409,7405780,2026-09-26
D1409,7405792,2026-09-26
D1409,7405800,2026-09-26
D1409,7419995,2026-09-26
D1409,7420007,2026-09-26
D1409,7422116,2026-09-29
D1409,7422488,2026-09-26
D1409,7426809,2026-09-26
D1409,7426832,2026-09-26
D1409,7428023,2026-09-26
D1409,7428111,2026-09-26
D1409,7428118,2026-09-26
D1409,7428508,2026-09-26
D1409,7429979,2026-09-26
D1409,7430808,2026-09-28
D1409,7431137,2026-09-28
D1409,7431778,2026-09-26
D1409,7433669,2026-09-27
D1409,7437040,2026-09-27
D1409,7448613,2026-09-27
D1409,7453272,2026-09-28
D1409,7456696,2026-09-28
D1409,7464750,2026-09-28
D1409,7471767,2026-09-28
D1409,7472472,2026-09-28
D1409,7472701,2026-09-29
D1409,7472725,2026-09-29
D1409,7474714,2026-09-29
D1409,7474763,2026-09-29
D1409,7475805,2026-09-29
D1409,7476197,2026-09-29
D1409,7476257,2026-09-29
D1409,7477574,2026-09-29
D1409,7487926,2026-09-29
D1409,7490005,2026-09-29
D1414,6143537,2026-08-20
D1420,1666063,2026-09-10
D1420,1861014,2026-09-18
D1420,205PYXJ,2026-09-18
D1420,206KFCL,2026-09-29
D1420,207PQQY,2026-09-07
D1420,208VPRG,2026-09-18
D1420,210FQTX,2026-09-29
D1420,210JFJP,2026-09-15
D1420,210XJVC,2026-09-17
D1420,210XTWX,2026-09-11
D1420,210XWDN,2026-09-25
D1420,210YFTN,2026-09-28
D1420,210ZKVD,2026-08-31
D1420,211JBXV,2026-09-09
D1420,211MXBM,2026-09-11
D1420,211YGFV,2026-09-28
D1420,212PPCD,2026-09-23
D1420,212SGTN,2026-09-03
D1420,212TZSR,2026-09-24
D1420,212VFHG,2026-09-22
D1420,212VYMD,2026-09-22
D1420,212VYMN,2026-09-22
D1420,212VYNF,2026-09-22
D1420,212XLNR,2026-09-28
D1420,212XTGZ,2026-09-24
D1420,212YBCK,2026-09-25
D1420,212YQSQ,2026-09-28
D1420,213BVTF,2026-09-10
D1420,213CGKD,2026-09-25
D1420,213CQSY,2026-09-22
D1420,213FDCW,2026-09-15
D1420,213FPSZ,2026-09-01
D1420,213GPBG,2026-09-02
D1420,213HBMY,2026-09-02
D1420,213HHCT,2026-09-24
D1420,213HKLJ,2026-09-28
D1420,213HMSS,2026-09-29
D1420,213HMTP,2026-09-29
D1420,213HQFT,2026-09-21
D1420,213HQTF,2026-09-28
D1420,213JBCS,2026-09-19
D1420,213JCQW,2026-09-28
D1420,213JHNK,2026-09-22
D1420,213JLFW,2026-09-19
D1420,213JTFX,2026-09-03
D1420,213KPPL,2026-09-28
D1420,213KQCP,2026-09-23
D1420,213KXTQ,2026-09-21
D1420,213LBXN,2026-09-20
D1420,213LCZJ,2026-09-21
D1420,213LDNT,2026-09-23
D1420,213LDRC,2026-09-04
D1420,213LHVH,2026-09-07
D1420,213LNQS,2026-09-18
D1420,213MRZV,2026-09-08
D1420,213MSNF,2026-09-07
D1420,213MTBP,2026-09-14
D1420,213NDRT,2026-09-08
D1420,213NGLL,2026-09-08
D1420,213NLLF,2026-09-08
D1420,213NNRB,2026-09-24
D1420,213NNSN,2026-09-09
D1420,213PFSH,2026-09-24
D1420,213PMDQ,2026-09-24
D1420,213PYFR,2026-09-25
D1420,213PYLL,2026-09-25
D1420,213QJJD,2026-09-25
D1420,213QKHT,2026-09-25
D1420,213QNLK,2026-09-25
D1420,213QPSC,2026-09-10
D1420,213QPVL,2026-09-10
D1420,213QPWR,2026-09-10
D1420,213QPYC,2026-09-25
D1420,213RCFJ,2026-09-15
D1420,213RGPN,2026-09-10
D1420,213RWRB,2026-09-29
D1420,213RXBV,2026-09-26
D1420,213RZKK,2026-09-14
D1420,213SBKH,2026-09-26
D1420,213SQCK,2026-09-25
D1420,213SWMH,2026-09-24
D1420,213SZNB,2026-09-24
D1420,213TCPY,2026-09-11
D1420,213TCXX,2026-09-21
D1420,213TJBS,2026-09-28
D1420,213TTNV,2026-09-27
D1420,213VFRQ,2026-09-28
D1420,213VFVM,2026-09-28
D1420,213VHSQ,2026-09-24
D1420,213VNRH,2026-09-14
D1420,213VPNJ,2026-09-15
D1420,213VZTV,2026-09-28
D1420,213WDCH,2026-09-15
D1420,213WDDF,2026-09-15
D1420,213WDFH,2026-09-15
D1420,213WDFM,2026-09-15
D1420,213WDGH,2026-09-15
D1420,213WWYF,2026-09-15
D1420,213WXZC,2026-09-15
D1420,213XMHH,2026-09-17
D1420,213XVJZ,2026-09-28
D1420,213YNKS,2026-09-27
D1420,213YXYS,2026-09-17
D1420,213ZNNJ,2026-09-22
D1420,213ZTYG,2026-09-18
D1420,213ZVWV,2026-09-18
D1420,214BPDR,2026-09-18
D1420,214BPVQ,2026-09-18
D1420,214BWXS,2026-09-18
D1420,214BZRY,2026-09-18
D1420,214CHWL,2026-09-18
D1420,214CZDQ,2026-09-21
D1420,214DJWB,2026-09-21
D1420,214DSLR,2026-09-22
D1420,214DVQM,2026-09-22
D1420,214FSMG,2026-09-22
D1420,214GFLJ,2026-09-23
D1420,214GMRY,2026-09-24
D1420,214HDBG,2026-09-24
D1420,214HKXR,2026-09-23
D1420,214HXBD,2026-09-24
D1420,214JHCS,2026-09-24
D1420,214JYYY,2026-09-28
D1420,214KDFQ,2026-09-25
D1420,214KGYF,2026-09-29
D1420,214KJLV,2026-09-25
D1420,214KNYW,2026-09-29
D1420,214KQHX,2026-09-25
D1420,214KRTJ,2026-09-29
D1420,214KVKF,2026-09-29
D1420,214KXMW,2026-09-25
D1420,214LCVN,2026-09-25
D1420,214LCWX,2026-09-25
D1420,214LDBQ,2026-09-25
D1420,214LDDH,2026-09-25
D1420,214LDQB,2026-09-28
D1420,214LLCX,2026-09-26
D1420,214LLKP,2026-09-28
D1420,214MDDD,2026-09-28
D1420,214MYSR,2026-09-29
D1420,214MYTC,2026-09-29
D1420,214MYWP,2026-09-29
D1420,214MYXD,2026-09-29
D1420,214NCDY,2026-09-29
D1420,2159976,2026-07-18
D1420,2974482,2026-08-11
D1420,3122357,2026-09-20
D1420,3332648,2026-07-21
D1420,3340969,2026-08-05
D1420,3355476,2026-07-22
D1420,3404933,2026-08-24
D1420,3591062,2026-07-07
D1420,3591071,2026-07-07
D1420,3627274,2026-09-02
D1420,3718685,2026-08-08
D1420,3791165,2026-07-07
D1420,3791168,2026-07-07
D1420,3791169,2026-07-07
D1420,3927934,2026-07-07
D1420,3927942,2026-07-07
D1420,3975524,2026-07-22
D1420,3984735,2026-07-07
D1420,3984740,2026-07-07
D1420,4027472,2026-07-07
D1420,4027476,2026-07-07
D1420,4027482,2026-07-07
D1420,4075089,2026-07-20
D1420,4075092,2026-07-20
D1420,4088276,2026-07-20
D1420,4110504,2026-07-18
D1420,4248967,2026-07-21
D1420,4276728,2026-09-02
D1420,4400055,2026-07-29
D1420,4462752,2026-07-21
D1420,4500432,2026-09-02
D1420,4511316,2026-07-07
D1420,4511322,2026-07-07
D1420,4572186,2026-09-11
D1420,4578889,2026-08-22
D1420,4579036,2026-08-28
D1420,4672387,2026-08-25
D1420,4729424,2026-08-06
D1420,4769303,2026-08-25
D1420,4769306,2026-07-09
D1420,4790030,2026-08-06
D1420,4813467,2026-07-29
D1420,4818984,2026-07-29
D1420,4934471,2026-09-10
D1420,5006395,2026-08-28
D1420,5044791,2026-07-21
D1420,5050584,2026-07-20
D1420,5058549,2026-07-16
D1420,5060409,2026-07-20
D1420,5130925,2026-07-20
D1420,5192647,2026-09-23
D1420,5217432,2026-07-21
D1420,5341364,2026-08-28
D1420,5352268,2026-08-24
D1420,5435591,2026-07-24
D1420,5481184,2026-09-28
D1420,5489864,2026-07-27
D1420,5563651,2026-09-10
D1420,5567381,2026-09-26
D1420,5584824,2026-09-24
D1420,5594299,2026-07-30
D1420,5629199,2026-07-31
D1420,5629224,2026-08-25
D1420,5660074,2026-09-02
D1420,5661539,2026-08-28
D1420,5667378,2026-09-17
D1420,5691498,2026-08-04
D1420,5691503,2026-08-04
D1420,5699598,2026-09-02
D1420,5700931,2026-09-11
D1420,5724955,2026-09-02
D1420,5741583,2026-08-06
D1420,5793095,2026-09-04
D1420,5796165,2026-08-07
D1420,5849798,2026-09-18
D1420,5886752,2026-08-31
D1420,5959918,2026-09-02
D1420,5959947,2026-08-22
D1420,5993919,2026-08-14
D1420,6002295,2026-09-11
D1420,6002296,2026-09-11
D1420,6002299,2026-09-11
D1420,6002300,2026-09-11
D1420,6051133,2026-09-11
D1420,6051136,2026-09-11
D1420,6051137,2026-09-11
D1420,6051138,2026-09-11
D1420,6051139,2026-09-11
D1420,6051140,2026-09-11
D1420,6051153,2026-09-11
D1420,6051155,2026-09-11
D1420,6080723,2026-08-18
D1420,6086243,2026-09-11
D1420,6117258,2026-09-11
D1420,6149245,2026-09-11
D1420,6181773,2026-09-11
D1420,6207731,2026-08-22
D1420,6207945,2026-08-28
D1420,6217668,2026-08-23
D1420,6217673,2026-08-23
D1420,6235714,2026-08-24
D1420,6236541,2026-09-11
D1420,6236545,2026-09-11
D1420,6236553,2026-09-11
D1420,6236557,2026-09-11
D1420,6236577,2026-09-11
D1420,6266946,2026-08-25
D1420,6277819,2026-09-11
D1420,6318569,2026-09-11
D1420,6318570,2026-08-27
D1420,6318571,2026-08-27
D1420,6318573,2026-09-11
D1420,6318577,2026-09-11
D1420,6318579,2026-09-11
D1420,6318590,2026-09-11
D1420,6339900,2026-09-15
D1420,6340031,2026-09-24
D1420,6344822,2026-08-27
D1420,6352462,2026-08-27
D1420,6353235,2026-09-24
D1420,6394624,2026-09-11
D1420,6417989,2026-08-29
D1420,6419829,2026-08-29
D1420,6430595,2026-09-11
D1420,6430603,2026-09-11
D1420,6467748,2026-08-31
D1420,6467805,2026-09-11
D1420,6467814,2026-09-11
D1420,6467816,2026-09-11
D1420,6467817,2026-09-11
D1420,6496752,2026-09-01
D1420,6498550,2026-09-08
D1420,6498552,2026-09-08
D1420,6498553,2026-09-08
D1420,6499309,2026-09-02
D1420,6500255,2026-09-11
D1420,6500268,2026-09-11
D1420,6500273,2026-09-11
D1420,6506910,2026-09-02
D1420,6507223,2026-09-04
D1420,6525115,2026-09-02
D1420,6534202,2026-09-03
D1420,6534205,2026-09-11
D1420,6534209,2026-09-11
D1420,6534213,2026-09-11
D1420,6536153,2026-09-26
D1420,6536586,2026-09-26
D1420,6539252,2026-09-03
D1420,6579633,2026-09-03
D1420,6579709,2026-09-03
D1420,6590154,2026-09-11
D1420,6595014,2026-09-21
D1420,6602780,2026-09-04
D1420,6624892,2026-09-04
D1420,6640353,2026-09-28
D1420,6673494,2026-09-06
D1420,6682594,2026-09-06
D1420,6683297,2026-09-06
D1420,6686560,2026-09-29
D1420,6697321,2026-09-07
D1420,6698419,2026-09-11
D1420,6698423,2026-09-11
D1420,6702505,2026-09-19
D1420,6706323,2026-09-08
D1420,6710887,2026-09-08
D1420,6723367,2026-09-08
D1420,6731199,2026-09-08
D1420,6732190,2026-09-08
D1420,6732200,2026-09-08
D1420,6732204,2026-09-08
D1420,6732205,2026-09-08
D1420,6736154,2026-09-08
D1420,6738257,2026-09-08
D1420,6738273,2026-09-11
D1420,6746063,2026-09-21
D1420,6749261,2026-09-09
D1420,6766559,2026-09-09
D1420,6768800,2026-09-09
D1420,6776426,2026-09-11
D1420,6780977,2026-09-10
D1420,6781024,2026-09-10
D1420,6781634,2026-09-29
D1420,6783149,2026-09-10
D1420,6794493,2026-09-10
D1420,6805752,2026-09-10
D1420,6806429,2026-09-11
D1420,6806430,2026-09-11
D1420,6806431,2026-09-11
D1420,6809604,2026-09-11
D1420,6829983,2026-09-11
D1420,6830376,2026-09-11
D1420,6866432,2026-09-15
D1420,6883685,2026-09-15
D1420,6907398,2026-09-15
D1420,6911467,2026-09-16
D1420,6929861,2026-09-16
D1420,6930302,2026-09-16
D1420,6932705,2026-09-16
D1420,6932715,2026-09-16
D1420,6932947,2026-09-16
D1420,6936428,2026-09-16
D1420,6936514,2026-09-16
D1420,6937072,2026-09-19
D1420,6968526,2026-09-17
D1420,6986013,2026-09-18
D1420,6987596,2026-09-18
D1420,6993691,2026-09-18
D1420,6994323,2026-09-18
D1420,6994738,2026-09-18
D1420,6994776,2026-09-18
D1420,6997278,2026-09-18
D1420,6999559,2026-09-18
D1420,6999919,2026-09-18
D1420,7010138,2026-09-18
D1420,7012715,2026-09-19
D1420,7031075,2026-09-19
D1420,7031341,2026-09-19
D1420,7032256,2026-09-19
D1420,7033324,2026-09-19
D1420,7052534,2026-09-21
D1420,7052720,2026-09-21
D1420,7055166,2026-09-21
D1420,7057345,2026-09-21
D1420,7057360,2026-09-21
D1420,7057688,2026-09-21
D1420,7059876,2026-09-29
D1420,7059879,2026-09-29
D1420,7060918,2026-09-21
D1420,7061963,2026-09-21
D1420,7062813,2026-09-21
D1420,7062815,2026-09-21
D1420,7062828,2026-09-21
D1420,7066865,2026-09-21
D1420,7071311,2026-09-22
D1420,7073306,2026-09-25
D1420,7092734,2026-09-22
D1420,7093316,2026-09-29
D1420,7094560,2026-09-22
D1420,7094871,2026-09-22
D1420,7096679,2026-09-22
D1420,7100339,2026-09-22
D1420,7100555,2026-09-22
D1420,7104199,2026-09-22
D1420,7106909,2026-09-23
D1420,7112185,2026-09-23
D1420,7112940,2026-09-23
D1420,7115860,2026-09-23
D1420,7115906,2026-09-23
D1420,7136635,2026-09-23
D1420,7148172,2026-09-23
D1420,7148737,2026-09-23
D1420,7148950,2026-09-23
D1420,7151041,2026-09-23
D1420,7151834,2026-09-23
D1420,7158128,2026-09-24
D1420,7158506,2026-09-24
D1420,7163903,2026-09-24
D1420,7164089,2026-09-24
D1420,7164094,2026-09-24
D1420,7164116,2026-09-24
D1420,7164298,2026-09-24
D1420,7164426,2026-09-24
D1420,7164648,2026-09-24
D1420,7164660,2026-09-24
D1420,7164730,2026-09-24
D1420,7166276,2026-09-24
D1420,7166340,2026-09-24
D1420,7167051,2026-09-24
D1420,7167795,2026-09-24
D1420,7348368,2026-09-29
D1420,7349733,2026-09-25
D1420,7353767,2026-09-29
D1420,7363020,2026-09-25
D1420,7378818,2026-09-25
D1420,7379875,2026-09-25
D1420,7380033,2026-09-26
D1420,7384455,2026-09-25
D1420,7384917,2026-09-25
D1420,7384920,2026-09-25
D1420,7385078,2026-09-25
D1420,7385814,2026-09-25
D1420,7386827,2026-09-25
D1420,7386850,2026-09-25
D1420,7386856,2026-09-25
D1420,7386863,2026-09-25
D1420,7386931,2026-09-25
D1420,7386935,2026-09-25
D1420,7387765,2026-09-25
D1420,7397852,2026-09-25
D1420,7397875,2026-09-25
D1420,7402188,2026-09-26
D1420,7402777,2026-09-26
D1420,7404547,2026-09-26
D1420,7420654,2026-09-26
D1420,7420864,2026-09-26
D1420,7421678,2026-09-26
D1420,7423524,2026-09-26
D1420,7424722,2026-09-26
D1420,7425009,2026-09-26
D1420,7425910,2026-09-26
D1420,7426607,2026-09-26
D1420,7428886,2026-09-26
D1420,7429399,2026-09-26
D1420,7429512,2026-09-26
D1420,7431089,2026-09-28
D1420,7432867,2026-09-28
D1420,7433675,2026-09-27
D1420,7433824,2026-09-27
D1420,7435559,2026-09-27
D1420,7435573,2026-09-27
D1420,7436178,2026-09-27
D1420,7449348,2026-09-27
D1420,7450715,2026-09-27
D1420,7456279,2026-09-28
D1420,7456355,2026-09-28
D1420,7456898,2026-09-28
D1420,7464493,2026-09-28
D1420,7467799,2026-09-28
D1420,7471675,2026-09-28
D1420,7474511,2026-09-29
D1420,7474547,2026-09-29
D1420,7474851,2026-09-29
D1420,7477588,2026-09-29
D1420,7477609,2026-09-29
D1420,7477639,2026-09-29
D1420,7477665,2026-09-29
D1420,7477692,2026-09-29
D1420,7477857,2026-09-29
D1420,7477941,2026-09-29
D1420,7479607,2026-09-29
D1420,7480009,2026-09-29
D1420,7489684,2026-09-29
D1420,7489882,2026-09-29
D1429,208QZVG,2026-07-17
D1429,210CRCS,2026-09-11
D1429,211NLRG,2026-09-25
D1429,211VXGC,2026-09-25
D1429,211XCMJ,2026-09-24
D1429,211XZHY,2026-09-28
D1429,211ZRXR,2026-09-24
D1429,213DLJC,2026-09-01
D1429,213JGXT,2026-09-24
D1429,213LJPW,2026-09-20
D1429,213LTVX,2026-09-23
D1429,213LYBQ,2026-09-25
D1429,213NDCD,2026-09-23
D1429,213NHZB,2026-09-08
D1429,213NLDX,2026-09-29
D1429,213PJBJ,2026-09-23
D1429,213PLMQ,2026-09-21
D1429,213QMGM,2026-09-25
D1429,213QQWT,2026-09-25
D1429,213RGCT,2026-09-28
D1429,213RQXT,2026-09-10
D1429,213SSQQ,2026-09-11
D1429,213SSRF,2026-09-29
D1429,213TLXL,2026-09-14
D1429,213TWWZ,2026-09-14
D1429,213TXSH,2026-09-14
D1429,213WSHN,2026-09-15
D1429,213WYMS,2026-09-15
D1429,213XBQY,2026-09-25
D1429,213XWZQ,2026-09-16
D1429,213YHNT,2026-09-18
D1429,213YYTG,2026-09-16
D1429,213YZKX,2026-09-17
D1429,213ZLXG,2026-09-17
D1429,213ZZKC,2026-09-17
D1429,214BCTB,2026-09-18
D1429,214BRCT,2026-09-18
D1429,214CJHK,2026-09-18
D1429,214CKCN,2026-09-21
D1429,214CLJC,2026-09-21
D1429,214DJJY,2026-09-21
D1429,214DMXW,2026-09-21
D1429,214DNFF,2026-09-21
D1429,214DZKY,2026-09-22
D1429,214FMQN,2026-09-22
D1429,214FQWX,2026-09-22
D1429,214GFZV,2026-09-22
D1429,214GHNT,2026-09-23
D1429,214GTLK,2026-09-23
D1429,214JCJT,2026-09-24
D1429,214JCYL,2026-09-24
D1429,214JFHS,2026-09-24
D1429,214JNDJ,2026-09-25
D1429,214KJCB,2026-09-25
D1429,214KJZH,2026-09-25
D1429,214KLWL,2026-09-25
D1429,214KNYM,2026-09-28
D1429,214LTLF,2026-09-28
D1429,214MLYZ,2026-09-28
D1429,214NGNM,2026-09-29
D1429,3471996,2026-08-31
D1429,4040343,2026-09-11
D1429,4318810,2026-07-25
D1429,4711351,2026-09-22
D1429,5351208,2026-08-25
D1429,5386918,2026-07-23
D1429,5500966,2026-09-24
D1429,5793153,2026-08-07
D1429,6001578,2026-09-09
D1429,6017236,2026-08-15
D1429,6149255,2026-08-21
D1429,6169373,2026-08-21
D1429,6180807,2026-08-24
D1429,6181785,2026-08-22
D1429,6207655,2026-08-22
D1429,6384592,2026-08-28
D1429,6414035,2026-08-29
D1429,6433769,2026-09-21
D1429,6433781,2026-09-29
D1429,6445014,2026-08-31
D1429,6460124,2026-09-01
D1429,6460537,2026-08-31
D1429,6460700,2026-09-01
D1429,6474858,2026-09-01
D1429,6474887,2026-09-01
D1429,6495838,2026-09-28
D1429,6518100,2026-09-02
D1429,6525546,2026-09-02
D1429,6528715,2026-09-02
D1429,6533311,2026-09-09
D1429,6539981,2026-09-03
D1429,6544312,2026-09-29
D1429,6574161,2026-09-03
D1429,6602544,2026-09-04
D1429,6666699,2026-09-05
D1429,6666731,2026-09-05
D1429,6692713,2026-09-07
D1429,6725537,2026-09-15
D1429,6727620,2026-09-08
D1429,6738115,2026-09-08
D1429,6768229,2026-09-09
D1429,6769146,2026-09-09
D1429,6797533,2026-09-10
D1429,6800265,2026-09-10
D1429,6802005,2026-09-11
D1429,6811218,2026-09-11
D1429,6849745,2026-09-12
D1429,6882220,2026-09-15
D1429,6893145,2026-09-15
D1429,6896617,2026-09-15
D1429,6929789,2026-09-18
D1429,6933027,2026-09-16
D1429,6936590,2026-09-16
D1429,6964032,2026-09-17
D1429,6969397,2026-09-18
D1429,6986722,2026-09-18
D1429,7011057,2026-09-19
D1429,7060913,2026-09-21
D1429,7093776,2026-09-22
D1429,7105282,2026-09-23
D1429,7132095,2026-09-24
D1429,7132820,2026-09-23
D1429,7133613,2026-09-23
D1429,7137602,2026-09-23
D1429,7149537,2026-09-23
D1429,7163737,2026-09-24
D1429,7169192,2026-09-24
D1429,7362898,2026-09-25
D1429,7384322,2026-09-25
D1429,7385732,2026-09-25
D1429,7386664,2026-09-25
D1429,7398970,2026-09-25
D1429,7401111,2026-09-26
D1429,7404948,2026-09-26
D1429,7422136,2026-09-29
D1429,7422453,2026-09-26
D1429,7431494,2026-09-26
D1429,7433651,2026-09-27
D1429,7449499,2026-09-27
D1429,7453541,2026-09-28
D1429,7456827,2026-09-28
D1429,7462951,2026-09-28
D1429,7464016,2026-09-28
D1429,7464290,2026-09-28
D1429,7471749,2026-09-28
D1429,7472277,2026-09-28
D1429,7472633,2026-09-29
D1429,7472643,2026-09-29
D1429,7472671,2026-09-29
D1431,209FMGK,2026-09-22
D1431,209VNLF,2026-09-24
D1431,209YSKR,2026-09-16
D1431,210KWMF,2026-09-07
D1431,212JZFH,2026-09-14
D1431,212LBLK,2026-09-23
D1431,212PZCY,2026-09-09
D1431,212THJG,2026-09-25
D1431,212WQFF,2026-09-16
D1431,213BYTS,2026-09-10
D1431,213JLRB,2026-09-10
D1431,213KJFF,2026-09-04
D1431,213MXPZ,2026-09-24
D1431,213MYXT,2026-09-27
D1431,213NYRB,2026-09-09
D1431,213PMVR,2026-09-24
D1431,213QDYY,2026-09-09
D1431,213QFYL,2026-09-29
D1431,213QHHY,2026-09-29
D1431,213QPTF,2026-09-22
D1431,213RMQF,2026-09-26
D1431,213RSTS,2026-09-26
D1431,213SPYV,2026-09-28
D1431,213TDLF,2026-09-27
D1431,213THJD,2026-09-16
D1431,213TRVN,2026-09-14
D1431,213TWVY,2026-09-14
D1431,213WBWT,2026-09-27
D1431,213WVCT,2026-09-15
D1431,213WZLF,2026-09-28
D1431,213XZBZ,2026-09-16
D1431,213YRWX,2026-09-16
D1431,213YTSZ,2026-09-22
D1431,213ZKRB,2026-09-24
D1431,214BLQH,2026-09-18
D1431,214BMQG,2026-09-18
D1431,214BNZK,2026-09-18
D1431,214BPBT,2026-09-24
D1431,214CFSH,2026-09-18
D1431,214CHQP,2026-09-28
D1431,214CLGM,2026-09-24
D1431,214CNSC,2026-09-18
D1431,214CPQJ,2026-09-23
D1431,214CPQM,2026-09-18
D1431,214CTWV,2026-09-21
D1431,214CXRX,2026-09-21
D1431,214DBQN,2026-09-21
D1431,214DCWV,2026-09-21
D1431,214DDDC,2026-09-22
D1431,214DPQR,2026-09-21
D1431,214DRJJ,2026-09-22
D1431,214DSCT,2026-09-22
D1431,214DVKM,2026-09-21
D1431,214DZLB,2026-09-22
D1431,214FCSB,2026-09-22
D1431,214FJCP,2026-09-22
D1431,214FNRF,2026-09-22
D1431,214FQVP,2026-09-28
D1431,214FZJF,2026-09-22
D1431,214FZML,2026-09-23
D1431,214GHLG,2026-09-23
D1431,214GLRR,2026-09-23
D1431,214GMFV,2026-09-28
D1431,214GWLD,2026-09-24
D1431,214GWWJ,2026-09-23
D1431,214HDVD,2026-09-25
D1431,214HGTV,2026-09-24
D1431,214HNZW,2026-09-23
D1431,214HPQM,2026-09-24
D1431,214HVVG,2026-09-25
D1431,214JJPR,2026-09-24
D1431,214JNQW,2026-09-25
D1431,214JTJR,2026-09-25
D1431,214JZWF,2026-09-25
D1431,214KBTS,2026-09-25
D1431,214KCNR,2026-09-24
D1431,214KGZK,2026-09-25
D1431,214KHJG,2026-09-25
D1431,214KKXQ,2026-09-25
D1431,214KRFW,2026-09-25
D1431,214KTMW,2026-09-25
D1431,214LCPV,2026-09-28
D1431,214LGDR,2026-09-28
D1431,214LLYH,2026-09-28
D1431,214LNFX,2026-09-28
D1431,214LQFP,2026-09-28
D1431,214LQJZ,2026-09-28
D1431,214LQPZ,2026-09-28
D1431,214MCPT,2026-09-28
D1431,214MFZJ,2026-09-28
D1431,214MLKN,2026-09-28
D1431,214MLVN,2026-09-28
D1431,214MNYW,2026-09-28
D1431,214MVKP,2026-09-29
D1431,214MVKV,2026-09-29
D1431,4296424,2026-08-31
D1431,4316879,2026-07-25
D1431,4519932,2026-09-01
D1431,4631352,2026-07-07
D1431,4729681,2026-09-04
D1431,4733904,2026-08-07
D1431,5054843,2026-08-05
D1431,5071768,2026-07-17
D1431,5217181,2026-08-25
D1431,5227546,2026-08-31
D1431,5493186,2026-08-25
D1431,5661666,2026-08-01
D1431,5671419,2026-08-01
D1431,5687233,2026-08-25
D1431,5718049,2026-08-31
D1431,5826442,2026-09-27
D1431,5835440,2026-08-13
D1431,5860242,2026-09-07
D1431,6086191,2026-08-18
D1431,6108575,2026-08-28
D1431,6180272,2026-08-24
D1431,6315891,2026-09-02
D1431,6315985,2026-08-26
D1431,6316001,2026-08-26
D1431,6316048,2026-08-26
D1431,6316175,2026-08-26
D1431,6316177,2026-08-26
D1431,6433871,2026-09-29
D1431,6445010,2026-08-31
D1431,6497239,2026-09-01
D1431,6502190,2026-09-29
D1431,6502321,2026-09-29
D1431,6511054,2026-09-02
D1431,6533043,2026-09-02
D1431,6629834,2026-09-04
D1431,6637041,2026-09-04
D1431,6640055,2026-09-28
D1431,6642042,2026-09-05
D1431,6669859,2026-09-05
D1431,6683124,2026-09-06
D1431,6705833,2026-09-08
D1431,6706149,2026-09-08
D1431,6735774,2026-09-08
D1431,6770162,2026-09-15
D1431,6775387,2026-09-09
D1431,6775415,2026-09-09
D1431,6797261,2026-09-10
D1431,6805646,2026-09-10
D1431,6805659,2026-09-10
D1431,6805669,2026-09-10
D1431,6805761,2026-09-10
D1431,6805955,2026-09-10
D1431,6805978,2026-09-10
D1431,6806006,2026-09-10
D1431,6806405,2026-09-10
D1431,6809218,2026-09-11
D1431,6825245,2026-09-12
D1431,6827335,2026-09-11
D1431,6827530,2026-09-11
D1431,6848100,2026-09-24
D1431,6882900,2026-09-27
D1431,6892634,2026-09-15
D1431,6898446,2026-09-22
D1431,6900242,2026-09-15
D1431,6934015,2026-09-16
D1431,6937193,2026-09-16
D1431,6948165,2026-09-17
D1431,6964060,2026-09-17
D1431,6968669,2026-09-17
D1431,6988993,2026-09-18
D1431,6988999,2026-09-18
D1431,6995181,2026-09-18
D1431,7012158,2026-09-19
D1431,7013801,2026-09-19
D1431,7015070,2026-09-19
D1431,7032692,2026-09-19
D1431,7059047,2026-09-29
D1431,7061051,2026-09-21
D1431,7071528,2026-09-22
D1431,7071862,2026-09-22
D1431,7095400,2026-09-26
D1431,7096551,2026-09-22
D1431,7096867,2026-09-22
D1431,7110912,2026-09-23
D1431,7111935,2026-09-23
D1431,7134321,2026-09-23
D1431,7135119,2026-09-23
D1431,7136713,2026-09-23
D1431,7136953,2026-09-23
D1431,7137106,2026-09-23
D1431,7138060,2026-09-23
D1431,7149640,2026-09-23
D1431,7163115,2026-09-24
D1431,7167912,2026-09-24
D1431,7167925,2026-09-24
D1431,7169179,2026-09-24
D1431,7347436,2026-09-25
D1431,7348296,2026-09-25
D1431,7349652,2026-09-25
D1431,7354427,2026-09-29
D1431,7362936,2026-09-25
D1431,7386760,2026-09-25
D1431,7386761,2026-09-25
D1431,7387442,2026-09-25
D1431,7394987,2026-09-25
D1431,7398992,2026-09-25
D1431,7401054,2026-09-26
D1431,7402174,2026-09-26
D1431,7402285,2026-09-26
D1431,7402703,2026-09-26
D1431,7402764,2026-09-26
D1431,7403918,2026-09-26
D1431,7403956,2026-09-26
D1431,7407001,2026-09-29
D1431,7408003,2026-09-26
D1431,7408144,2026-09-26
D1431,7424434,2026-09-26
D1431,7424435,2026-09-26
D1431,7431896,2026-09-27
D1431,7432892,2026-09-27
D1431,7433050,2026-09-27
D1431,7435611,2026-09-27
D1431,7437269,2026-09-27
D1431,7437389,2026-09-27
D1431,7449515,2026-09-27
D1431,7452857,2026-09-28
D1431,7452993,2026-09-28
D1431,7456633,2026-09-28
D1431,7456637,2026-09-28
D1431,7456642,2026-09-28
D1431,7456648,2026-09-28
D1431,7456744,2026-09-28
D1431,7464048,2026-09-28
D1431,7474728,2026-09-29
D1431,7474758,2026-09-29
D1431,7475613,2026-09-29
D1431,7476087,2026-09-29
D1431,7478729,2026-09-29
D1433,2058736,2026-09-09
D1433,205FCXD,2026-09-21
D1433,207MHNK,2026-09-02
D1433,207MHZD,2026-09-02
D1433,210WDWL,2026-09-22
D1433,211XFYR,2026-09-21
D1433,212JJRX,2026-09-28
D1433,212KTDS,2026-09-28
D1433,213BSFH,2026-09-28
D1433,213GZYV,2026-09-28
D1433,213JGDK,2026-09-03
D1433,213MYBB,2026-09-23
D1433,213QFFX,2026-09-23
D1433,213RRPZ,2026-09-21
D1433,213RTVB,2026-09-24
D1433,213TDKC,2026-09-11
D1433,213VHJM,2026-09-24
D1433,213WDSV,2026-09-15
D1433,213WQVP,2026-09-15
D1433,213WWCW,2026-09-15
D1433,213XFLH,2026-09-15
D1433,213ZBRG,2026-09-18
D1433,213ZCYP,2026-09-17
D1433,213ZSXN,2026-09-17
D1433,213ZXWV,2026-09-17
D1433,214BPXR,2026-09-18
D1433,214DXBT,2026-09-24
D1433,214FTYW,2026-09-22
D1433,214GQMS,2026-09-23
D1433,214LQKK,2026-09-28
D1433,214MRSF,2026-09-29
D1433,214MVDZ,2026-09-29
D1433,3198617,2026-08-12
D1433,3281018,2026-09-09
D1433,3594299,2026-09-09
D1433,4120180,2026-09-09
D1433,4783247,2026-09-08
D1433,4931921,2026-07-13
D1433,5114624,2026-07-18
D1433,5117973,2026-09-28
D1433,5351284,2026-09-08
D1433,5524358,2026-09-23
D1433,5563136,2026-07-29
D1433,5885825,2026-09-23
D1433,5945431,2026-09-23
D1433,5945439,2026-09-23
D1433,5945486,2026-09-23
D1433,5945518,2026-09-23
D1433,5945552,2026-09-23
D1433,6061778,2026-09-23
D1433,6154814,2026-09-09
D1433,6155710,2026-09-11
D1433,6308861,2026-08-26
D1433,6323689,2026-09-23
D1433,6354669,2026-08-27
D1433,6400376,2026-09-09
D1433,6400392,2026-09-09
D1433,6417774,2026-08-29
D1433,6433886,2026-09-29
D1433,6494497,2026-09-15
D1433,6494514,2026-09-15
D1433,6500196,2026-09-01
D1433,6517737,2026-09-02
D1433,6539254,2026-09-03
D1433,6596890,2026-09-23
D1433,6625844,2026-09-04
D1433,6642893,2026-09-05
D1433,6667255,2026-09-05
D1433,6705997,2026-09-08
D1433,6706324,2026-09-08
D1433,6706368,2026-09-08
D1433,6706432,2026-09-23
D1433,6707333,2026-09-08
D1433,6734673,2026-09-08
D1433,6748327,2026-09-09
D1433,6776592,2026-09-10
D1433,6851492,2026-09-13
D1433,6965217,2026-09-17
D1433,6996025,2026-09-18
D1433,7061005,2026-09-21
D1433,7100259,2026-09-22
D1433,7112253,2026-09-26
D1433,7112378,2026-09-26
D1433,7112531,2026-09-23
D1433,7112567,2026-09-23
D1433,7112900,2026-09-23
D1433,7113184,2026-09-23
D1433,7113284,2026-09-23
D1433,7114755,2026-09-23
D1433,7115912,2026-09-23
D1433,7169709,2026-09-24
D1433,7352381,2026-09-25
D1433,7352855,2026-09-25
D1433,7386846,2026-09-25
D1433,7394056,2026-09-25
D1433,7405876,2026-09-26
D1433,7423535,2026-09-26
D1433,7423570,2026-09-26
D1433,7430294,2026-09-26
D1433,7449310,2026-09-27
D1433,7471802,2026-09-28
D1444,1750749,2026-07-21
D1444,210ZCHH,2026-09-02
D1444,213BSXC,2026-09-21
D1444,213FXQC,2026-09-17
D1444,213FXZC,2026-09-17
D1444,213GMXV,2026-09-02
D1444,213GTBY,2026-09-14
D1444,213GTZT,2026-09-18
D1444,213HWDX,2026-09-19
D1444,213JPJD,2026-09-19
D1444,213JRGM,2026-09-04
D1444,213KBDD,2026-09-24
D1444,213NCJX,2026-09-21
D1444,213NGWC,2026-09-08
D1444,213RRCL,2026-09-26
D1444,213SCFZ,2026-09-22
D1444,213SNXZ,2026-09-25
D1444,213SSQH,2026-09-11
D1444,213TRGS,2026-09-27
D1444,213VFJX,2026-09-28
D1444,213VQQT,2026-09-15
D1444,213YBZW,2026-09-16
D1444,214CTNJ,2026-09-21
D1444,214GSVN,2026-09-23
D1444,214GYRM,2026-09-23
D1444,214LBPB,2026-09-25
D1444,214LDTC,2026-09-28
D1444,214LNHG,2026-09-28
D1444,214LXLM,2026-09-28
D1444,214MQWQ,2026-09-28
D1444,2291340,2026-07-22
D1444,2872198,2026-09-19
D1444,4256796,2026-09-11
D1444,4275789,2026-07-03
D1444,4325699,2026-07-22
D1444,4388898,2026-08-05
D1444,4482238,2026-09-11
D1444,4515978,2026-07-22
D1444,4577020,2026-07-22
D1444,4587917,2026-07-06
D1444,4710701,2026-08-10
D1444,4771094,2026-07-14
D1444,5437612,2026-09-21
D1444,5489866,2026-07-27
D1444,5671783,2026-09-06
D1444,5700928,2026-09-04
D1444,5832051,2026-09-29
D1444,6222107,2026-08-23
D1444,6363943,2026-08-28
D1444,6397537,2026-09-27
D1444,6398042,2026-09-27
D1444,6428834,2026-09-28
D1444,6467727,2026-08-31
D1444,6536281,2026-09-26
D1444,6537710,2026-09-27
D1444,6542066,2026-09-08
D1444,6568902,2026-09-03
D1444,6588684,2026-09-03
D1444,6592070,2026-09-27
D1444,6595104,2026-09-28
D1444,6639152,2026-09-28
D1444,6640193,2026-09-28
D1444,6698400,2026-09-07
D1444,6698401,2026-09-07
D1444,6698402,2026-09-07
D1444,6698403,2026-09-07
D1444,6766551,2026-09-09
D1444,6776939,2026-09-10
D1444,6778128,2026-09-10
D1444,6779639,2026-09-10
D1444,6779935,2026-09-10
D1444,6780209,2026-09-22
D1444,6799440,2026-09-11
D1444,6801441,2026-09-10
D1444,6811399,2026-09-11
D1444,6827170,2026-09-11
D1444,6828468,2026-09-11
D1444,6883136,2026-09-15
D1444,6883599,2026-09-24
D1444,6883705,2026-09-15
D1444,6885112,2026-09-15
D1444,6888810,2026-09-15
D1444,6896137,2026-09-15
D1444,6896847,2026-09-15
D1444,6945734,2026-09-17
D1444,6946922,2026-09-17
D1444,6948430,2026-09-17
D1444,6962539,2026-09-29
D1444,7010665,2026-09-19
D1444,7015261,2026-09-19
D1444,7015922,2026-09-19
D1444,7015960,2026-09-19
D1444,7039809,2026-09-20
D1444,7053950,2026-09-21
D1444,7071390,2026-09-22
D1444,7093126,2026-09-22
D1444,7095151,2026-09-22
D1444,7095158,2026-09-22
D1444,7096208,2026-09-22
D1444,7105751,2026-09-23
D1444,7110092,2026-09-23
D1444,7135124,2026-09-23
D1444,7152348,2026-09-24
D1444,7154493,2026-09-24
D1444,7161844,2026-09-24
D1444,7163898,2026-09-24
D1444,7163943,2026-09-24
D1444,7164087,2026-09-24
D1444,7164153,2026-09-24
D1444,7164282,2026-09-24
D1444,7164605,2026-09-24
D1444,7346724,2026-09-25
D1444,7347794,2026-09-25
D1444,7348052,2026-09-28
D1444,7349726,2026-09-25
D1444,7384751,2026-09-25
D1444,7385756,2026-09-25
D1444,7385766,2026-09-25
D1444,7387717,2026-09-25
D1444,7398544,2026-09-28
D1444,7423562,2026-09-26
D1444,7423685,2026-09-26
D1444,7423784,2026-09-26
D1444,7432853,2026-09-28
D1444,7435630,2026-09-27
D1444,7449349,2026-09-27
D1444,7449403,2026-09-27
D1444,7474222,2026-09-29
D1444,7476851,2026-09-29
D1444,7490001,2026-09-29
M1101,1053121,2026-09-15
M1101,1092993,2026-09-21
M1101,1093191,2026-09-05
M1101,1209334,2026-08-27
M1101,1481531,2026-09-23
M1101,1927821,2026-09-02
M1101,208TTDR,2026-09-07
M1101,209PCYK,2026-09-14
M1101,209PWYZ,2026-09-28
M1101,209RQVG,2026-09-28
M1101,209TDMM,2026-09-21
M1101,209ZNXF,2026-09-22
M1101,210KFQZ,2026-09-15
M1101,210KWMH,2026-09-07
M1101,210MGWB,2026-09-11
M1101,210PKTL,2026-09-18
M1101,210QZZV,2026-09-21
M1101,210XQWL,2026-09-23
M1101,2113882,2026-09-01
M1101,211VVKY,2026-09-28
M1101,212BNZF,2026-09-28
M1101,212FJLN,2026-09-22
M1101,212FKDH,2026-09-28
M1101,212HXTW,2026-09-10
M1101,212SVRM,2026-09-17
M1101,212TLWT,2026-09-21
M1101,212TNQJ,2026-09-29
M1101,212VLWL,2026-09-29
M1101,212XBGC,2026-09-28
M1101,212XBHQ,2026-09-24
M1101,212XHDQ,2026-09-15
M1101,212YHLR,2026-09-28
M1101,212ZLVJ,2026-09-21
M1101,212ZMGD,2026-09-24
M1101,213BGVB,2026-09-07
M1101,213BRKP,2026-09-11
M1101,213CLQH,2026-09-21
M1101,213CTBX,2026-09-28
M1101,213CZMX,2026-08-31
M1101,213DKBD,2026-09-25
M1101,213DLHR,2026-09-01
M1101,213FJNC,2026-09-17
M1101,213FRRR,2026-09-01
M1101,213FSYK,2026-09-21
M1101,213FTNX,2026-09-01
M1101,213GQVQ,2026-09-10
M1101,213GSWH,2026-09-18
M1101,213GVJZ,2026-09-28
M1101,213HKXN,2026-09-16
M1101,213HLBJ,2026-09-22
M1101,213HMXP,2026-09-23
M1101,213JFMH,2026-09-24
M1101,213JGKB,2026-09-03
M1101,213JTSL,2026-09-04
M1101,213KQZV,2026-09-20
M1101,213LKYX,2026-09-20
M1101,213LNDM,2026-09-17
M1101,213LSRM,2026-09-23
M1101,213LTBG,2026-09-07
M1101,213LVZK,2026-09-28
M1101,213MJGW,2026-09-23
M1101,213MPPN,2026-09-17
M1101,213MQPT,2026-09-23
M1101,213MSKY,2026-09-23
M1101,213MZYF,2026-09-08
M1101,213NCVL,2026-09-07
M1101,213NDWS,2026-09-25
M1101,213NGTV,2026-09-09
M1101,213NHKX,2026-09-24
M1101,213NKVN,2026-09-29
M1101,213NNXH,2026-09-28
M1101,213NRHL,2026-09-24
M1101,213NSSF,2026-09-24
M1101,213NTJJ,2026-09-08
M1101,213NYPG,2026-09-24
M1101,213PBNX,2026-09-24
M1101,213PPBP,2026-09-24
M1101,213PQSF,2026-09-24
M1101,213PQSQ,2026-09-11
M1101,213PVYR,2026-09-09
M1101,213PXNZ,2026-09-09
M1101,213QFDY,2026-09-09
M1101,213QGVY,2026-09-28
M1101,213QHPN,2026-09-11
M1101,213QHQX,2026-09-11
M1101,213QHTC,2026-09-22
M1101,213QJGK,2026-09-25
M1101,213QJGV,2026-09-17
M1101,213QNKV,2026-09-10
M1101,213QNNC,2026-09-09
M1101,213QSRC,2026-09-09
M1101,213QTVH,2026-09-25
M1101,213RDYB,2026-09-15
M1101,213RHRW,2026-09-26
M1101,213RJNY,2026-09-23
M1101,213RNTD,2026-09-26
M1101,213RRSN,2026-09-26
M1101,213RTWV,2026-09-26
M1101,213RVVV,2026-09-26
M1101,213RXYJ,2026-09-26
M1101,213RZGD,2026-09-23
M1101,213SCDN,2026-09-23
M1101,213SJFH,2026-09-26
M1101,213SMLM,2026-09-27
M1101,213SYKX,2026-09-24
M1101,213TFQD,2026-09-14
M1101,213TGZL,2026-09-25
M1101,213TLLD,2026-09-11
M1101,213TNGL,2026-09-27
M1101,213TNKW,2026-09-24
M1101,213TPHP,2026-09-27
M1101,213TQYY,2026-09-11
M1101,213TRXJ,2026-09-29
M1101,213VDQR,2026-09-14
M1101,213VFXB,2026-09-28
M1101,213VHYD,2026-09-14
M1101,213VKWH,2026-09-28
M1101,213VKXY,2026-09-14
M1101,213VLXM,2026-09-14
M1101,213VNJD,2026-09-14
M1101,213VQRJ,2026-09-15
M1101,213VSMC,2026-09-15
M1101,213VXZL,2026-09-15
M1101,213VYWL,2026-09-28
M1101,213WBLM,2026-09-15
M1101,213WFVP,2026-09-18
M1101,213WGLV,2026-09-15
M1101,213WMTD,2026-09-27
M1101,213XFHW,2026-09-15
M1101,213XGYY,2026-09-15
M1101,213XHFF,2026-09-15
M1101,213XJGL,2026-09-15
M1101,213XJLF,2026-09-16
M1101,213XKNS,2026-09-23
M1101,213XKXV,2026-09-15
M1101,213XMHQ,2026-09-21
M1101,213XPPX,2026-09-16
M1101,213XXJD,2026-09-18
M1101,213XZVX,2026-09-24
M1101,213YBRM,2026-09-16
M1101,213YBWG,2026-09-17
M1101,213YFWS,2026-09-25
M1101,213YLQB,2026-09-16
M1101,213YLZG,2026-09-18
M1101,213YMCS,2026-09-21
M1101,213YNCY,2026-09-16
M1101,213YNHQ,2026-09-18
M1101,213YNTS,2026-09-16
M1101,213YQCR,2026-09-16
M1101,213YRHK,2026-09-16
M1101,213YRSX,2026-09-21
M1101,213YYFB,2026-09-18
M1101,213ZCKG,2026-09-18
M1101,213ZGPY,2026-09-17
M1101,213ZHVH,2026-09-17
M1101,213ZJLQ,2026-09-17
M1101,213ZMTX,2026-09-17
M1101,213ZRHX,2026-09-17
M1101,213ZTGX,2026-09-18
M1101,213ZTYR,2026-09-29
M1101,213ZYPY,2026-09-25
M1101,2145653,2026-09-15
M1101,214BBKR,2026-09-17
M1101,214BCBV,2026-09-18
M1101,214BCKH,2026-09-17
M1101,214BCQP,2026-09-18
M1101,214BDQG,2026-09-18
M1101,214BFDS,2026-09-28
M1101,214BFXT,2026-09-24
M1101,214BHMH,2026-09-17
M1101,214BJRG,2026-09-29
M1101,214BJTJ,2026-09-23
M1101,214BJVT,2026-09-28
M1101,214BPZC,2026-09-18
M1101,214BTYY,2026-09-18
M1101,214BTZX,2026-09-18
M1101,214BXRS,2026-09-18
M1101,214BYFH,2026-09-24
M1101,214CCGN,2026-09-23
M1101,214CCQN,2026-09-18
M1101,214CGWF,2026-09-21
M1101,214CNTL,2026-09-21
M1101,214CPFR,2026-09-18
M1101,214CQYD,2026-09-28
M1101,214CWWM,2026-09-21
M1101,214CXRB,2026-09-21
M1101,214CYGL,2026-09-21
M1101,214CYMJ,2026-09-22
M1101,214DGPK,2026-09-22
M1101,214DMHZ,2026-09-25
M1101,214DNQG,2026-09-21
M1101,214DNXM,2026-09-21
M1101,214DRZY,2026-09-22
M1101,214DTCM,2026-09-21
M1101,214DZHC,2026-09-22
M1101,214FBXD,2026-09-21
M1101,214FCSN,2026-09-22
M1101,214FCVT,2026-09-23
M1101,214FCYN,2026-09-22
M1101,214FDDQ,2026-09-21
M1101,214FJFG,2026-09-22
M1101,214FJZZ,2026-09-23
M1101,214FMLJ,2026-09-22
M1101,214FNDT,2026-09-23
M1101,214FPZJ,2026-09-25
M1101,214FSFM,2026-09-23
M1101,214FSFX,2026-09-22
M1101,214GCRB,2026-09-22
M1101,214GHHX,2026-09-22
M1101,214GHRP,2026-09-23
M1101,214GHXT,2026-09-23
M1101,214GLYJ,2026-09-23
M1101,214GLZS,2026-09-28
M1101,214GMJG,2026-09-23
M1101,214GNFR,2026-09-28
M1101,214GNNX,2026-09-23
M1101,214GQLY,2026-09-23
M1101,214GSNJ,2026-09-28
M1101,214GSRJ,2026-09-23
M1101,214GXKY,2026-09-23
M1101,214HFMF,2026-09-24
M1101,214HGQR,2026-09-23
M1101,214HHMM,2026-09-23
M1101,214HHPM,2026-09-25
M1101,214HHYN,2026-09-24
M1101,214HNLC,2026-09-24
M1101,214HPSX,2026-09-23
M1101,214HPWP,2026-09-23
M1101,214HQLX,2026-09-23
M1101,214HQQG,2026-09-28
M1101,214HRYW,2026-09-25
M1101,214HSFC,2026-09-24
M1101,214HSPQ,2026-09-23
M1101,214HTFP,2026-09-24
M1101,214HVQL,2026-09-24
M1101,214HXKL,2026-09-24
M1101,214JCWT,2026-09-24
M1101,214JDGX,2026-09-25
M1101,214JFZF,2026-09-25
M1101,214JGHW,2026-09-25
M1101,214JGRH,2026-09-25
M1101,214JHFH,2026-09-24
M1101,214JMRY,2026-09-24
M1101,214JQDQ,2026-09-24
M1101,214JQFM,2026-09-24
M1101,214JQJL,2026-09-28
M1101,214JQPY,2026-09-24
M1101,214JRWJ,2026-09-25
M1101,214JTFC,2026-09-25
M1101,214JTTW,2026-09-24
M1101,214JZVY,2026-09-25
M1101,214KCHZ,2026-09-24
M1101,214KDTN,2026-09-25
M1101,214KGYN,2026-09-29
M1101,214KLLG,2026-09-28
M1101,214KPPP,2026-09-25
M1101,214KVXP,2026-09-25
M1101,214KXLJ,2026-09-25
M1101,214LDHN,2026-09-25
M1101,214LFWR,2026-09-25
M1101,214LPNC,2026-09-28
M1101,214LQHW,2026-09-29
M1101,214LQLS,2026-09-28
M1101,214LQXV,2026-09-28
M1101,214LTYZ,2026-09-28
M1101,214MBJD,2026-09-28
M1101,214MCKN,2026-09-28
M1101,214MDLZ,2026-09-28
M1101,214MDMH,2026-09-28
M1101,214MDPK,2026-09-28
M1101,214MHBT,2026-09-28
M1101,214MJBF,2026-09-29
M1101,214MJNL,2026-09-28
M1101,214MLWN,2026-09-28
M1101,214MPDW,2026-09-28
M1101,214MQKW,2026-09-29
M1101,214MSFV,2026-09-28
M1101,214MSNS,2026-09-28
M1101,214MSWR,2026-09-28
M1101,214MTHC,2026-09-28
M1101,214MTYN,2026-09-28
M1101,214MVVJ,2026-09-28
M1101,214MXYV,2026-09-29
M1101,214NCJG,2026-09-29
M1101,214NCPH,2026-09-29
M1101,214NCRL,2026-09-29
M1101,214NDSD,2026-09-29
M1101,214NDYY,2026-09-29
M1101,214NFMY,2026-09-29
M1101,214NGDN,2026-09-29
M1101,214NGFW,2026-09-29
M1101,2170166,2026-09-29
M1101,2170568,2026-09-29
M1101,2191297,2026-09-24
M1101,2304363,2026-08-11
M1101,2534592,2026-09-01
M1101,2638773,2026-09-29
M1101,2906747,2026-07-01
M1101,3080677,2026-07-22
M1101,3316935,2026-08-26
M1101,3352251,2026-07-21
M1101,3548377,2026-08-31
M1101,3573019,2026-07-07
M1101,3639920,2026-09-21
M1101,3684833,2026-08-05
M1101,3719932,2026-09-15
M1101,3721984,2026-09-05
M1101,3830294,2026-09-08
M1101,3834837,2026-09-09
M1101,3851484,2026-09-02
M1101,3858983,2026-07-22
M1101,3874901,2026-07-21
M1101,3875664,2026-07-21
M1101,3878793,2026-07-21
M1101,3879171,2026-07-21
M1101,3883497,2026-07-14
M1101,3949791,2026-09-22
M1101,3953557,2026-09-25
M1101,4004674,2026-09-15
M1101,4043671,2026-09-24
M1101,4130176,2026-09-27
M1101,4134218,2026-09-15
M1101,4134784,2026-09-15
M1101,4306258,2026-09-21
M1101,4314591,2026-08-01
M1101,4350058,2026-07-22
M1101,4396435,2026-08-27
M1101,4485925,2026-08-11
M1101,4566165,2026-08-25
M1101,4590632,2026-07-06
M1101,4592008,2026-07-06
M1101,4606082,2026-08-25
M1101,4646866,2026-07-07
M1101,4646868,2026-07-07
M1101,4646870,2026-07-07
M1101,4646891,2026-07-07
M1101,4646901,2026-07-07
M1101,4646957,2026-07-07
M1101,4678466,2026-07-08
M1101,4690944,2026-07-22
M1101,4709218,2026-09-15
M1101,4781072,2026-09-29
M1101,4784522,2026-07-15
M1101,4825124,2026-07-31
M1101,4907895,2026-09-21
M1101,4927788,2026-07-13
M1101,4999760,2026-07-20
M1101,5031626,2026-09-21
M1101,5040465,2026-07-21
M1101,5054326,2026-08-26
M1101,5054823,2026-08-06
M1101,5071914,2026-07-17
M1101,5081269,2026-07-22
M1101,5082576,2026-07-22
M1101,5118923,2026-09-21
M1101,5119746,2026-09-29
M1101,5133579,2026-07-19
M1101,5197127,2026-09-23
M1101,5207249,2026-07-21
M1101,5227606,2026-08-31
M1101,5337121,2026-09-25
M1101,5342238,2026-08-20
M1101,5355116,2026-09-06
M1101,5355794,2026-07-31
M1101,5379805,2026-09-25
M1101,5379884,2026-09-25
M1101,5390160,2026-08-06
M1101,5427279,2026-07-24
M1101,5477676,2026-08-28
M1101,5477770,2026-07-26
M1101,5477911,2026-07-26
M1101,5477966,2026-08-28
M1101,5493097,2026-09-07
M1101,5495990,2026-07-28
M1101,5496014,2026-07-28
M1101,5496015,2026-07-28
M1101,5496016,2026-07-28
M1101,5496022,2026-07-28
M1101,5496026,2026-07-28
M1101,5496029,2026-07-28
M1101,5496047,2026-07-28
M1101,5496051,2026-07-28
M1101,5496053,2026-07-28
M1101,5496056,2026-07-28
M1101,5519006,2026-07-29
M1101,5555632,2026-07-29
M1101,5565617,2026-07-30
M1101,5603715,2026-08-31
M1101,5614556,2026-09-01
M1101,5630623,2026-08-01
M1101,5660984,2026-08-01
M1101,5687123,2026-08-03
M1101,5687124,2026-08-03
M1101,5688792,2026-09-04
M1101,5697387,2026-08-05
M1101,5698836,2026-08-05
M1101,5698848,2026-08-05
M1101,5702568,2026-09-26
M1101,5702620,2026-09-05
M1101,5739263,2026-08-06
M1101,5791773,2026-09-05
M1101,5829364,2026-08-08
M1101,5857304,2026-08-09
M1101,5857325,2026-08-09
M1101,5857330,2026-08-09
M1101,5857339,2026-08-09
M1101,5857347,2026-08-09
M1101,5857387,2026-08-09
M1101,5857405,2026-08-09
M1101,5857407,2026-08-09
M1101,5857410,2026-08-09
M1101,5857426,2026-08-09
M1101,5857449,2026-08-09
M1101,5857461,2026-08-09
M1101,5857481,2026-08-09
M1101,5857492,2026-08-09
M1101,5857493,2026-08-09
M1101,5857496,2026-08-09
M1101,5857524,2026-08-09
M1101,5857525,2026-08-09
M1101,5857534,2026-08-09
M1101,5857540,2026-08-09
M1101,5857569,2026-08-09
M1101,5857592,2026-08-09
M1101,5857595,2026-08-09
M1101,5857599,2026-08-09
M1101,5861815,2026-09-08
M1101,5887011,2026-08-18
M1101,5899720,2026-09-15
M1101,5911239,2026-08-12
M1101,5913386,2026-09-10
M1101,5929962,2026-09-21
M1101,5942167,2026-09-18
M1101,5963142,2026-08-13
M1101,5966859,2026-08-14
M1101,5999577,2026-08-14
M1101,6002585,2026-08-15
M1101,6018217,2026-09-21
M1101,6021046,2026-08-15
M1101,6032521,2026-09-21
M1101,6049404,2026-09-01
M1101,6053123,2026-08-18
M1101,6083936,2026-08-18
M1101,6087529,2026-08-19
M1101,6104749,2026-09-08
M1101,6121109,2026-09-18
M1101,6138574,2026-09-21
M1101,6142744,2026-09-11
M1101,6150942,2026-08-21
M1101,6154476,2026-09-23
M1101,6166578,2026-09-22
M1101,6166608,2026-09-21
M1101,6166610,2026-09-21
M1101,6171281,2026-08-21
M1101,6182184,2026-08-22
M1101,6202208,2026-09-23
M1101,6208173,2026-08-22
M1101,6235450,2026-08-24
M1101,6239470,2026-08-25
M1101,6239558,2026-08-25
M1101,6241198,2026-09-23
M1101,6261140,2026-09-26
M1101,6266574,2026-08-25
M1101,6269550,2026-08-25
M1101,6278397,2026-08-26
M1101,6278409,2026-08-26
M1101,6288432,2026-09-10
M1101,6301547,2026-09-09
M1101,6319132,2026-08-27
M1101,6355187,2026-08-28
M1101,6378353,2026-09-29
M1101,6378372,2026-09-29
M1101,6380201,2026-09-29
M1101,6395155,2026-08-29
M1101,6419963,2026-08-29
M1101,6429081,2026-09-28
M1101,6445445,2026-08-31
M1101,6478682,2026-09-01
M1101,6492625,2026-09-01
M1101,6492694,2026-09-01
M1101,6499569,2026-09-16
M1101,6500983,2026-09-02
M1101,6502241,2026-09-29
M1101,6502291,2026-09-29
M1101,6514672,2026-09-02
M1101,6516732,2026-09-23
M1101,6516737,2026-09-23
M1101,6519950,2026-09-02
M1101,6521918,2026-09-12
M1101,6525499,2026-09-02
M1101,6528984,2026-09-02
M1101,6534777,2026-09-03
M1101,6534791,2026-09-03
M1101,6534796,2026-09-03
M1101,6538882,2026-09-03
M1101,6571001,2026-09-24
M1101,6571014,2026-09-24
M1101,6574946,2026-09-03
M1101,6576953,2026-09-03
M1101,6581076,2026-09-03
M1101,6581679,2026-09-03
M1101,6581836,2026-09-25
M1101,6588444,2026-09-08
M1101,6590085,2026-09-03
M1101,6590731,2026-09-04
M1101,6590789,2026-09-04
M1101,6591617,2026-09-25
M1101,6624340,2026-09-04
M1101,6625068,2026-09-04
M1101,6627532,2026-09-04
M1101,6635193,2026-09-08
M1101,6635389,2026-09-24
M1101,6635510,2026-09-04
M1101,6637040,2026-09-04
M1101,6637348,2026-09-05
M1101,6645566,2026-09-05
M1101,6662363,2026-09-05
M1101,6662464,2026-09-05
M1101,6662542,2026-09-05
M1101,6671254,2026-09-05
M1101,6673503,2026-09-06
M1101,6677025,2026-09-11
M1101,6682917,2026-09-06
M1101,6699027,2026-09-08
M1101,6707449,2026-09-08
M1101,6723231,2026-09-21
M1101,6723251,2026-09-08
M1101,6723336,2026-09-21
M1101,6728280,2026-09-08
M1101,6728434,2026-09-08
M1101,6731891,2026-09-08
M1101,6734135,2026-09-08
M1101,6735524,2026-09-08
M1101,6735559,2026-09-26
M1101,6738262,2026-09-08
M1101,6738529,2026-09-09
M1101,6738697,2026-09-09
M1101,6740128,2026-09-09
M1101,6748022,2026-09-09
M1101,6753127,2026-09-09
M1101,6763115,2026-09-09
M1101,6763150,2026-09-09
M1101,6763200,2026-09-09
M1101,6763216,2026-09-09
M1101,6769134,2026-09-09
M1101,6772088,2026-09-09
M1101,6772655,2026-09-18
M1101,6777544,2026-09-25
M1101,6782191,2026-09-10
M1101,6782221,2026-09-10
M1101,6783197,2026-09-10
M1101,6798464,2026-09-10
M1101,6798795,2026-09-10
M1101,6799744,2026-09-11
M1101,6799886,2026-09-10
M1101,6800771,2026-09-10
M1101,6806976,2026-09-11
M1101,6807036,2026-09-11
M1101,6824532,2026-09-12
M1101,6825752,2026-09-12
M1101,6828154,2026-09-11
M1101,6847638,2026-09-12
M1101,6849821,2026-09-12
M1101,6851365,2026-09-28
M1101,6857058,2026-09-15
M1101,6858897,2026-09-13
M1101,6865426,2026-09-14
M1101,6882480,2026-09-20
M1101,6894506,2026-09-15
M1101,6895603,2026-09-15
M1101,6896441,2026-09-15
M1101,6907204,2026-09-15
M1101,6907223,2026-09-15
M1101,6907237,2026-09-15
M1101,6907310,2026-09-15
M1101,6907941,2026-09-28
M1101,6908390,2026-09-16
M1101,6908427,2026-09-16
M1101,6908480,2026-09-16
M1101,6909669,2026-09-29
M1101,6927363,2026-09-16
M1101,6927414,2026-09-16
M1101,6932709,2026-09-16
M1101,6932943,2026-09-16
M1101,6934019,2026-09-16
M1101,6934263,2026-09-16
M1101,6936523,2026-09-16
M1101,6936666,2026-09-16
M1101,6942894,2026-09-21
M1101,6943652,2026-09-17
M1101,6943662,2026-09-17
M1101,6947575,2026-09-29
M1101,6947604,2026-09-29
M1101,6963361,2026-09-29
M1101,6967304,2026-09-17
M1101,6985658,2026-09-18
M1101,6985795,2026-09-18
M1101,6988344,2026-09-18
M1101,6991965,2026-09-18
M1101,6995035,2026-09-18
M1101,6996905,2026-09-21
M1101,6998269,2026-09-18
M1101,6998608,2026-09-18
M1101,7005112,2026-09-18
M1101,7006302,2026-09-18
M1101,7007102,2026-09-28
M1101,7010121,2026-09-18
M1101,7010123,2026-09-18
M1101,7010359,2026-09-19
M1101,7010640,2026-09-19
M1101,7011037,2026-09-19
M1101,7012809,2026-09-19
M1101,7013284,2026-09-19
M1101,7030370,2026-09-19
M1101,7031788,2026-09-19
M1101,7032569,2026-09-19
M1101,7035412,2026-09-28
M1101,7035428,2026-09-28
M1101,7035440,2026-09-28
M1101,7036692,2026-09-20
M1101,7043526,2026-09-20
M1101,7047286,2026-09-21
M1101,7054029,2026-09-21
M1101,7054116,2026-09-21
M1101,7054160,2026-09-21
M1101,7054184,2026-09-21
M1101,7054229,2026-09-21
M1101,7054286,2026-09-21
M1101,7054299,2026-09-21
M1101,7054364,2026-09-21
M1101,7054376,2026-09-21
M1101,7054378,2026-09-21
M1101,7054488,2026-09-21
M1101,7054567,2026-09-21
M1101,7054752,2026-09-21
M1101,7054757,2026-09-21
M1101,7054798,2026-09-21
M1101,7054875,2026-09-21
M1101,7054899,2026-09-21
M1101,7054920,2026-09-21
M1101,7055289,2026-09-21
M1101,7056636,2026-09-21
M1101,7057599,2026-09-21
M1101,7058305,2026-09-21
M1101,7058638,2026-09-21
M1101,7058658,2026-09-21
M1101,7059315,2026-09-29
M1101,7059718,2026-09-29
M1101,7060896,2026-09-21
M1101,7063138,2026-09-21
M1101,7063141,2026-09-21
M1101,7063147,2026-09-21
M1101,7063211,2026-09-21
M1101,7063233,2026-09-21
M1101,7063402,2026-09-21
M1101,7063407,2026-09-21
M1101,7063423,2026-09-21
M1101,7063463,2026-09-21
M1101,7063558,2026-09-21
M1101,7066564,2026-09-28
M1101,7067779,2026-09-21
M1101,7068114,2026-09-22
M1101,7068644,2026-09-22
M1101,7070974,2026-09-22
M1101,7071668,2026-09-22
M1101,7071975,2026-09-22
M1101,7074594,2026-09-22
M1101,7074599,2026-09-22
M1101,7091340,2026-09-22
M1101,7091508,2026-09-22
M1101,7093054,2026-09-22
M1101,7094962,2026-09-22
M1101,7096619,2026-09-22
M1101,7096799,2026-09-22
M1101,7097023,2026-09-22
M1101,7097478,2026-09-22
M1101,7098247,2026-09-22
M1101,7099407,2026-09-22
M1101,7100470,2026-09-22
M1101,7103015,2026-09-22
M1101,7103385,2026-09-28
M1101,7104559,2026-09-23
M1101,7107504,2026-09-23
M1101,7110038,2026-09-23
M1101,7110433,2026-09-29
M1101,7110477,2026-09-23
M1101,7112301,2026-09-23
M1101,7112485,2026-09-23
M1101,7112785,2026-09-23
M1101,7114228,2026-09-23
M1101,7114714,2026-09-23
M1101,7116419,2026-09-24
M1101,7117560,2026-09-23
M1101,7124547,2026-09-23
M1101,7133113,2026-09-23
M1101,7133637,2026-09-23
M1101,7135673,2026-09-26
M1101,7135773,2026-09-23
M1101,7136868,2026-09-23
M1101,7137803,2026-09-23
M1101,7148269,2026-09-23
M1101,7148985,2026-09-23
M1101,7149077,2026-09-23
M1101,7149454,2026-09-23
M1101,7151475,2026-09-28
M1101,7151823,2026-09-23
M1101,7152267,2026-09-24
M1101,7152385,2026-09-24
M1101,7154329,2026-09-24
M1101,7154555,2026-09-24
M1101,7154739,2026-09-24
M1101,7155207,2026-09-24
M1101,7157114,2026-09-29
M1101,7158252,2026-09-24
M1101,7158416,2026-09-24
M1101,7158424,2026-09-24
M1101,7158436,2026-09-24
M1101,7158437,2026-09-24
M1101,7160465,2026-09-24
M1101,7160628,2026-09-24
M1101,7160641,2026-09-24
M1101,7162800,2026-09-24
M1101,7163915,2026-09-24
M1101,7164177,2026-09-24
M1101,7164705,2026-09-24
M1101,7165257,2026-09-24
M1101,7166077,2026-09-24
M1101,7167556,2026-09-24
M1101,7168197,2026-09-24
M1101,7345688,2026-09-28
M1101,7345691,2026-09-28
M1101,7345871,2026-09-28
M1101,7346853,2026-09-25
M1101,7346922,2026-09-25
M1101,7346954,2026-09-25
M1101,7349053,2026-09-25
M1101,7349144,2026-09-25
M1101,7349935,2026-09-25
M1101,7352154,2026-09-25
M1101,7352633,2026-09-25
M1101,7353557,2026-09-29
M1101,7353558,2026-09-29
M1101,7353559,2026-09-29
M1101,7353848,2026-09-29
M1101,7354254,2026-09-29
M1101,7354469,2026-09-29
M1101,7355605,2026-09-29
M1101,7356448,2026-09-29
M1101,7356996,2026-09-29
M1101,7357988,2026-09-29
M1101,7362705,2026-09-25
M1101,7362707,2026-09-25
M1101,7362712,2026-09-25
M1101,7362720,2026-09-25
M1101,7362875,2026-09-25
M1101,7362877,2026-09-25
M1101,7362896,2026-09-25
M1101,7362940,2026-09-25
M1101,7378566,2026-09-25
M1101,7378649,2026-09-25
M1101,7378679,2026-09-25
M1101,7378681,2026-09-25
M1101,7378683,2026-09-25
M1101,7378708,2026-09-25
M1101,7378713,2026-09-25
M1101,7378714,2026-09-25
M1101,7378792,2026-09-25
M1101,7380150,2026-09-25
M1101,7380598,2026-09-29
M1101,7381379,2026-09-25
M1101,7384231,2026-09-25
M1101,7385338,2026-09-25
M1101,7385970,2026-09-25
M1101,7386054,2026-09-25
M1101,7386838,2026-09-25
M1101,7387964,2026-09-25
M1101,7394561,2026-09-25
M1101,7394842,2026-09-25
M1101,7394886,2026-09-25
M1101,7395304,2026-09-25
M1101,7395312,2026-09-25
M1101,7398117,2026-09-25
M1101,7398670,2026-09-28
M1101,7398989,2026-09-25
M1101,7398994,2026-09-25
M1101,7399601,2026-09-25
M1101,7400717,2026-09-25
M1101,7402736,2026-09-26
M1101,7404438,2026-09-26
M1101,7406836,2026-09-29
M1101,7406986,2026-09-29
M1101,7407985,2026-09-26
M1101,7408041,2026-09-26
M1101,7408125,2026-09-26
M1101,7408136,2026-09-26
M1101,7408139,2026-09-26
M1101,7408163,2026-09-26
M1101,7420701,2026-09-26
M1101,7421915,2026-09-26
M1101,7422097,2026-09-29
M1101,7423533,2026-09-26
M1101,7423598,2026-09-26
M1101,7425803,2026-09-26
M1101,7426753,2026-09-26
M1101,7430694,2026-09-28
M1101,7431367,2026-09-28
M1101,7433101,2026-09-27
M1101,7435699,2026-09-27
M1101,7437066,2026-09-27
M1101,7437356,2026-09-27
M1101,7437357,2026-09-27
M1101,7437362,2026-09-27
M1101,7437383,2026-09-27
M1101,7437384,2026-09-27
M1101,7449318,2026-09-27
M1101,7449322,2026-09-27
M1101,7449481,2026-09-27
M1101,7450749,2026-09-27
M1101,7453268,2026-09-28
M1101,7453278,2026-09-28
M1101,7456423,2026-09-28
M1101,7456611,2026-09-28
M1101,7456635,2026-09-28
M1101,7456643,2026-09-28
M1101,7456665,2026-09-28
M1101,7456689,2026-09-28
M1101,7456703,2026-09-28
M1101,7456705,2026-09-28
M1101,7464110,2026-09-28
M1101,7464381,2026-09-28
M1101,7464527,2026-09-29
M1101,7467612,2026-09-28
M1101,7467730,2026-09-28
M1101,7467937,2026-09-28
M1101,7468047,2026-09-28
M1101,7468056,2026-09-28
M1101,7469654,2026-09-28
M1101,7473059,2026-09-29
M1101,7474491,2026-09-29
M1101,7474906,2026-09-29
M1101,7475335,2026-09-29
M1101,7475415,2026-09-29
M1101,7475438,2026-09-29
M1101,7476719,2026-09-29
M1101,7476741,2026-09-29
M1101,7477445,2026-09-29
M1101,7477875,2026-09-29
M1101,7478706,2026-09-29
M1101,7478739,2026-09-29
M1101,7488277,2026-09-29
M1101,7488299,2026-09-29
M1101,7489705,2026-09-29
M1102,1046115,2026-09-17
M1102,1593314,2026-09-18
M1102,1830520,2026-09-15
M1102,208VNGR,2026-09-16
M1102,209CPQP,2026-09-25
M1102,210SZVW,2026-09-26
M1102,211HNTS,2026-09-14
M1102,211MYLZ,2026-09-21
M1102,211RQTV,2026-09-15
M1102,211SGWG,2026-09-01
M1102,211TMLZ,2026-09-25
M1102,211WQKX,2026-09-29
M1102,211ZNHC,2026-09-07
M1102,212CTLJ,2026-09-18
M1102,212SDTY,2026-09-25
M1102,212YGHW,2026-09-23
M1102,212ZRVB,2026-09-15
M1102,213CMZT,2026-09-29
M1102,213HNQG,2026-09-21
M1102,213JGDG,2026-09-04
M1102,213JSQY,2026-09-04
M1102,213LGBT,2026-09-15
M1102,213NGVG,2026-09-23
M1102,213NNSZ,2026-09-28
M1102,213NTPQ,2026-09-09
M1102,213NXNY,2026-09-08
M1102,213PQHL,2026-09-21
M1102,213PTRV,2026-09-25
M1102,213PYVN,2026-09-09
M1102,213QDJP,2026-09-09
M1102,213QDXR,2026-09-25
M1102,213RDMH,2026-09-28
M1102,213RGDL,2026-09-11
M1102,213RHZP,2026-09-26
M1102,213RLQR,2026-09-10
M1102,213SZWW,2026-09-27
M1102,213TDRL,2026-09-22
M1102,213TRNP,2026-09-23
M1102,213VBNH,2026-09-14
M1102,213VFFN,2026-09-14
M1102,213XSQF,2026-09-16
M1102,213XWCG,2026-09-16
M1102,213YJTC,2026-09-16
M1102,213YLMW,2026-09-24
M1102,213YLVJ,2026-09-21
M1102,213YLYC,2026-09-16
M1102,213YMMY,2026-09-22
M1102,213YRYT,2026-09-16
M1102,213YSMC,2026-09-16
M1102,213YZXJ,2026-09-16
M1102,213ZFZH,2026-09-18
M1102,213ZMYV,2026-09-17
M1102,213ZNHT,2026-09-29
M1102,2142845,2026-09-15
M1102,214BJWC,2026-09-18
M1102,214BMGT,2026-09-18
M1102,214BMZT,2026-09-25
M1102,214BXYW,2026-09-18
M1102,214CCSZ,2026-09-21
M1102,214CRJM,2026-09-25
M1102,214CTZL,2026-09-25
M1102,214CXHS,2026-09-21
M1102,214DDRV,2026-09-21
M1102,214DDTH,2026-09-25
M1102,214DNRV,2026-09-21
M1102,214FDYR,2026-09-21
M1102,214FJMN,2026-09-22
M1102,214FKBN,2026-09-22
M1102,214FZJG,2026-09-23
M1102,214GGWQ,2026-09-23
M1102,214GNLW,2026-09-23
M1102,214GPDY,2026-09-27
M1102,214GPRG,2026-09-22
M1102,214GQLJ,2026-09-22
M1102,214GSRS,2026-09-23
M1102,214GYTB,2026-09-23
M1102,214HBJK,2026-09-23
M1102,214HHLY,2026-09-28
M1102,214HJTT,2026-09-28
M1102,214HJYY,2026-09-28
M1102,214HVPX,2026-09-24
M1102,214HZGN,2026-09-25
M1102,214JRLV,2026-09-25
M1102,214JXYL,2026-09-29
M1102,214KBCC,2026-09-25
M1102,214KDNQ,2026-09-25
M1102,214KQVJ,2026-09-25
M1102,214KWVK,2026-09-28
M1102,214LFPL,2026-09-28
M1102,214LHXV,2026-09-28
M1102,214LJGD,2026-09-28
M1102,214LJMF,2026-09-25
M1102,214LKXR,2026-09-26
M1102,214LYNF,2026-09-28
M1102,214MGHW,2026-09-28
M1102,214MWBR,2026-09-29
M1102,214MYWC,2026-09-29
M1102,2403753,2026-09-28
M1102,3317032,2026-08-26
M1102,3546672,2026-09-29
M1102,3781176,2026-09-28
M1102,3829899,2026-09-18
M1102,3830452,2026-09-08
M1102,3835923,2026-09-18
M1102,3851544,2026-07-22
M1102,3914367,2026-07-27
M1102,3949772,2026-09-22
M1102,4130573,2026-09-15
M1102,4134669,2026-09-18
M1102,4417390,2026-09-22
M1102,4438123,2026-09-03
M1102,4592675,2026-07-06
M1102,4634518,2026-09-29
M1102,4635136,2026-09-21
M1102,4635492,2026-09-21
M1102,4644353,2026-09-28
M1102,4665578,2026-09-04
M1102,4688248,2026-09-21
M1102,4711186,2026-09-15
M1102,4734340,2026-09-28
M1102,4769291,2026-08-25
M1102,4779602,2026-09-29
M1102,5070100,2026-07-17
M1102,5076873,2026-07-21
M1102,5121385,2026-09-15
M1102,5131359,2026-09-11
M1102,5218253,2026-07-21
M1102,5354594,2026-09-21
M1102,5356275,2026-09-19
M1102,5434020,2026-09-28
M1102,5493244,2026-08-25
M1102,5516728,2026-08-25
M1102,5524570,2026-09-29
M1102,5548262,2026-08-30
M1102,5565637,2026-07-30
M1102,5593789,2026-08-25
M1102,5781146,2026-08-06
M1102,5871144,2026-09-02
M1102,5909390,2026-09-03
M1102,5990588,2026-09-07
M1102,5993941,2026-08-14
M1102,6156280,2026-09-21
M1102,6181693,2026-08-21
M1102,6227068,2026-09-29
M1102,6244609,2026-09-29
M1102,6278384,2026-08-26
M1102,6347485,2026-08-27
M1102,6352398,2026-09-21
M1102,6425838,2026-09-17
M1102,6433193,2026-09-29
M1102,6434054,2026-08-30
M1102,6434196,2026-08-30
M1102,6460245,2026-09-01
M1102,6468771,2026-09-24
M1102,6468775,2026-09-24
M1102,6499031,2026-09-01
M1102,6500502,2026-09-02
M1102,6516715,2026-09-24
M1102,6517828,2026-09-02
M1102,6517857,2026-09-02
M1102,6517864,2026-09-02
M1102,6528159,2026-09-02
M1102,6528237,2026-09-02
M1102,6532628,2026-09-24
M1102,6535106,2026-09-03
M1102,6538202,2026-09-26
M1102,6570988,2026-09-24
M1102,6571002,2026-09-24
M1102,6571013,2026-09-24
M1102,6591188,2026-09-26
M1102,6591254,2026-09-28
M1102,6629755,2026-09-04
M1102,6637709,2026-09-05
M1102,6645533,2026-09-05
M1102,6662433,2026-09-05
M1102,6665761,2026-09-05
M1102,6665764,2026-09-05
M1102,6665765,2026-09-05
M1102,6669929,2026-09-05
M1102,6670037,2026-09-05
M1102,6699086,2026-09-08
M1102,6706032,2026-09-08
M1102,6710942,2026-09-08
M1102,6711384,2026-09-29
M1102,6740559,2026-09-09
M1102,6747094,2026-09-09
M1102,6764970,2026-09-29
M1102,6767629,2026-09-09
M1102,6775523,2026-09-09
M1102,6780980,2026-09-22
M1102,6783185,2026-09-10
M1102,6797279,2026-09-10
M1102,6798885,2026-09-10
M1102,6803035,2026-09-10
M1102,6806914,2026-09-11
M1102,6806986,2026-09-11
M1102,6808843,2026-09-11
M1102,6808927,2026-09-11
M1102,6811387,2026-09-11
M1102,6824448,2026-09-12
M1102,6825170,2026-09-12
M1102,6830153,2026-09-11
M1102,6862763,2026-09-15
M1102,6862766,2026-09-15
M1102,6862771,2026-09-15
M1102,6864229,2026-09-14
M1102,6864263,2026-09-14
M1102,6864274,2026-09-14
M1102,6864292,2026-09-14
M1102,6864308,2026-09-14
M1102,6864339,2026-09-14
M1102,6864362,2026-09-14
M1102,6864404,2026-09-14
M1102,6864425,2026-09-14
M1102,6864458,2026-09-14
M1102,6864480,2026-09-14
M1102,6864482,2026-09-14
M1102,6864495,2026-09-14
M1102,6864516,2026-09-14
M1102,6864528,2026-09-14
M1102,6864608,2026-09-14
M1102,6864614,2026-09-14
M1102,6864655,2026-09-14
M1102,6864674,2026-09-14
M1102,6864698,2026-09-14
M1102,6864709,2026-09-14
M1102,6882825,2026-09-15
M1102,6908783,2026-09-16
M1102,6909083,2026-09-16
M1102,6927274,2026-09-16
M1102,6927422,2026-09-16
M1102,6936698,2026-09-16
M1102,6961857,2026-09-17
M1102,6969787,2026-09-18
M1102,6988997,2026-09-18
M1102,6994955,2026-09-18
M1102,6995092,2026-09-18
M1102,6995216,2026-09-18
M1102,6995311,2026-09-18
M1102,6996647,2026-09-18
M1102,7004521,2026-09-18
M1102,7005051,2026-09-18
M1102,7010553,2026-09-19
M1102,7015936,2026-09-19
M1102,7016061,2026-09-22
M1102,7030410,2026-09-19
M1102,7032479,2026-09-19
M1102,7032941,2026-09-19
M1102,7036787,2026-09-20
M1102,7042554,2026-09-20
M1102,7042560,2026-09-20
M1102,7046120,2026-09-29
M1102,7053870,2026-09-21
M1102,7054430,2026-09-21
M1102,7054491,2026-09-21
M1102,7054806,2026-09-21
M1102,7058933,2026-09-29
M1102,7060119,2026-09-29
M1102,7061018,2026-09-21
M1102,7062632,2026-09-21
M1102,7091430,2026-09-22
M1102,7091438,2026-09-22
M1102,7094902,2026-09-22
M1102,7104438,2026-09-23
M1102,7112503,2026-09-23
M1102,7113021,2026-09-23
M1102,7113365,2026-09-23
M1102,7113600,2026-09-23
M1102,7113730,2026-09-23
M1102,7114111,2026-09-23
M1102,7115656,2026-09-23
M1102,7117543,2026-09-23
M1102,7125904,2026-09-23
M1102,7126457,2026-09-23
M1102,7132119,2026-09-23
M1102,7133349,2026-09-23
M1102,7136804,2026-09-23
M1102,7151848,2026-09-23
M1102,7155670,2026-09-24
M1102,7156054,2026-09-29
M1102,7158410,2026-09-24
M1102,7158420,2026-09-24
M1102,7160516,2026-09-24
M1102,7161860,2026-09-24
M1102,7163984,2026-09-24
M1102,7164194,2026-09-24
M1102,7169337,2026-09-24
M1102,7348907,2026-09-25
M1102,7349441,2026-09-25
M1102,7349941,2026-09-25
M1102,7355038,2026-09-29
M1102,7355483,2026-09-29
M1102,7355582,2026-09-29
M1102,7355921,2026-09-29
M1102,7357770,2026-09-29
M1102,7380114,2026-09-29
M1102,7380303,2026-09-25
M1102,7384260,2026-09-25
M1102,7385610,2026-09-25
M1102,7386701,2026-09-25
M1102,7387783,2026-09-25
M1102,7389194,2026-09-25
M1102,7398986,2026-09-25
M1102,7402814,2026-09-26
M1102,7404178,2026-09-26
M1102,7404480,2026-09-26
M1102,7405901,2026-09-26
M1102,7405948,2026-09-26
M1102,7406001,2026-09-26
M1102,7408092,2026-09-26
M1102,7408126,2026-09-26
M1102,7408130,2026-09-26
M1102,7422927,2026-09-26
M1102,7423571,2026-09-26
M1102,7423604,2026-09-26
M1102,7424363,2026-09-26
M1102,7429983,2026-09-26
M1102,7430151,2026-09-26
M1102,7431022,2026-09-28
M1102,7431610,2026-09-26
M1102,7431623,2026-09-26
M1102,7449328,2026-09-27
M1102,7453536,2026-09-28
M1102,7453803,2026-09-28
M1102,7456469,2026-09-28
M1102,7456732,2026-09-28
M1102,7456857,2026-09-28
M1102,7463316,2026-09-28
M1102,7473159,2026-09-29
M1102,7475583,2026-09-29
M1102,7476112,2026-09-29
M1102,7476191,2026-09-29
M1102,7477714,2026-09-29
M1102,7478583,2026-09-29
M1102,7479829,2026-09-29
M1102,7489578,2026-09-29
M1102,7489598,2026-09-29
M1703,1473585,2026-07-21
M1703,1741860,2026-08-14
M1703,1741872,2026-08-14
M1703,207YFMS,2026-09-01
M1703,210HMQR,2026-09-18
M1703,210WSGX,2026-09-25
M1703,211NLQK,2026-09-28
M1703,211TGFH,2026-09-17
M1703,212QBWV,2026-09-09
M1703,212VCTR,2026-09-21
M1703,212VKLZ,2026-09-21
M1703,213BGTG,2026-09-25
M1703,213DYWX,2026-09-16
M1703,213GMJG,2026-09-16
M1703,213HFDV,2026-09-23
M1703,213HLPX,2026-09-22
M1703,213KMWL,2026-09-20
M1703,213KYQB,2026-09-21
M1703,213LCJL,2026-09-20
M1703,213LHXM,2026-09-20
M1703,213LHXX,2026-09-20
M1703,213LHYL,2026-09-20
M1703,213LJRK,2026-09-17
M1703,213LXXC,2026-09-07
M1703,213MQKF,2026-09-23
M1703,213MQZZ,2026-09-23
M1703,213MVNS,2026-09-07
M1703,213NJBY,2026-09-24
M1703,213NNDT,2026-09-24
M1703,213PFPX,2026-09-24
M1703,213PHTG,2026-09-24
M1703,213PWKM,2026-09-09
M1703,213QCVQ,2026-09-09
M1703,213QGVN,2026-09-25
M1703,213QRJV,2026-09-25
M1703,213SCXD,2026-09-26
M1703,213TRMJ,2026-09-27
M1703,213YBDL,2026-09-25
M1703,213YKQK,2026-09-16
M1703,2142158,2026-09-15
M1703,214CJPV,2026-09-18
M1703,214CPFP,2026-09-18
M1703,214CRKS,2026-09-18
M1703,214CVBQ,2026-09-19
M1703,214CWKH,2026-09-21
M1703,214DLGP,2026-09-21
M1703,214DQDX,2026-09-21
M1703,214FMBT,2026-09-24
M1703,214FMMB,2026-09-22
M1703,214FTPQ,2026-09-22
M1703,214FZKY,2026-09-22
M1703,214GYWG,2026-09-23
M1703,214HCPH,2026-09-23
M1703,214HFLS,2026-09-24
M1703,214HJFG,2026-09-23
M1703,214HMZW,2026-09-24
M1703,214JKKK,2026-09-24
M1703,214JKSB,2026-09-25
M1703,214JQBY,2026-09-24
M1703,214JQVL,2026-09-25
M1703,214JXXS,2026-09-25
M1703,214KFDS,2026-09-25
M1703,214KFNG,2026-09-28
M1703,214KFNP,2026-09-28
M1703,214LFPX,2026-09-28
M1703,214LWMM,2026-09-28
M1703,214MPSX,2026-09-28
M1703,214MXZT,2026-09-29
M1703,214NFDV,2026-09-29
M1703,2393212,2026-09-29
M1703,2395849,2026-08-31
M1703,2396253,2026-07-25
M1703,2535767,2026-07-24
M1703,2644184,2026-09-07
M1703,2899435,2026-07-21
M1703,2974911,2026-09-29
M1703,3055943,2026-09-29
M1703,3368478,2026-07-21
M1703,3601461,2026-09-21
M1703,3767143,2026-09-11
M1703,3854846,2026-07-22
M1703,3998835,2026-09-24
M1703,4054476,2026-09-15
M1703,4110605,2026-08-19
M1703,4134659,2026-09-18
M1703,4171799,2026-09-27
M1703,4298929,2026-08-31
M1703,4526891,2026-09-21
M1703,4570825,2026-09-11
M1703,4579692,2026-07-05
M1703,4635240,2026-09-21
M1703,4635356,2026-09-21
M1703,4704762,2026-08-31
M1703,4709907,2026-09-11
M1703,4710795,2026-09-18
M1703,4773001,2026-07-09
M1703,4790329,2026-09-21
M1703,4790335,2026-09-21
M1703,4818944,2026-08-20
M1703,4871474,2026-08-28
M1703,4893487,2026-09-11
M1703,5054501,2026-09-25
M1703,5054724,2026-08-19
M1703,5060365,2026-08-26
M1703,5072663,2026-07-17
M1703,5072670,2026-07-17
M1703,5077364,2026-07-22
M1703,5077433,2026-09-17
M1703,5123970,2026-08-10
M1703,5133837,2026-09-21
M1703,5184522,2026-08-05
M1703,5197277,2026-09-29
M1703,5337174,2026-09-21
M1703,5351194,2026-09-04
M1703,5352017,2026-09-22
M1703,5367734,2026-09-21
M1703,5392031,2026-07-23
M1703,5438055,2026-07-25
M1703,5458833,2026-09-27
M1703,5459063,2026-09-01
M1703,5477780,2026-07-26
M1703,5494034,2026-07-27
M1703,5583328,2026-08-31
M1703,5587902,2026-09-11
M1703,5594164,2026-08-25
M1703,5596786,2026-07-31
M1703,5614571,2026-09-01
M1703,5638816,2026-09-29
M1703,5655139,2026-09-21
M1703,5690226,2026-08-03
M1703,5741594,2026-08-06
M1703,5778417,2026-08-06
M1703,5787569,2026-08-06
M1703,5791841,2026-08-06
M1703,5793043,2026-08-06
M1703,5848391,2026-09-09
M1703,5880164,2026-08-10
M1703,5898055,2026-09-21
M1703,5929964,2026-09-21
M1703,6030617,2026-09-21
M1703,6040439,2026-09-21
M1703,6074392,2026-09-21
M1703,6117243,2026-08-19
M1703,6121107,2026-09-18
M1703,6141774,2026-08-20
M1703,6148877,2026-08-20
M1703,6148902,2026-08-20
M1703,6187693,2026-09-23
M1703,6207713,2026-08-22
M1703,6233917,2026-08-24
M1703,6235533,2026-09-08
M1703,6260928,2026-09-26
M1703,6275991,2026-09-08
M1703,6304481,2026-08-26
M1703,6304493,2026-08-26
M1703,6304498,2026-08-26
M1703,6304507,2026-08-26
M1703,6304533,2026-08-26
M1703,6321959,2026-09-25
M1703,6338184,2026-09-29
M1703,6358306,2026-09-26
M1703,6358869,2026-09-02
M1703,6395547,2026-09-18
M1703,6401494,2026-09-11
M1703,6414965,2026-08-29
M1703,6416963,2026-09-26
M1703,6424883,2026-08-29
M1703,6425816,2026-09-17
M1703,6431162,2026-09-29
M1703,6433787,2026-09-17
M1703,6445503,2026-08-31
M1703,6445533,2026-08-31
M1703,6499030,2026-09-01
M1703,6506713,2026-09-02
M1703,6525368,2026-09-02
M1703,6532995,2026-09-02
M1703,6536039,2026-09-26
M1703,6537135,2026-09-19
M1703,6568908,2026-09-03
M1703,6577448,2026-09-03
M1703,6590035,2026-09-03
M1703,6590131,2026-09-03
M1703,6590779,2026-09-04
M1703,6591360,2026-09-27
M1703,6597055,2026-09-04
M1703,6620330,2026-09-04
M1703,6620476,2026-09-04
M1703,6672942,2026-09-05
M1703,6673446,2026-09-05
M1703,6691448,2026-09-07
M1703,6692612,2026-09-26
M1703,6697345,2026-09-07
M1703,6710818,2026-09-21
M1703,6732246,2026-09-08
M1703,6747818,2026-09-09
M1703,6763085,2026-09-09
M1703,6763102,2026-09-09
M1703,6763126,2026-09-09
M1703,6763157,2026-09-25
M1703,6776960,2026-09-10
M1703,6780100,2026-09-11
M1703,6782089,2026-09-10
M1703,6797254,2026-09-10
M1703,6803254,2026-09-10
M1703,6806386,2026-09-10
M1703,6846510,2026-09-12
M1703,6865361,2026-09-14
M1703,6865365,2026-09-14
M1703,6881901,2026-09-21
M1703,6881915,2026-09-21
M1703,6881947,2026-09-21
M1703,6894150,2026-09-15
M1703,6898876,2026-09-15
M1703,6907414,2026-09-15
M1703,6909712,2026-09-16
M1703,6932963,2026-09-16
M1703,6936556,2026-09-16
M1703,6963924,2026-09-17
M1703,6972143,2026-09-29
M1703,6986647,2026-09-18
M1703,6988801,2026-09-18
M1703,7007745,2026-09-18
M1703,7010834,2026-09-29
M1703,7010852,2026-09-27
M1703,7010875,2026-09-19
M1703,7011177,2026-09-28
M1703,7011825,2026-09-19
M1703,7012139,2026-09-29
M1703,7015049,2026-09-19
M1703,7015711,2026-09-19
M1703,7036507,2026-09-20
M1703,7044107,2026-09-20
M1703,7044870,2026-09-20
M1703,7054456,2026-09-21
M1703,7054457,2026-09-21
M1703,7054576,2026-09-21
M1703,7054901,2026-09-21
M1703,7058664,2026-09-21
M1703,7061323,2026-09-21
M1703,7062594,2026-09-21
M1703,7063244,2026-09-21
M1703,7071089,2026-09-22
M1703,7072792,2026-09-29
M1703,7073126,2026-09-29
M1703,7100737,2026-09-22
M1703,7107871,2026-09-23
M1703,7112086,2026-09-23
M1703,7112910,2026-09-23
M1703,7114695,2026-09-23
M1703,7117610,2026-09-23
M1703,7133065,2026-09-23
M1703,7133965,2026-09-23
M1703,7138293,2026-09-23
M1703,7152378,2026-09-24
M1703,7153671,2026-09-24
M1703,7155457,2026-09-24
M1703,7155486,2026-09-29
M1703,7164222,2026-09-24
M1703,7167693,2026-09-24
M1703,7348479,2026-09-25
M1703,7348536,2026-09-25
M1703,7349907,2026-09-25
M1703,7352281,2026-09-25
M1703,7379882,2026-09-25
M1703,7380171,2026-09-25
M1703,7386294,2026-09-25
M1703,7398622,2026-09-28
M1703,7402552,2026-09-26
M1703,7403146,2026-09-26
M1703,7403580,2026-09-26
M1703,7406844,2026-09-29
M1703,7420803,2026-09-26
M1703,7420824,2026-09-26
M1703,7421842,2026-09-26
M1703,7421852,2026-09-26
M1703,7422018,2026-09-29
M1703,7422430,2026-09-26
M1703,7422854,2026-09-26
M1703,7425095,2026-09-26
M1703,7425805,2026-09-26
M1703,7428123,2026-09-26
M1703,7430369,2026-09-26
M1703,7448756,2026-09-27
M1703,7451029,2026-09-27
M1703,7453811,2026-09-28
M1703,7456186,2026-09-28
M1703,7456224,2026-09-28
M1703,7462527,2026-09-28
M1703,7465340,2026-09-28
M1703,7471678,2026-09-28
M1703,7475597,2026-09-29
M1703,7477297,2026-09-29
M1703,7478815,2026-09-29
M1703,7480005,2026-09-29
M1707,1728122,2026-07-07
M1707,1917534,2026-07-19
M1707,1918401,2026-07-20
M1707,206MCJV,2026-09-18
M1707,206ZVLW,2026-09-25
M1707,208TFCC,2026-09-28
M1707,208VQTF,2026-09-28
M1707,209FMDW,2026-09-17
M1707,209FMMJ,2026-09-02
M1707,209NLDQ,2026-09-24
M1707,209WQYJ,2026-09-23
M1707,210FBWX,2026-07-17
M1707,210FZMS,2026-09-24
M1707,210PBWB,2026-09-24
M1707,210QPVT,2026-09-25
M1707,210RHCT,2026-09-18
M1707,211BPXB,2026-09-25
M1707,211HQCD,2026-09-04
M1707,211HQMW,2026-09-04
M1707,211HQPB,2026-09-04
M1707,211KHPX,2026-09-04
M1707,211KKRJ,2026-09-11
M1707,211LFGX,2026-09-28
M1707,211PLBR,2026-09-17
M1707,211SSWB,2026-08-31
M1707,211SSWL,2026-08-31
M1707,211SSXH,2026-08-31
M1707,211SWGS,2026-09-14
M1707,211TFXM,2026-09-17
M1707,211WJXP,2026-09-24
M1707,211WVDF,2026-09-18
M1707,211WVKH,2026-09-01
M1707,211XBRL,2026-09-22
M1707,212DBBV,2026-09-24
M1707,212JXLT,2026-09-24
M1707,212KKGT,2026-09-11
M1707,212KSMY,2026-09-25
M1707,212QPDB,2026-09-18
M1707,212RFLH,2026-09-25
M1707,212TCCM,2026-09-02
M1707,212TZMX,2026-09-21
M1707,212WYPZ,2026-09-23
M1707,212WZMG,2026-09-03
M1707,212YBMV,2026-09-21
M1707,212YSBT,2026-09-23
M1707,212YSDL,2026-09-25
M1707,212YTVT,2026-09-22
M1707,212ZXHR,2026-09-28
M1707,2139087,2026-07-25
M1707,213CQTL,2026-09-17
M1707,213CVFF,2026-09-15
M1707,213DCSL,2026-09-16
M1707,213DCSZ,2026-08-31
M1707,213DCTL,2026-08-31
M1707,213DCTY,2026-09-16
M1707,213DHPT,2026-09-28
M1707,213DPVD,2026-09-03
M1707,213DQXK,2026-09-01
M1707,213DSJK,2026-09-18
M1707,213FFPV,2026-09-22
M1707,213FQNN,2026-09-25
M1707,213FTGQ,2026-09-23
M1707,213FXDV,2026-09-24
M1707,213FYWV,2026-09-18
M1707,213GMCF,2026-09-17
M1707,213GMKQ,2026-09-22
M1707,213GMXL,2026-09-17
M1707,213GNDP,2026-09-17
M1707,213GNHK,2026-09-21
M1707,213GQVB,2026-09-07
M1707,213GXVC,2026-09-23
M1707,213GYHF,2026-09-24
M1707,213HJQY,2026-09-25
M1707,213HRBG,2026-09-04
M1707,213JDKF,2026-09-25
M1707,213JDLM,2026-09-28
M1707,213JDQQ,2026-09-18
M1707,213JRHZ,2026-09-19
M1707,213JTGP,2026-09-29
M1707,213KLGJ,2026-09-20
M1707,213LJBC,2026-09-20
M1707,213LLLX,2026-09-23
M1707,213LMZM,2026-09-28
M1707,213LPTR,2026-09-28
M1707,213LVCN,2026-09-22
M1707,213LXKM,2026-09-23
M1707,213LXZB,2026-09-28
M1707,213LYBL,2026-09-28
M1707,213LYDV,2026-09-08
M1707,213MDBV,2026-09-29
M1707,213MTQV,2026-09-10
M1707,213MXSH,2026-09-23
M1707,213NDXD,2026-09-24
M1707,213NGYQ,2026-09-24
M1707,213NKYS,2026-09-24
M1707,213NNJG,2026-09-24
M1707,213NTHW,2026-09-25
M1707,213NWDJ,2026-09-25
M1707,213PKVH,2026-09-24
M1707,213PRTZ,2026-09-25
M1707,213PSKC,2026-09-10
M1707,213PTPV,2026-09-09
M1707,213PZJH,2026-09-16
M1707,213QCMQ,2026-09-25
M1707,213QDLJ,2026-09-11
M1707,213QNFN,2026-09-28
M1707,213QPHL,2026-09-10
M1707,213QSCZ,2026-09-21
M1707,213QTQR,2026-09-10
M1707,213QWKR,2026-09-10
M1707,213QXKW,2026-09-21
M1707,213RDGX,2026-09-10
M1707,213RNSW,2026-09-26
M1707,213RRVT,2026-09-24
M1707,213RWWQ,2026-09-25
M1707,213RXDT,2026-09-25
M1707,213RXLW,2026-09-10
M1707,213RZGV,2026-09-22
M1707,213SBYN,2026-09-10
M1707,213SCHC,2026-09-26
M1707,213SGFC,2026-09-26
M1707,213SHPY,2026-09-11
M1707,213SKXT,2026-09-27
M1707,213SNTY,2026-09-22
M1707,213SPVX,2026-09-27
M1707,213SZTN,2026-09-27
M1707,213TFDP,2026-09-15
M1707,213TNRT,2026-09-14
M1707,213TPXP,2026-09-27
M1707,213TQBQ,2026-09-27
M1707,213TTDD,2026-09-27
M1707,213TTTJ,2026-09-28
M1707,213VDLQ,2026-09-14
M1707,213VGGD,2026-09-14
M1707,213VGPN,2026-09-28
M1707,213VKSX,2026-09-28
M1707,213VLLP,2026-09-14
M1707,213VMBG,2026-09-25
M1707,213VMYJ,2026-09-25
M1707,213VRKD,2026-09-14
M1707,213VRVW,2026-09-16
M1707,213VVYP,2026-09-15
M1707,213VWVS,2026-09-27
M1707,213WDBL,2026-09-15
M1707,213WHTX,2026-09-28
M1707,213WJSY,2026-09-14
M1707,213WPWW,2026-09-15
M1707,213WPXQ,2026-09-15
M1707,213WPYQ,2026-09-15
M1707,213WPZL,2026-09-15
M1707,213WQBD,2026-09-15
M1707,213WQBX,2026-09-22
M1707,213WQCN,2026-09-15
M1707,213WQDZ,2026-09-15
M1707,213WQLS,2026-09-16
M1707,213WRDC,2026-09-15
M1707,213WTSQ,2026-09-15
M1707,213WTXR,2026-09-16
M1707,213WXBL,2026-09-15
M1707,213WYZN,2026-09-15
M1707,213WZQZ,2026-09-15
M1707,213XKKC,2026-09-16
M1707,213XNYD,2026-09-28
M1707,213XPQZ,2026-09-29
M1707,213YMDB,2026-09-24
M1707,213YPRB,2026-09-16
M1707,213YQWZ,2026-09-18
M1707,213YVRR,2026-09-16
M1707,213YVSY,2026-09-17
M1707,213YVTW,2026-09-17
M1707,213YVVY,2026-09-16
M1707,213YWBD,2026-09-17
M1707,213YWMC,2026-09-21
M1707,213YWNX,2026-09-23
M1707,213YXFZ,2026-09-22
M1707,213YYBR,2026-09-25
M1707,213ZGLX,2026-09-25
M1707,213ZJPR,2026-09-28
M1707,213ZKHV,2026-09-17
M1707,213ZVDS,2026-09-17
M1707,213ZXKS,2026-09-28
M1707,213ZYDQ,2026-09-18
M1707,213ZYYV,2026-09-17
M1707,214BBKP,2026-09-17
M1707,214BQRR,2026-09-25
M1707,214BSRW,2026-09-18
M1707,214BVNN,2026-09-18
M1707,214BVSX,2026-09-27
M1707,214BZNH,2026-09-18
M1707,214BZVF,2026-09-18
M1707,214CBTN,2026-09-26
M1707,214CCGR,2026-09-28
M1707,214CDJR,2026-09-18
M1707,214CDYW,2026-09-21
M1707,214CJWJ,2026-09-23
M1707,214CLPP,2026-09-18
M1707,214CLPV,2026-09-18
M1707,214CMXF,2026-09-21
M1707,214CPBG,2026-09-21
M1707,214CPSK,2026-09-21
M1707,214CTMT,2026-09-21
M1707,214CXCC,2026-09-21
M1707,214CXHQ,2026-09-21
M1707,214DBRD,2026-09-21
M1707,214DCVS,2026-09-23
M1707,214DGSW,2026-09-24
M1707,214DMYK,2026-09-22
M1707,214DSRG,2026-09-22
M1707,214DXTN,2026-09-22
M1707,214DYCK,2026-09-21
M1707,214FCTF,2026-09-22
M1707,214FCTR,2026-09-22
M1707,214FDMH,2026-09-21
M1707,214FVDV,2026-09-22
M1707,214FVMM,2026-09-25
M1707,214FZKQ,2026-09-25
M1707,214FZRJ,2026-09-22
M1707,214GDFK,2026-09-22
M1707,214GFZN,2026-09-22
M1707,214GKJL,2026-09-23
M1707,214GNPW,2026-09-23
M1707,214GSKC,2026-09-23
M1707,214GTBM,2026-09-23
M1707,214GTGN,2026-09-23
M1707,214GVVT,2026-09-25
M1707,214GXXJ,2026-09-28
M1707,214GYLK,2026-09-29
M1707,214GYSN,2026-09-23
M1707,214GYXY,2026-09-23
M1707,214HCBR,2026-09-23
M1707,214HDMP,2026-09-23
M1707,214HHCG,2026-09-25
M1707,214HLJS,2026-09-29
M1707,214HXDF,2026-09-23
M1707,214HXZQ,2026-09-25
M1707,214JBHX,2026-09-24
M1707,214JBRX,2026-09-24
M1707,214JLZC,2026-09-28
M1707,214JRJB,2026-09-24
M1707,214JSVZ,2026-09-28
M1707,214JXQK,2026-09-25
M1707,214JYNV,2026-09-24
M1707,214JYZY,2026-09-25
M1707,214JZBL,2026-09-25
M1707,214KJJG,2026-09-25
M1707,214KJLY,2026-09-25
M1707,214KKCH,2026-09-28
M1707,214KKGC,2026-09-25
M1707,214KLHV,2026-09-25
M1707,214KNHJ,2026-09-25
M1707,214KNJK,2026-09-25
M1707,214KNKX,2026-09-25
M1707,214KPCQ,2026-09-25
M1707,214KPXP,2026-09-25
M1707,214KRCY,2026-09-25
M1707,214KXQB,2026-09-25
M1707,214KYDW,2026-09-29
M1707,214LBHH,2026-09-28
M1707,214LFZF,2026-09-25
M1707,214LJZY,2026-09-25
M1707,214LLJV,2026-09-28
M1707,214LQSG,2026-09-28
M1707,214LQWX,2026-09-28
M1707,214LYFD,2026-09-28
M1707,214MFXG,2026-09-28
M1707,214MMFW,2026-09-28
M1707,214MPQK,2026-09-28
M1707,214MPTK,2026-09-28
M1707,214MYCM,2026-09-29
M1707,214NDWJ,2026-09-29
M1707,2681975,2026-07-07
M1707,2812405,2026-07-11
M1707,3126778,2026-07-24
M1707,3444008,2026-09-27
M1707,3615372,2026-07-07
M1707,3630259,2026-07-07
M1707,3756698,2026-08-25
M1707,3756736,2026-08-25
M1707,3888117,2026-09-22
M1707,3982658,2026-08-25
M1707,3984829,2026-08-14
M1707,4110496,2026-07-07
M1707,4161916,2026-08-28
M1707,4196311,2026-07-20
M1707,4250289,2026-07-20
M1707,4298651,2026-08-31
M1707,4298692,2026-08-31
M1707,4298775,2026-08-31
M1707,4298852,2026-08-31
M1707,4389069,2026-09-20
M1707,4399219,2026-07-29
M1707,4400145,2026-07-23
M1707,4425156,2026-07-22
M1707,4457092,2026-08-25
M1707,4519959,2026-07-03
M1707,4519967,2026-07-03
M1707,4579395,2026-08-22
M1707,4585021,2026-07-22
M1707,4610713,2026-07-06
M1707,4630604,2026-07-07
M1707,4669620,2026-07-27
M1707,4676623,2026-07-08
M1707,4693438,2026-09-17
M1707,4710379,2026-09-28
M1707,4710481,2026-08-07
M1707,4711299,2026-08-24
M1707,4714053,2026-09-15
M1707,4728376,2026-09-03
M1707,4732079,2026-08-06
M1707,4780491,2026-08-08
M1707,4934146,2026-09-10
M1707,5069361,2026-07-17
M1707,5117969,2026-07-18
M1707,5131335,2026-09-11
M1707,5133633,2026-09-04
M1707,5184468,2026-08-31
M1707,5187782,2026-09-17
M1707,5188336,2026-09-17
M1707,5193170,2026-09-29
M1707,5193359,2026-07-21
M1707,5217594,2026-09-02
M1707,5227620,2026-08-31
M1707,5352147,2026-08-25
M1707,5352269,2026-07-22
M1707,5354661,2026-09-21
M1707,5361876,2026-08-31
M1707,5361899,2026-08-31
M1707,5361905,2026-08-31
M1707,5365116,2026-09-08
M1707,5366310,2026-09-21
M1707,5366516,2026-09-09
M1707,5368075,2026-09-21
M1707,5391745,2026-07-27
M1707,5398427,2026-09-20
M1707,5399306,2026-07-24
M1707,5403891,2026-07-24
M1707,5403892,2026-08-31
M1707,5403897,2026-08-31
M1707,5440054,2026-09-21
M1707,5442647,2026-07-25
M1707,5496003,2026-07-28
M1707,5496091,2026-07-28
M1707,5499708,2026-09-15
M1707,5499744,2026-09-15
M1707,5499765,2026-09-15
M1707,5499782,2026-09-15
M1707,5499933,2026-09-15
M1707,5499969,2026-09-15
M1707,5500020,2026-09-15
M1707,5500207,2026-09-15
M1707,5500271,2026-09-15
M1707,5500404,2026-09-15
M1707,5565608,2026-07-30
M1707,5569596,2026-09-26
M1707,5570894,2026-08-31
M1707,5586068,2026-07-30
M1707,5594404,2026-08-24
M1707,5600016,2026-09-15
M1707,5600017,2026-09-15
M1707,5600024,2026-09-15
M1707,5600025,2026-09-15
M1707,5600030,2026-09-15
M1707,5600031,2026-09-15
M1707,5600038,2026-09-15
M1707,5600067,2026-09-15
M1707,5600641,2026-09-15
M1707,5600711,2026-09-15
M1707,5601283,2026-07-31
M1707,5603729,2026-08-31
M1707,5630597,2026-08-01
M1707,5636604,2026-09-28
M1707,5636607,2026-09-28
M1707,5639086,2026-08-31
M1707,5640652,2026-08-01
M1707,5659250,2026-09-02
M1707,5671950,2026-08-02
M1707,5702543,2026-09-07
M1707,5708176,2026-08-05
M1707,5718436,2026-08-31
M1707,5729988,2026-09-19
M1707,5729996,2026-09-19
M1707,5729997,2026-09-19
M1707,5730014,2026-09-19
M1707,5730015,2026-09-19
M1707,5730017,2026-09-19
M1707,5730018,2026-09-19
M1707,5730033,2026-09-19
M1707,5730054,2026-09-19
M1707,5730055,2026-09-19
M1707,5730057,2026-09-19
M1707,5730108,2026-09-19
M1707,5730113,2026-09-19
M1707,5730191,2026-09-19
M1707,5732685,2026-09-20
M1707,5732690,2026-09-15
M1707,5732697,2026-09-20
M1707,5732717,2026-09-20
M1707,5732719,2026-09-20
M1707,5732737,2026-08-05
M1707,5732740,2026-09-15
M1707,5732748,2026-09-20
M1707,5732749,2026-09-20
M1707,5732753,2026-09-15
M1707,5732758,2026-09-15
M1707,5732759,2026-09-15
M1707,5732761,2026-09-20
M1707,5732777,2026-09-20
M1707,5732801,2026-09-15
M1707,5733468,2026-09-26
M1707,5739254,2026-08-06
M1707,5740881,2026-08-06
M1707,5741664,2026-08-06
M1707,5787437,2026-08-06
M1707,5787494,2026-08-06
M1707,5791698,2026-08-06
M1707,5831194,2026-08-08
M1707,5852120,2026-08-08
M1707,5852727,2026-08-08
M1707,5857375,2026-08-09
M1707,5857382,2026-08-09
M1707,5857394,2026-08-09
M1707,5857433,2026-08-09
M1707,5857475,2026-08-09
M1707,5857605,2026-08-09
M1707,5857606,2026-08-09
M1707,5877779,2026-08-10
M1707,5886758,2026-08-31
M1707,5886817,2026-09-03
M1707,5899895,2026-09-29
M1707,5911223,2026-08-12
M1707,5914617,2026-09-15
M1707,5914622,2026-09-15
M1707,5933792,2026-08-12
M1707,5935001,2026-09-10
M1707,5940805,2026-08-12
M1707,5942008,2026-08-13
M1707,5958563,2026-08-13
M1707,5958657,2026-08-13
M1707,5959829,2026-08-22
M1707,5960018,2026-08-22
M1707,5966856,2026-08-14
M1707,5973475,2026-09-23
M1707,5989287,2026-09-29
M1707,5990520,2026-09-21
M1707,5993937,2026-08-28
M1707,6001416,2026-08-14
M1707,6050285,2026-08-17
M1707,6050441,2026-08-17
M1707,6078546,2026-08-18
M1707,6078560,2026-08-18
M1707,6083868,2026-08-20
M1707,6090146,2026-09-29
M1707,6115571,2026-08-19
M1707,6117259,2026-09-11
M1707,6125427,2026-09-21
M1707,6141670,2026-08-20
M1707,6149242,2026-09-08
M1707,6149247,2026-09-11
M1707,6156517,2026-09-21
M1707,6169402,2026-08-21
M1707,6184222,2026-09-20
M1707,6187717,2026-09-03
M1707,6190352,2026-08-22
M1707,6190362,2026-08-22
M1707,6190364,2026-08-22
M1707,6206273,2026-08-22
M1707,6217670,2026-09-11
M1707,6224878,2026-09-11
M1707,6231636,2026-08-24
M1707,6236529,2026-09-11
M1707,6236538,2026-09-11
M1707,6236549,2026-09-11
M1707,6236574,2026-09-11
M1707,6236575,2026-09-11
M1707,6240281,2026-09-15
M1707,6242283,2026-09-15
M1707,6273540,2026-08-25
M1707,6276612,2026-09-07
M1707,6276852,2026-08-25
M1707,6277713,2026-08-25
M1707,6277716,2026-08-25
M1707,6277817,2026-09-11
M1707,6277824,2026-09-11
M1707,6282698,2026-09-24
M1707,6283829,2026-09-23
M1707,6288678,2026-09-25
M1707,6289497,2026-09-29
M1707,6304500,2026-08-26
M1707,6304501,2026-08-26
M1707,6304503,2026-08-26
M1707,6304511,2026-08-26
M1707,6304513,2026-08-26
M1707,6315969,2026-08-26
M1707,6321618,2026-09-25
M1707,6321799,2026-09-25
M1707,6341751,2026-08-27
M1707,6347471,2026-08-27
M1707,6354644,2026-08-27
M1707,6355149,2026-08-28
M1707,6382091,2026-08-28
M1707,6394623,2026-09-11
M1707,6395144,2026-08-29
M1707,6402858,2026-09-08
M1707,6417310,2026-08-29
M1707,6417346,2026-08-29
M1707,6425671,2026-09-29
M1707,6429048,2026-09-28
M1707,6430602,2026-09-11
M1707,6434133,2026-08-30
M1707,6434224,2026-08-30
M1707,6445524,2026-08-31
M1707,6445526,2026-08-31
M1707,6445532,2026-08-31
M1707,6445564,2026-08-31
M1707,6445570,2026-08-31
M1707,6460086,2026-09-01
M1707,6460116,2026-09-01
M1707,6460672,2026-09-01
M1707,6466314,2026-09-07
M1707,6467695,2026-08-31
M1707,6468345,2026-09-01
M1707,6468789,2026-09-18
M1707,6468809,2026-09-18
M1707,6478496,2026-09-01
M1707,6480461,2026-09-01
M1707,6498837,2026-09-01
M1707,6499349,2026-09-01
M1707,6500227,2026-09-01
M1707,6500232,2026-09-01
M1707,6500238,2026-09-01
M1707,6501001,2026-09-02
M1707,6501003,2026-09-02
M1707,6501735,2026-09-19
M1707,6501926,2026-09-26
M1707,6504713,2026-09-25
M1707,6504728,2026-09-25
M1707,6504729,2026-09-25
M1707,6504730,2026-09-25
M1707,6504747,2026-09-25
M1707,6504749,2026-09-25
M1707,6517566,2026-09-02
M1707,6528283,2026-09-02
M1707,6529946,2026-09-02
M1707,6530025,2026-09-02
M1707,6530062,2026-09-02
M1707,6530710,2026-09-02
M1707,6532414,2026-09-08
M1707,6533025,2026-09-02
M1707,6534189,2026-09-03
M1707,6534204,2026-09-02
M1707,6537514,2026-09-20
M1707,6537529,2026-09-20
M1707,6537534,2026-09-20
M1707,6537548,2026-09-20
M1707,6537605,2026-09-20
M1707,6539568,2026-09-03
M1707,6539998,2026-09-03
M1707,6574245,2026-09-03
M1707,6588944,2026-09-03
M1707,6589564,2026-09-03
M1707,6590694,2026-09-04
M1707,6590718,2026-09-04
M1707,6590990,2026-09-29
M1707,6592840,2026-09-27
M1707,6594271,2026-09-21
M1707,6594567,2026-09-21
M1707,6596958,2026-09-04
M1707,6598642,2026-09-04
M1707,6623640,2026-09-04
M1707,6625219,2026-09-04
M1707,6635126,2026-09-08
M1707,6635896,2026-09-04
M1707,6637388,2026-09-05
M1707,6637734,2026-09-05
M1707,6638666,2026-09-28
M1707,6645711,2026-09-05
M1707,6645771,2026-09-08
M1707,6662520,2026-09-05
M1707,6665620,2026-09-05
M1707,6676152,2026-09-06
M1707,6692725,2026-09-07
M1707,6692810,2026-09-07
M1707,6697225,2026-09-07
M1707,6697254,2026-09-07
M1707,6697265,2026-09-07
M1707,6698394,2026-09-07
M1707,6698978,2026-09-08
M1707,6703431,2026-09-08
M1707,6707409,2026-09-08
M1707,6710605,2026-09-08
M1707,6710612,2026-09-08
M1707,6711202,2026-09-08
M1707,6722690,2026-09-08
M1707,6723257,2026-09-08
M1707,6727592,2026-09-08
M1707,6727604,2026-09-08
M1707,6727646,2026-09-08
M1707,6727727,2026-09-08
M1707,6729337,2026-09-08
M1707,6732876,2026-09-08
M1707,6735799,2026-09-08
M1707,6738692,2026-09-09
M1707,6738932,2026-09-09
M1707,6739145,2026-09-09
M1707,6740916,2026-09-26
M1707,6743956,2026-09-09
M1707,6744832,2026-09-09
M1707,6744861,2026-09-09
M1707,6746733,2026-09-09
M1707,6747834,2026-09-09
M1707,6749291,2026-09-09
M1707,6753186,2026-09-09
M1707,6753210,2026-09-09
M1707,6763124,2026-09-21
M1707,6766043,2026-09-09
M1707,6766050,2026-09-09
M1707,6766104,2026-09-09
M1707,6766116,2026-09-09
M1707,6766133,2026-09-09
M1707,6766150,2026-09-09
M1707,6766221,2026-09-09
M1707,6767753,2026-09-09
M1707,6767803,2026-09-09
M1707,6767812,2026-09-09
M1707,6773150,2026-09-09
M1707,6776344,2026-09-09
M1707,6776745,2026-09-10
M1707,6778590,2026-09-22
M1707,6778687,2026-09-10
M1707,6778699,2026-09-10
M1707,6779060,2026-09-10
M1707,6780250,2026-09-10
M1707,6782086,2026-09-10
M1707,6797346,2026-09-10
M1707,6797552,2026-09-10
M1707,6797567,2026-09-10
M1707,6797570,2026-09-10
M1707,6797608,2026-09-10
M1707,6797660,2026-09-10
M1707,6798514,2026-09-10
M1707,6799842,2026-09-10
M1707,6799862,2026-09-10
M1707,6803155,2026-09-10
M1707,6806931,2026-09-11
M1707,6806978,2026-09-11
M1707,6806992,2026-09-11
M1707,6808607,2026-09-11
M1707,6808758,2026-09-28
M1707,6808975,2026-09-11
M1707,6809475,2026-09-11
M1707,6810136,2026-09-11
M1707,6822782,2026-09-11
M1707,6826222,2026-09-11
M1707,6827318,2026-09-11
M1707,6827338,2026-09-11
M1707,6830189,2026-09-11
M1707,6830520,2026-09-11
M1707,6846210,2026-09-12
M1707,6846399,2026-09-12
M1707,6846438,2026-09-12
M1707,6847897,2026-09-12
M1707,6863098,2026-09-15
M1707,6863209,2026-09-14
M1707,6863278,2026-09-14
M1707,6863545,2026-09-14
M1707,6863559,2026-09-14
M1707,6863587,2026-09-28
M1707,6863588,2026-09-14
M1707,6863590,2026-09-14
M1707,6863591,2026-09-14
M1707,6863593,2026-09-14
M1707,6863605,2026-09-14
M1707,6863610,2026-09-28
M1707,6863614,2026-09-14
M1707,6863616,2026-09-14
M1707,6863621,2026-09-14
M1707,6863625,2026-09-14
M1707,6863628,2026-09-28
M1707,6863629,2026-09-14
M1707,6863636,2026-09-14
M1707,6863639,2026-09-14
M1707,6863645,2026-09-14
M1707,6863649,2026-09-14
M1707,6863651,2026-09-14
M1707,6863653,2026-09-14
M1707,6863655,2026-09-14
M1707,6863661,2026-09-14
M1707,6863662,2026-09-14
M1707,6863670,2026-09-14
M1707,6863674,2026-09-14
M1707,6863675,2026-09-14
M1707,6863676,2026-09-28
M1707,6863683,2026-09-14
M1707,6863686,2026-09-14
M1707,6863690,2026-09-14
M1707,6863691,2026-09-14
M1707,6863699,2026-09-14
M1707,6863706,2026-09-14
M1707,6863708,2026-09-14
M1707,6863711,2026-09-14
M1707,6863713,2026-09-14
M1707,6863715,2026-09-14
M1707,6863719,2026-09-14
M1707,6863735,2026-09-14
M1707,6863740,2026-09-14
M1707,6863766,2026-09-14
M1707,6863782,2026-09-14
M1707,6863787,2026-09-14
M1707,6863793,2026-09-14
M1707,6863804,2026-09-14
M1707,6863811,2026-09-14
M1707,6863818,2026-09-14
M1707,6863823,2026-09-14
M1707,6863824,2026-09-14
M1707,6863837,2026-09-14
M1707,6863859,2026-09-14
M1707,6863860,2026-09-14
M1707,6863865,2026-09-14
M1707,6863872,2026-09-14
M1707,6863882,2026-09-14
M1707,6863993,2026-09-14
M1707,6863999,2026-09-14
M1707,6864018,2026-09-14
M1707,6864021,2026-09-14
M1707,6864027,2026-09-14
M1707,6864040,2026-09-14
M1707,6864044,2026-09-14
M1707,6864051,2026-09-14
M1707,6864076,2026-09-28
M1707,6864090,2026-09-28
M1707,6864100,2026-09-28
M1707,6864191,2026-09-28
M1707,6864221,2026-09-28
M1707,6864340,2026-09-14
M1707,6864393,2026-09-14
M1707,6864397,2026-09-14
M1707,6864431,2026-09-14
M1707,6864590,2026-09-28
M1707,6864617,2026-09-28
M1707,6864641,2026-09-14
M1707,6864650,2026-09-28
M1707,6881067,2026-09-15
M1707,6881070,2026-09-15
M1707,6881715,2026-09-15
M1707,6881829,2026-09-15
M1707,6882046,2026-09-15
M1707,6882059,2026-09-15
M1707,6882650,2026-09-26
M1707,6888780,2026-09-26
M1707,6896748,2026-09-15
M1707,6897101,2026-09-15
M1707,6898766,2026-09-15
M1707,6908460,2026-09-16
M1707,6911442,2026-09-16
M1707,6911462,2026-09-16
M1707,6927900,2026-09-16
M1707,6927948,2026-09-16
M1707,6934316,2026-09-16
M1707,6934360,2026-09-16
M1707,6945828,2026-09-17
M1707,6948012,2026-09-29
M1707,6948180,2026-09-17
M1707,6963895,2026-09-17
M1707,6964849,2026-09-17
M1707,6966135,2026-09-17
M1707,6968541,2026-09-17
M1707,6971318,2026-09-18
M1707,6971521,2026-09-22
M1707,6986104,2026-09-29
M1707,6986755,2026-09-18
M1707,6987182,2026-09-18
M1707,6993283,2026-09-18
M1707,6993616,2026-09-18
M1707,6995561,2026-09-18
M1707,6995941,2026-09-18
M1707,6997247,2026-09-18
M1707,6997326,2026-09-18
M1707,7000469,2026-09-18
M1707,7006024,2026-09-18
M1707,7010388,2026-09-19
M1707,7010657,2026-09-19
M1707,7011966,2026-09-19
M1707,7031030,2026-09-19
M1707,7031293,2026-09-26
M1707,7034284,2026-09-19
M1707,7038772,2026-09-20
M1707,7039567,2026-09-20
M1707,7039622,2026-09-20
M1707,7039624,2026-09-20
M1707,7039667,2026-09-20
M1707,7039670,2026-09-20
M1707,7039706,2026-09-20
M1707,7039708,2026-09-20
M1707,7039724,2026-09-20
M1707,7039816,2026-09-29
M1707,7044094,2026-09-20
M1707,7047294,2026-09-21
M1707,7052511,2026-09-21
M1707,7052685,2026-09-21
M1707,7052853,2026-09-22
M1707,7053527,2026-09-21
M1707,7053539,2026-09-21
M1707,7054228,2026-09-21
M1707,7057165,2026-09-21
M1707,7057196,2026-09-21
M1707,7057199,2026-09-21
M1707,7057952,2026-09-21
M1707,7057984,2026-09-21
M1707,7058898,2026-09-21
M1707,7059723,2026-09-29
M1707,7060872,2026-09-21
M1707,7062607,2026-09-21
M1707,7063051,2026-09-21
M1707,7063071,2026-09-21
M1707,7063107,2026-09-21
M1707,7063165,2026-09-21
M1707,7063281,2026-09-21
M1707,7063332,2026-09-21
M1707,7063354,2026-09-21
M1707,7063444,2026-09-21
M1707,7066736,2026-09-21
M1707,7070496,2026-09-22
M1707,7071779,2026-09-22
M1707,7072744,2026-09-22
M1707,7072756,2026-09-22
M1707,7090540,2026-09-22
M1707,7090566,2026-09-22
M1707,7090573,2026-09-22
M1707,7093279,2026-09-29
M1707,7093518,2026-09-29
M1707,7093782,2026-09-22
M1707,7094984,2026-09-22
M1707,7096317,2026-09-22
M1707,7098662,2026-09-22
M1707,7099425,2026-09-22
M1707,7099674,2026-09-22
M1707,7100662,2026-09-22
M1707,7105167,2026-09-26
M1707,7105184,2026-09-23
M1707,7112145,2026-09-23
M1707,7112156,2026-09-23
M1707,7112435,2026-09-23
M1707,7113106,2026-09-23
M1707,7113274,2026-09-23
M1707,7114133,2026-09-23
M1707,7114229,2026-09-23
M1707,7114234,2026-09-23
M1707,7114294,2026-09-23
M1707,7114322,2026-09-26
M1707,7114647,2026-09-23
M1707,7114662,2026-09-23
M1707,7114663,2026-09-23
M1707,7116710,2026-09-23
M1707,7116722,2026-09-23
M1707,7132382,2026-09-23
M1707,7133875,2026-09-23
M1707,7134728,2026-09-23
M1707,7136789,2026-09-23
M1707,7148746,2026-09-23
M1707,7149173,2026-09-23
M1707,7151763,2026-09-23
M1707,7151805,2026-09-23
M1707,7152207,2026-09-24
M1707,7153459,2026-09-24
M1707,7153748,2026-09-24
M1707,7154665,2026-09-24
M1707,7154768,2026-09-24
M1707,7154887,2026-09-24
M1707,7155119,2026-09-24
M1707,7155256,2026-09-24
M1707,7155258,2026-09-24
M1707,7155259,2026-09-24
M1707,7155313,2026-09-24
M1707,7156039,2026-09-24
M1707,7158495,2026-09-24
M1707,7160379,2026-09-24
M1707,7162115,2026-09-29
M1707,7162151,2026-09-29
M1707,7162159,2026-09-29
M1707,7162874,2026-09-24
M1707,7163047,2026-09-24
M1707,7163061,2026-09-24
M1707,7163065,2026-09-24
M1707,7164253,2026-09-24
M1707,7164916,2026-09-24
M1707,7168266,2026-09-24
M1707,7168304,2026-09-24
M1707,7169615,2026-09-24
M1707,7349361,2026-09-25
M1707,7349615,2026-09-25
M1707,7349731,2026-09-25
M1707,7349928,2026-09-25
M1707,7352385,2026-09-29
M1707,7352652,2026-09-25
M1707,7352709,2026-09-25
M1707,7352809,2026-09-25
M1707,7352826,2026-09-25
M1707,7352837,2026-09-25
M1707,7354586,2026-09-29
M1707,7357489,2026-09-29
M1707,7362697,2026-09-25
M1707,7380839,2026-09-25
M1707,7380888,2026-09-25
M1707,7381020,2026-09-25
M1707,7381022,2026-09-25
M1707,7384438,2026-09-25
M1707,7384736,2026-09-25
M1707,7384803,2026-09-25
M1707,7386819,2026-09-25
M1707,7396143,2026-09-25
M1707,7396360,2026-09-25
M1707,7396700,2026-09-25
M1707,7397936,2026-09-25
M1707,7398110,2026-09-25
M1707,7398122,2026-09-25
M1707,7398548,2026-09-28
M1707,7402626,2026-09-26
M1707,7402752,2026-09-26
M1707,7403529,2026-09-26
M1707,7403567,2026-09-26
M1707,7403577,2026-09-26
M1707,7403670,2026-09-26
M1707,7403696,2026-09-26
M1707,7403970,2026-09-26
M1707,7405508,2026-09-26
M1707,7405886,2026-09-26
M1707,7405963,2026-09-26
M1707,7406076,2026-09-26
M1707,7406114,2026-09-26
M1707,7406122,2026-09-26
M1707,7422566,2026-09-26
M1707,7423614,2026-09-26
M1707,7425060,2026-09-26
M1707,7425072,2026-09-26
M1707,7425835,2026-09-26
M1707,7428120,2026-09-26
M1707,7429256,2026-09-26
M1707,7429523,2026-09-26
M1707,7431062,2026-09-28
M1707,7431934,2026-09-27
M1707,7437340,2026-09-27
M1707,7449433,2026-09-27
M1707,7449479,2026-09-27
M1707,7452636,2026-09-28
M1707,7453051,2026-09-28
M1707,7465112,2026-09-28
M1707,7465446,2026-09-28
M1707,7465448,2026-09-28
M1707,7465451,2026-09-28
M1707,7465461,2026-09-28
M1707,7465462,2026-09-28
M1707,7465463,2026-09-28
M1707,7465468,2026-09-28
M1707,7471137,2026-09-28
M1707,7471672,2026-09-28
M1707,7471790,2026-09-28
M1707,7471794,2026-09-28
M1707,7471807,2026-09-28
M1707,7473955,2026-09-29
M1707,7474246,2026-09-29
M1707,7475607,2026-09-29
M1707,7477675,2026-09-29
M1707,7477758,2026-09-29
M1707,7479966,2026-09-29
M1707,7488223,2026-09-29
M1715,1070665,2026-09-04
M1715,1764150,2026-09-15
M1715,1917683,2026-07-11
M1715,209MSSY,2026-09-25
M1715,209RFSS,2026-09-21
M1715,211PXZB,2026-09-07
M1715,213PVKY,2026-09-29
M1715,213RFKZ,2026-09-14
M1715,213WFLG,2026-09-14
M1715,213WJNL,2026-09-14
M1715,213ZSKK,2026-09-28
M1715,214DKCL,2026-09-21
M1715,214FNJL,2026-09-22
M1715,214KRPT,2026-09-29
M1715,214LFDY,2026-09-25
M1715,214NGXJ,2026-09-29
M1715,3176745,2026-09-28
M1715,3176748,2026-09-28
M1715,3441287,2026-09-28
M1715,3615368,2026-08-31
M1715,3650104,2026-08-06
M1715,3725996,2026-09-28
M1715,3732043,2026-07-07
M1715,3732045,2026-07-07
M1715,4110473,2026-07-07
M1715,4236672,2026-09-08
M1715,4526957,2026-07-03
M1715,4530716,2026-07-03
M1715,4605579,2026-08-06
M1715,4605640,2026-08-06
M1715,4605651,2026-08-06
M1715,4646890,2026-07-07
M1715,4646895,2026-07-07
M1715,4646927,2026-07-07
M1715,4646934,2026-07-07
M1715,4709981,2026-09-18
M1715,4710194,2026-07-26
M1715,4710279,2026-08-01
M1715,4818979,2026-08-24
M1715,5006669,2026-07-15
M1715,5083153,2026-07-17
M1715,5083169,2026-07-17
M1715,5083243,2026-07-17
M1715,5083263,2026-07-17
M1715,5123374,2026-08-10
M1715,5127768,2026-09-15
M1715,5146699,2026-07-19
M1715,5146723,2026-07-19
M1715,5158626,2026-07-20
M1715,5158631,2026-09-28
M1715,5392197,2026-09-01
M1715,5427329,2026-07-24
M1715,5458782,2026-09-27
M1715,5465352,2026-07-25
M1715,5478093,2026-07-29
M1715,5494019,2026-07-27
M1715,5494046,2026-07-27
M1715,5496342,2026-08-09
M1715,5509973,2026-07-28
M1715,5557647,2026-09-28
M1715,5557661,2026-09-28
M1715,5557675,2026-09-28
M1715,5590630,2026-07-30
M1715,5600160,2026-07-31
M1715,5600163,2026-07-31
M1715,5601236,2026-07-31
M1715,5622559,2026-07-31
M1715,5667925,2026-09-01
M1715,5667936,2026-08-01
M1715,5684017,2026-08-02
M1715,5702320,2026-09-06
M1715,5739790,2026-08-22
M1715,5822256,2026-08-07
M1715,5822291,2026-08-08
M1715,5868691,2026-09-08
M1715,5906037,2026-08-11
M1715,5961543,2026-08-13
M1715,5961547,2026-08-13
M1715,6026788,2026-09-07
M1715,6110730,2026-08-19
M1715,6145249,2026-08-20
M1715,6149186,2026-08-20
M1715,6173656,2026-08-21
M1715,6209697,2026-08-22
M1715,6230142,2026-09-25
M1715,6264660,2026-08-25
M1715,6264661,2026-08-25
M1715,6276515,2026-09-01
M1715,6277791,2026-08-25
M1715,6277814,2026-09-11
M1715,6277821,2026-09-11
M1715,6304835,2026-08-26
M1715,6304872,2026-09-28
M1715,6318572,2026-09-11
M1715,6342571,2026-09-28
M1715,6354671,2026-08-27
M1715,6354756,2026-09-11
M1715,6382315,2026-08-28
M1715,6421040,2026-08-29
M1715,6421062,2026-08-29
M1715,6436602,2026-08-30
M1715,6468447,2026-09-01
M1715,6495643,2026-09-28
M1715,6495841,2026-09-28
M1715,6495893,2026-09-28
M1715,6499090,2026-09-01
M1715,6499152,2026-09-09
M1715,6525544,2026-09-28
M1715,6534180,2026-09-08
M1715,6627654,2026-09-04
M1715,6627687,2026-09-28
M1715,6627700,2026-09-28
M1715,6627758,2026-09-28
M1715,6627806,2026-09-28
M1715,6627807,2026-09-28
M1715,6627822,2026-09-28
M1715,6627827,2026-09-28
M1715,6627852,2026-09-28
M1715,6628046,2026-09-28
M1715,6628129,2026-09-04
M1715,6628277,2026-09-04
M1715,6670463,2026-09-05
M1715,6670495,2026-09-05
M1715,6670514,2026-09-05
M1715,6682503,2026-09-06
M1715,6682527,2026-09-06
M1715,6727995,2026-09-28
M1715,6728028,2026-09-08
M1715,6741787,2026-09-09
M1715,6779063,2026-09-10
M1715,6779136,2026-09-10
M1715,6808264,2026-09-11
M1715,6863415,2026-09-14
M1715,6863438,2026-09-14
M1715,6863483,2026-09-14
M1715,6863535,2026-09-14
M1715,6863551,2026-09-14
M1715,6863567,2026-09-14
M1715,6863647,2026-09-14
M1715,6863693,2026-09-14
M1715,6863757,2026-09-14
M1715,6863759,2026-09-14
M1715,6863849,2026-09-14
M1715,6863863,2026-09-14
M1715,6863866,2026-09-14
M1715,6863901,2026-09-14
M1715,6863902,2026-09-14
M1715,6863937,2026-09-14
M1715,6863973,2026-09-14
M1715,6863982,2026-09-14
M1715,6863983,2026-09-14
M1715,6863986,2026-09-14
M1715,6863991,2026-09-14
M1715,6863995,2026-09-14
M1715,6864046,2026-09-14
M1715,6864061,2026-09-14
M1715,6864063,2026-09-14
M1715,6864064,2026-09-14
M1715,6864066,2026-09-14
M1715,6864070,2026-09-14
M1715,6864077,2026-09-14
M1715,6864079,2026-09-14
M1715,6864086,2026-09-14
M1715,6864089,2026-09-14
M1715,6864095,2026-09-14
M1715,6864096,2026-09-14
M1715,6864097,2026-09-14
M1715,6864098,2026-09-14
M1715,6864099,2026-09-14
M1715,6864101,2026-09-14
M1715,6864103,2026-09-14
M1715,6864104,2026-09-14
M1715,6864105,2026-09-14
M1715,6864107,2026-09-14
M1715,6864108,2026-09-14
M1715,6864111,2026-09-14
M1715,6864114,2026-09-14
M1715,6864115,2026-09-14
M1715,6864118,2026-09-14
M1715,6864122,2026-09-14
M1715,6864125,2026-09-14
M1715,6864130,2026-09-14
M1715,6864131,2026-09-14
M1715,6864133,2026-09-14
M1715,6864135,2026-09-14
M1715,6864139,2026-09-14
M1715,6864142,2026-09-14
M1715,6864145,2026-09-14
M1715,6864147,2026-09-14
M1715,6864149,2026-09-14
M1715,6864150,2026-09-14
M1715,6864154,2026-09-14
M1715,6864159,2026-09-14
M1715,6864160,2026-09-14
M1715,6864161,2026-09-14
M1715,6864162,2026-09-14
M1715,6864163,2026-09-14
M1715,6864164,2026-09-14
M1715,6864165,2026-09-14
M1715,6864166,2026-09-14
M1715,6864167,2026-09-14
M1715,6864168,2026-09-14
M1715,6864169,2026-09-14
M1715,6864172,2026-09-14
M1715,6864173,2026-09-14
M1715,6864176,2026-09-14
M1715,6864179,2026-09-14
M1715,6864180,2026-09-14
M1715,6864181,2026-09-14
M1715,6864183,2026-09-14
M1715,6864188,2026-09-14
M1715,6864192,2026-09-14
M1715,6864193,2026-09-14
M1715,6864194,2026-09-14
M1715,6864196,2026-09-14
M1715,6864198,2026-09-14
M1715,6864199,2026-09-14
M1715,6864200,2026-09-14
M1715,6864202,2026-09-14
M1715,6864209,2026-09-14
M1715,6864210,2026-09-14
M1715,6864212,2026-09-14
M1715,6864213,2026-09-14
M1715,6864216,2026-09-14
M1715,6864217,2026-09-14
M1715,6864219,2026-09-14
M1715,6864222,2026-09-14
M1715,6864225,2026-09-14
M1715,6864226,2026-09-14
M1715,6864227,2026-09-14
M1715,6864231,2026-09-14
M1715,6864233,2026-09-14
M1715,6864234,2026-09-14
M1715,6864235,2026-09-14
M1715,6864236,2026-09-14
M1715,6864237,2026-09-14
M1715,6864239,2026-09-14
M1715,6864241,2026-09-14
M1715,6864246,2026-09-14
M1715,6864247,2026-09-14
M1715,6864250,2026-09-14
M1715,6864252,2026-09-14
M1715,6864253,2026-09-14
M1715,6864255,2026-09-14
M1715,6864257,2026-09-14
M1715,6864259,2026-09-14
M1715,6864261,2026-09-14
M1715,6864262,2026-09-14
M1715,6864264,2026-09-14
M1715,6864269,2026-09-14
M1715,6864270,2026-09-14
M1715,6864271,2026-09-14
M1715,6864272,2026-09-14
M1715,6864278,2026-09-14
M1715,6864282,2026-09-14
M1715,6864285,2026-09-14
M1715,6864286,2026-09-14
M1715,6864287,2026-09-14
M1715,6864288,2026-09-14
M1715,6864290,2026-09-14
M1715,6864291,2026-09-14
M1715,6864293,2026-09-14
M1715,6864298,2026-09-14
M1715,6864304,2026-09-14
M1715,6864305,2026-09-14
M1715,6864306,2026-09-14
M1715,6864312,2026-09-14
M1715,6864313,2026-09-14
M1715,6864314,2026-09-14
M1715,6864316,2026-09-14
M1715,6864322,2026-09-14
M1715,6864325,2026-09-14
M1715,6864327,2026-09-14
M1715,6864328,2026-09-14
M1715,6864330,2026-09-14
M1715,6864332,2026-09-14
M1715,6864337,2026-09-14
M1715,6864341,2026-09-14
M1715,6864344,2026-09-14
M1715,6864349,2026-09-14
M1715,6864350,2026-09-14
M1715,6864355,2026-09-14
M1715,6864358,2026-09-14
M1715,6864359,2026-09-14
M1715,6864363,2026-09-14
M1715,6864364,2026-09-14
M1715,6864372,2026-09-14
M1715,6864374,2026-09-14
M1715,6864376,2026-09-14
M1715,6864381,2026-09-14
M1715,6864382,2026-09-14
M1715,6864386,2026-09-14
M1715,6864390,2026-09-14
M1715,6864391,2026-09-14
M1715,6864392,2026-09-14
M1715,6864399,2026-09-14
M1715,6864400,2026-09-14
M1715,6864407,2026-09-14
M1715,6864408,2026-09-14
M1715,6864409,2026-09-14
M1715,6864415,2026-09-14
M1715,6864417,2026-09-14
M1715,6864419,2026-09-14
M1715,6864423,2026-09-14
M1715,6864428,2026-09-14
M1715,6864436,2026-09-14
M1715,6864438,2026-09-14
M1715,6864441,2026-09-14
M1715,6864444,2026-09-14
M1715,6864445,2026-09-14
M1715,6864446,2026-09-14
M1715,6864448,2026-09-14
M1715,6864451,2026-09-14
M1715,6864453,2026-09-14
M1715,6864455,2026-09-14
M1715,6864457,2026-09-14
M1715,6864462,2026-09-14
M1715,6864463,2026-09-14
M1715,6864466,2026-09-14
M1715,6864469,2026-09-14
M1715,6864470,2026-09-14
M1715,6864471,2026-09-14
M1715,6864472,2026-09-14
M1715,6864474,2026-09-14
M1715,6864483,2026-09-14
M1715,6864484,2026-09-14
M1715,6864486,2026-09-14
M1715,6864489,2026-09-14
M1715,6864490,2026-09-14
M1715,6864492,2026-09-14
M1715,6864494,2026-09-14
M1715,6864499,2026-09-14
M1715,6864501,2026-09-14
M1715,6864502,2026-09-14
M1715,6864503,2026-09-14
M1715,6864506,2026-09-14
M1715,6864508,2026-09-14
M1715,6864510,2026-09-14
M1715,6864515,2026-09-14
M1715,6864517,2026-09-14
M1715,6864520,2026-09-14
M1715,6864521,2026-09-14
M1715,6864525,2026-09-14
M1715,6864527,2026-09-14
M1715,6864529,2026-09-14
M1715,6864533,2026-09-14
M1715,6864535,2026-09-14
M1715,6864538,2026-09-14
M1715,6864542,2026-09-14
M1715,6864543,2026-09-14
M1715,6864544,2026-09-14
M1715,6864547,2026-09-14
M1715,6864548,2026-09-14
M1715,6864549,2026-09-14
M1715,6864552,2026-09-14
M1715,6864555,2026-09-14
M1715,6864556,2026-09-14
M1715,6864559,2026-09-14
M1715,6864560,2026-09-14
M1715,6864561,2026-09-14
M1715,6864563,2026-09-14
M1715,6864564,2026-09-14
M1715,6864565,2026-09-14
M1715,6864566,2026-09-14
M1715,6864567,2026-09-14
M1715,6864568,2026-09-14
M1715,6864571,2026-09-14
M1715,6864574,2026-09-14
M1715,6864577,2026-09-14
M1715,6864578,2026-09-14
M1715,6864580,2026-09-14
M1715,6864584,2026-09-14
M1715,6864588,2026-09-14
M1715,6864592,2026-09-14
M1715,6864594,2026-09-14
M1715,6864602,2026-09-14
M1715,6864603,2026-09-14
M1715,6864604,2026-09-14
M1715,6864606,2026-09-14
M1715,6864611,2026-09-14
M1715,6864612,2026-09-14
M1715,6864618,2026-09-14
M1715,6864622,2026-09-14
M1715,6864625,2026-09-14
M1715,6864627,2026-09-14
M1715,6864629,2026-09-14
M1715,6864634,2026-09-14
M1715,6864639,2026-09-14
M1715,6864645,2026-09-14
M1715,6864647,2026-09-14
M1715,6864649,2026-09-14
M1715,6864656,2026-09-14
M1715,6864660,2026-09-14
M1715,6864662,2026-09-14
M1715,6864666,2026-09-14
M1715,6864669,2026-09-14
M1715,6864671,2026-09-14
M1715,6864673,2026-09-14
M1715,6864676,2026-09-14
M1715,6864677,2026-09-14
M1715,6864679,2026-09-14
M1715,6864681,2026-09-14
M1715,6864684,2026-09-14
M1715,6864685,2026-09-14
M1715,6864689,2026-09-14
M1715,6864694,2026-09-14
M1715,6864699,2026-09-14
M1715,6864700,2026-09-14
M1715,6864701,2026-09-14
M1715,6864703,2026-09-14
M1715,6864704,2026-09-14
M1715,6864706,2026-09-14
M1715,6864708,2026-09-14
M1715,6864712,2026-09-14
M1715,6864715,2026-09-14
M1715,6864717,2026-09-14
M1715,6883062,2026-09-15
M1715,6884487,2026-09-29
M1715,6910669,2026-09-22
M1715,6968563,2026-09-17
M1715,6986061,2026-09-18
M1715,6986353,2026-09-18
M1715,7005990,2026-09-18
M1715,7010625,2026-09-19
M1715,7010851,2026-09-27
M1715,7010854,2026-09-27
M1715,7010858,2026-09-27
M1715,7010860,2026-09-27
M1715,7013246,2026-09-19
M1715,7015593,2026-09-19
M1715,7046258,2026-09-21
M1715,7053454,2026-09-21
M1715,7053458,2026-09-21
M1715,7053464,2026-09-21
M1715,7053473,2026-09-21
M1715,7053477,2026-09-21
M1715,7053479,2026-09-21
M1715,7053519,2026-09-21
M1715,7053541,2026-09-21
M1715,7053549,2026-09-21
M1715,7053747,2026-09-21
M1715,7053749,2026-09-21
M1715,7053757,2026-09-21
M1715,7053760,2026-09-21
M1715,7053764,2026-09-21
M1715,7053766,2026-09-21
M1715,7053767,2026-09-21
M1715,7053791,2026-09-21
M1715,7053794,2026-09-21
M1715,7054543,2026-09-21
M1715,7060637,2026-09-21
M1715,7068534,2026-09-22
M1715,7070049,2026-09-22
M1715,7074764,2026-09-22
M1715,7074773,2026-09-22
M1715,7074774,2026-09-22
M1715,7074788,2026-09-22
M1715,7074789,2026-09-22
M1715,7112175,2026-09-29
M1715,7112298,2026-09-23
M1715,7113406,2026-09-23
M1715,7117828,2026-09-23
M1715,7117830,2026-09-23
M1715,7117831,2026-09-23
M1715,7117832,2026-09-23
M1715,7117836,2026-09-23
M1715,7117838,2026-09-23
M1715,7117842,2026-09-23
M1715,7117844,2026-09-23
M1715,7117847,2026-09-23
M1715,7117850,2026-09-23
M1715,7117857,2026-09-23
M1715,7149599,2026-09-23
M1715,7155015,2026-09-24
M1715,7155336,2026-09-24
M1715,7155473,2026-09-24
M1715,7164073,2026-09-24
M1715,7349554,2026-09-25
M1715,7349569,2026-09-25
M1715,7385746,2026-09-25
M1715,7402969,2026-09-26
M1715,7403175,2026-09-26
M1715,7404336,2026-09-26
M1715,7404399,2026-09-26
M1715,7404649,2026-09-26
M1715,7428726,2026-09-26
M1715,7431916,2026-09-27
M1715,7435643,2026-09-27
M1715,7449371,2026-09-27
M1715,7449475,2026-09-27
M1715,7449510,2026-09-27
M1715,7453551,2026-09-28
M1715,7462465,2026-09-28
M1715,7462783,2026-09-28
M1715,7464031,2026-09-28
M1715,7467440,2026-09-28
M1715,7467518,2026-09-28
M1715,7467531,2026-09-28
M1715,7467541,2026-09-28
M1715,7467587,2026-09-28
M1715,7467596,2026-09-28
M1715,7467619,2026-09-28
M1715,7467631,2026-09-28
M1715,7467637,2026-09-28
M1715,7467690,2026-09-28
M1715,7467693,2026-09-28
M1715,7467697,2026-09-28
M1715,7467700,2026-09-28
M1715,7467702,2026-09-28
M1715,7467704,2026-09-28
M1715,7467711,2026-09-28
M1715,7467734,2026-09-28
M1715,7467738,2026-09-28
M1715,7467747,2026-09-28
M1715,7467748,2026-09-28
M1715,7467785,2026-09-28
M1715,7467793,2026-09-28
M1715,7467834,2026-09-28
M1715,7467867,2026-09-28
M1715,7467872,2026-09-28
M1715,7467874,2026-09-28
M1715,7467880,2026-09-28
M1715,7467918,2026-09-28
M1715,7467930,2026-09-28
M1715,7467931,2026-09-28
M1715,7467932,2026-09-28
M1715,7467936,2026-09-28
M1715,7467939,2026-09-28
M1715,7467952,2026-09-28
M1715,7467975,2026-09-28
M1715,7467977,2026-09-28
M1715,7468009,2026-09-28
M1715,7468020,2026-09-28
M1715,7468052,2026-09-28
M1715,7471310,2026-09-28
M1715,7477093,2026-09-29
M1715,7477189,2026-09-29
M1715,7488436,2026-09-29
N1201,209XCVG,2026-09-09
N1201,210BLLG,2026-07-17
N1201,210MPWQ,2026-09-08
N1201,210PDYM,2026-09-15
N1201,210PGPS,2026-09-15
N1201,211RNVY,2026-09-25
N1201,211RRNG,2026-09-17
N1201,212DDSM,2026-09-29
N1201,212HKXQ,2026-09-17
N1201,212JBWR,2026-09-18
N1201,212SRXL,2026-09-29
N1201,212SVNT,2026-09-29
N1201,212WBPD,2026-09-21
N1201,212ZSCF,2026-09-28
N1201,213JZLF,2026-09-25
N1201,213KJLY,2026-09-22
N1201,213KSHN,2026-09-15
N1201,213LFFP,2026-09-28
N1201,213LGVT,2026-09-09
N1201,213LGYL,2026-09-28
N1201,213MCSJ,2026-09-23
N1201,213MWQV,2026-09-23
N1201,213NKMG,2026-09-24
N1201,213PKLV,2026-09-24
N1201,213PKXJ,2026-09-28
N1201,213PPZF,2026-09-24
N1201,213PZNN,2026-09-22
N1201,213QRJT,2026-09-25
N1201,213RBYP,2026-09-23
N1201,213RSVJ,2026-09-26
N1201,213SWMX,2026-09-27
N1201,213SXBV,2026-09-27
N1201,213TVDS,2026-09-28
N1201,213TXXP,2026-09-14
N1201,213TZJT,2026-09-14
N1201,213WBGL,2026-09-15
N1201,213WFWH,2026-09-21
N1201,213XWRS,2026-09-16
N1201,213YLVP,2026-09-16
N1201,213YVLJ,2026-09-28
N1201,213ZCPP,2026-09-17
N1201,213ZKRG,2026-09-17
N1201,213ZLHY,2026-09-17
N1201,213ZZZD,2026-09-28
N1201,214BGNT,2026-09-18
N1201,214BGQR,2026-09-17
N1201,214CZFS,2026-09-21
N1201,214DPHT,2026-09-21
N1201,214DQRB,2026-09-22
N1201,214FDXP,2026-09-21
N1201,214FKPV,2026-09-22
N1201,214FMJN,2026-09-29
N1201,214FWHD,2026-09-22
N1201,214FXGJ,2026-09-23
N1201,214GRXN,2026-09-23
N1201,214GVYN,2026-09-28
N1201,214HBML,2026-09-28
N1201,214HJTM,2026-09-23
N1201,214HPLY,2026-09-23
N1201,214KBPP,2026-09-28
N1201,214KCKG,2026-09-24
N1201,214KDTJ,2026-09-29
N1201,214KXWR,2026-09-25
N1201,214LBGH,2026-09-25
N1201,214LSXD,2026-09-28
N1201,214LVFY,2026-09-28
N1201,214LXYT,2026-09-28
N1201,214MBBV,2026-09-28
N1201,214MHVL,2026-09-28
N1201,214NJBW,2026-09-29
N1201,2405160,2026-09-28
N1201,2427324,2026-07-07
N1201,3135705,2026-07-22
N1201,3351314,2026-08-01
N1201,4591948,2026-07-06
N1201,4645008,2026-09-28
N1201,5054269,2026-08-31
N1201,5113507,2026-09-01
N1201,5356521,2026-08-05
N1201,5392409,2026-08-18
N1201,5392486,2026-07-23
N1201,5435540,2026-09-23
N1201,5435693,2026-09-18
N1201,5714488,2026-09-15
N1201,5729848,2026-08-05
N1201,5909197,2026-08-11
N1201,6017489,2026-08-15
N1201,6079835,2026-08-18
N1201,6086180,2026-08-18
N1201,6182593,2026-09-15
N1201,6263536,2026-09-15
N1201,6357389,2026-09-26
N1201,6445530,2026-08-31
N1201,6466510,2026-08-31
N1201,6474292,2026-09-24
N1201,6474348,2026-09-24
N1201,6475836,2026-09-29
N1201,6478500,2026-09-01
N1201,6478503,2026-09-08
N1201,6500152,2026-09-01
N1201,6503513,2026-09-25
N1201,6520315,2026-09-02
N1201,6533054,2026-09-02
N1201,6568856,2026-09-03
N1201,6590070,2026-09-03
N1201,6637013,2026-09-04
N1201,6639199,2026-09-28
N1201,6640774,2026-09-28
N1201,6641769,2026-09-28
N1201,6683405,2026-09-06
N1201,6736404,2026-09-23
N1201,6738167,2026-09-08
N1201,6738524,2026-09-09
N1201,6743376,2026-09-21
N1201,6743519,2026-09-21
N1201,6768220,2026-09-09
N1201,6772702,2026-09-09
N1201,6779514,2026-09-22
N1201,6779856,2026-09-10
N1201,6780217,2026-09-10
N1201,6782114,2026-09-10
N1201,6798614,2026-09-11
N1201,6799909,2026-09-10
N1201,6811104,2026-09-11
N1201,6827470,2026-09-11
N1201,6857296,2026-09-13
N1201,6893622,2026-09-15
N1201,6894727,2026-09-15
N1201,6895401,2026-09-23
N1201,6929607,2026-09-16
N1201,6947093,2026-09-29
N1201,6968924,2026-09-23
N1201,6968926,2026-09-23
N1201,6969643,2026-09-18
N1201,6987763,2026-09-18
N1201,6992524,2026-09-18
N1201,6994055,2026-09-18
N1201,6994631,2026-09-18
N1201,6994767,2026-09-18
N1201,7014051,2026-09-19
N1201,7016037,2026-09-19
N1201,7033375,2026-09-19
N1201,7054373,2026-09-21
N1201,7054896,2026-09-21
N1201,7058190,2026-09-21
N1201,7060836,2026-09-21
N1201,7061776,2026-09-21
N1201,7072753,2026-09-22
N1201,7090612,2026-09-22
N1201,7092747,2026-09-22
N1201,7096613,2026-09-22
N1201,7103321,2026-09-23
N1201,7110843,2026-09-23
N1201,7111829,2026-09-23
N1201,7117486,2026-09-23
N1201,7136188,2026-09-23
N1201,7137613,2026-09-23
N1201,7154352,2026-09-24
N1201,7154608,2026-09-24
N1201,7164816,2026-09-24
N1201,7166806,2026-09-24
N1201,7168222,2026-09-24
N1201,7169561,2026-09-24
N1201,7348635,2026-09-25
N1201,7351911,2026-09-25
N1201,7352271,2026-09-25
N1201,7362631,2026-09-25
N1201,7385774,2026-09-25
N1201,7387344,2026-09-25
N1201,7394944,2026-09-25
N1201,7404617,2026-09-26
N1201,7404693,2026-09-26
N1201,7404716,2026-09-26
N1201,7404717,2026-09-26
N1201,7405265,2026-09-26
N1201,7407073,2026-09-26
N1201,7420713,2026-09-26
N1201,7423618,2026-09-26
N1201,7424320,2026-09-26
N1201,7425832,2026-09-26
N1201,7427728,2026-09-26
N1201,7427820,2026-09-26
N1201,7428538,2026-09-26
N1201,7433090,2026-09-27
N1201,7449293,2026-09-27
N1201,7453440,2026-09-28
N1201,7463042,2026-09-28
N1201,7464135,2026-09-28
N1201,7471178,2026-09-28
N1201,7472311,2026-09-28
N1201,7475385,2026-09-29
N1201,7477353,2026-09-29
N1201,7477832,2026-09-29
N1201,7477923,2026-09-29
N1201,7478641,2026-09-29
N1202,1830616,2026-09-15
N1202,1927527,2026-09-22
N1202,210WDKT,2026-09-11
N1202,210WKSP,2026-09-25
N1202,211VZDX,2026-09-18
N1202,211WQXR,2026-09-14
N1202,212FKQH,2026-09-29
N1202,212LSPH,2026-09-21
N1202,213HDCL,2026-09-28
N1202,213JDGX,2026-09-28
N1202,213JWSM,2026-09-14
N1202,213LLKM,2026-09-28
N1202,213MMWG,2026-09-29
N1202,213MVZJ,2026-09-23
N1202,213NQMN,2026-09-11
N1202,213NYGJ,2026-09-24
N1202,213PYCV,2026-09-27
N1202,213WRLL,2026-09-15
N1202,213YTWD,2026-09-18
N1202,214BDGT,2026-09-18
N1202,214BHFL,2026-09-18
N1202,214DYQJ,2026-09-22
N1202,214FNBG,2026-09-22
N1202,214GDPY,2026-09-23
N1202,214GTZH,2026-09-23
N1202,214GVJX,2026-09-23
N1202,214HZWC,2026-09-24
N1202,214JBBV,2026-09-24
N1202,214KDFY,2026-09-25
N1202,214KQMC,2026-09-25
N1202,214LBYL,2026-09-28
N1202,214MCVK,2026-09-28
N1202,214MKKG,2026-09-28
N1202,214MYWH,2026-09-29
N1202,214NBDR,2026-09-29
N1202,214NDTX,2026-09-29
N1202,3073761,2026-09-15
N1202,4495164,2026-09-28
N1202,4523810,2026-07-03
N1202,4790432,2026-09-21
N1202,5069378,2026-07-17
N1202,5139786,2026-07-19
N1202,5379809,2026-09-25
N1202,5392464,2026-07-23
N1202,5419906,2026-09-26
N1202,5501562,2026-09-24
N1202,5587038,2026-07-30
N1202,5692819,2026-08-04
N1202,5716439,2026-09-10
N1202,5716466,2026-09-10
N1202,5716501,2026-08-31
N1202,5716504,2026-08-31
N1202,5815841,2026-09-08
N1202,5832027,2026-09-29
N1202,5836064,2026-09-21
N1202,5929960,2026-09-21
N1202,5929973,2026-09-21
N1202,5953740,2026-09-21
N1202,6002293,2026-08-14
N1202,6043524,2026-08-17
N1202,6104877,2026-09-21
N1202,6121240,2026-09-18
N1202,6148318,2026-08-20
N1202,6148394,2026-08-20
N1202,6206271,2026-08-22
N1202,6235728,2026-09-08
N1202,6338203,2026-09-28
N1202,6338207,2026-09-28
N1202,6339879,2026-09-15
N1202,6339899,2026-09-15
N1202,6394594,2026-08-28
N1202,6414041,2026-08-29
N1202,6414901,2026-08-29
N1202,6414926,2026-08-29
N1202,6458594,2026-08-31
N1202,6492346,2026-09-01
N1202,6492571,2026-09-01
N1202,6492606,2026-09-01
N1202,6500190,2026-09-01
N1202,6500676,2026-09-02
N1202,6503622,2026-09-25
N1202,6517453,2026-09-02
N1202,6517487,2026-09-02
N1202,6517491,2026-09-02
N1202,6517494,2026-09-02
N1202,6517496,2026-09-02
N1202,6517512,2026-09-02
N1202,6534740,2026-09-03
N1202,6543914,2026-09-03
N1202,6576412,2026-09-03
N1202,6588844,2026-09-03
N1202,6589100,2026-09-03
N1202,6591346,2026-09-04
N1202,6593382,2026-09-27
N1202,6662439,2026-09-05
N1202,6672877,2026-09-05
N1202,6692671,2026-09-07
N1202,6730091,2026-09-08
N1202,6732597,2026-09-08
N1202,6742586,2026-09-21
N1202,6763060,2026-09-24
N1202,6763185,2026-09-09
N1202,6776402,2026-09-09
N1202,6780831,2026-09-15
N1202,6803222,2026-09-10
N1202,6804555,2026-09-10
N1202,6827869,2026-09-11
N1202,6828728,2026-09-11
N1202,6830215,2026-09-11
N1202,6830219,2026-09-11
N1202,6830249,2026-09-11
N1202,6858940,2026-09-13
N1202,6858943,2026-09-13
N1202,6865280,2026-09-14
N1202,6895388,2026-09-23
N1202,6898415,2026-09-15
N1202,6908292,2026-09-16
N1202,6908397,2026-09-16
N1202,6930255,2026-09-16
N1202,6933560,2026-09-16
N1202,6937184,2026-09-17
N1202,6943645,2026-09-17
N1202,6948386,2026-09-17
N1202,6994727,2026-09-18
N1202,6994784,2026-09-18
N1202,6995547,2026-09-18
N1202,6997259,2026-09-18
N1202,6997304,2026-09-18
N1202,6997339,2026-09-18
N1202,7005171,2026-09-18
N1202,7005471,2026-09-18
N1202,7005525,2026-09-18
N1202,7005533,2026-09-18
N1202,7010228,2026-09-19
N1202,7015213,2026-09-19
N1202,7054484,2026-09-21
N1202,7054660,2026-09-21
N1202,7054975,2026-09-21
N1202,7054978,2026-09-21
N1202,7054991,2026-09-21
N1202,7055008,2026-09-21
N1202,7058102,2026-09-21
N1202,7060628,2026-09-21
N1202,7060912,2026-09-21
N1202,7061038,2026-09-21
N1202,7061041,2026-09-21
N1202,7061085,2026-09-21
N1202,7072192,2026-09-22
N1202,7091350,2026-09-22
N1202,7092838,2026-09-22
N1202,7100798,2026-09-22
N1202,7112461,2026-09-23
N1202,7112914,2026-09-23
N1202,7124572,2026-09-23
N1202,7125907,2026-09-23
N1202,7136006,2026-09-23
N1202,7149001,2026-09-23
N1202,7149370,2026-09-23
N1202,7152237,2026-09-24
N1202,7153658,2026-09-24
N1202,7349724,2026-09-25
N1202,7349866,2026-09-25
N1202,7350001,2026-09-25
N1202,7362931,2026-09-25
N1202,7362935,2026-09-25
N1202,7381208,2026-09-25
N1202,7400808,2026-09-26
N1202,7404883,2026-09-26
N1202,7408027,2026-09-26
N1202,7408146,2026-09-26
N1202,7408164,2026-09-26
N1202,7424801,2026-09-26
N1202,7424807,2026-09-26
N1202,7430278,2026-09-26
N1202,7437092,2026-09-27
N1202,7437368,2026-09-27
N1202,7461427,2026-09-28
N1202,7479554,2026-09-29
N1202,7479567,2026-09-29
N1202,7479568,2026-09-29
N1202,7479750,2026-09-29
N1202,7479752,2026-09-29
N1202,7479808,2026-09-29
N1203,210NGLJ,2026-09-07
N1203,210NGNN,2026-09-07
N1203,211ZBJW,2026-09-22
N1203,212LVYS,2026-09-22
N1203,213BMYM,2026-09-15
N1203,213BNBC,2026-09-15
N1203,213LLGY,2026-09-20
N1203,213MSNT,2026-09-23
N1203,213PYVK,2026-09-10
N1203,213SGDK,2026-09-26
N1203,213TNZT,2026-09-27
N1203,213WKGK,2026-09-14
N1203,213ZBRM,2026-09-18
N1203,214GGRN,2026-09-22
N1203,214JFDC,2026-09-24
N1203,214JGPS,2026-09-24
N1203,214JKDK,2026-09-24
N1203,214JMXX,2026-09-25
N1203,214LPVS,2026-09-28
N1203,214MJSP,2026-09-29
N1203,2293344,2026-09-27
N1203,3553072,2026-09-01
N1203,3830053,2026-09-18
N1203,3863197,2026-08-26
N1203,3883771,2026-07-22
N1203,4303973,2026-09-11
N1203,4316603,2026-07-25
N1203,4320455,2026-09-15
N1203,4397756,2026-09-23
N1203,4591353,2026-07-06
N1203,4606231,2026-07-06
N1203,4631339,2026-07-07
N1203,4708609,2026-08-05
N1203,4708636,2026-08-05
N1203,4708639,2026-08-05
N1203,4708653,2026-08-05
N1203,4708654,2026-08-05
N1203,4708655,2026-08-05
N1203,4708657,2026-08-05
N1203,4708658,2026-08-05
N1203,4708659,2026-08-05
N1203,4708676,2026-08-05
N1203,4708786,2026-08-05
N1203,4717635,2026-07-25
N1203,4776682,2026-08-05
N1203,4887385,2026-09-08
N1203,4932930,2026-08-05
N1203,4935149,2026-09-10
N1203,4935165,2026-09-10
N1203,4935240,2026-09-10
N1203,5170473,2026-09-02
N1203,5392320,2026-07-28
N1203,5438871,2026-09-08
N1203,5458965,2026-09-27
N1203,5472003,2026-09-22
N1203,5672297,2026-08-08
N1203,5705968,2026-09-09
N1203,5879874,2026-08-10
N1203,5939675,2026-09-21
N1203,6276919,2026-08-25
N1203,6377502,2026-08-28
N1203,6393852,2026-08-28
N1203,6533400,2026-09-02
N1203,6589041,2026-09-03
N1203,6589119,2026-09-03
N1203,6620377,2026-09-04
N1203,6645625,2026-09-05
N1203,6662415,2026-09-05
N1203,6723155,2026-09-21
N1203,6731191,2026-09-11
N1203,6775185,2026-09-23
N1203,6775206,2026-09-09
N1203,6782236,2026-09-11
N1203,6782246,2026-09-11
N1203,6826109,2026-09-11
N1203,6831597,2026-09-12
N1203,6892263,2026-09-27
N1203,7006785,2026-09-24
N1203,7033373,2026-09-19
N1203,7058100,2026-09-21
N1203,7058259,2026-09-21
N1203,7060602,2026-09-21
N1203,7060608,2026-09-21
N1203,7072729,2026-09-22
N1203,7104558,2026-09-23
N1203,7151127,2026-09-28
N1203,7345406,2026-09-24
N1203,7357264,2026-09-29
N1203,7380197,2026-09-25
N1203,7384624,2026-09-25
N1203,7396615,2026-09-25
N1203,7435884,2026-09-27
N1203,7437241,2026-09-27
N1203,7437275,2026-09-27
N1203,7437364,2026-09-27
N1203,7456830,2026-09-28
N1204,211XLRV,2026-09-15
N1204,213NJLR,2026-09-28
N1204,213XRMQ,2026-09-23
N1204,214BWXD,2026-09-28
N1204,214CPVT,2026-09-25
N1204,214MBDW,2026-09-28
N1204,3106495,2026-09-28
N1204,4298796,2026-08-31
N1204,4882664,2026-07-11
N1204,6500524,2026-09-02
N1204,6534425,2026-09-03
N1204,6634846,2026-09-04
N1204,6775133,2026-09-09
N1204,6803231,2026-09-10
N1204,7152380,2026-09-24
N1204,7153755,2026-09-24
N1204,7158422,2026-09-24
N1204,7346429,2026-09-24
N1204,7346773,2026-09-25
N1204,7394903,2026-09-25
N1204,7467362,2026-09-28
N1205,4520071,2026-07-22
N1205,6275930,2026-09-27
N1205,6352422,2026-09-21
N1205,6441387,2026-09-24
N1205,6588789,2026-09-26
N1205,6727759,2026-09-08
N1205,6965823,2026-09-17
N1205,7394924,2026-09-25
N1301,1381715,2026-09-26
N1301,1831234,2026-09-18
N1301,208LMZG,2026-09-25
N1301,209QGYF,2026-08-31
N1301,209SZDC,2026-09-16
N1301,209THND,2026-09-16
N1301,209WQYW,2026-09-18
N1301,210BQCY,2026-09-18
N1301,210GHMF,2026-09-28
N1301,210TKXR,2026-08-31
N1301,211FLVR,2026-09-22
N1301,211HVFD,2026-09-25
N1301,211MMPQ,2026-09-28
N1301,211QNCT,2026-09-25
N1301,211QQMJ,2026-09-25
N1301,211TQDG,2026-09-04
N1301,211XPZZ,2026-09-09
N1301,212BNKB,2026-09-22
N1301,212DYLD,2026-09-28
N1301,212FVLV,2026-08-31
N1301,212JSMG,2026-09-10
N1301,212MYHJ,2026-09-18
N1301,212NDVF,2026-09-18
N1301,212NDXK,2026-09-17
N1301,212PJLF,2026-09-23
N1301,212PVJN,2026-09-15
N1301,212RXHM,2026-09-22
N1301,212SDHH,2026-09-10
N1301,212VYRJ,2026-09-22
N1301,212VYTB,2026-09-22
N1301,212XQHW,2026-09-25
N1301,212ZLSV,2026-09-10
N1301,212ZPMH,2026-09-15
N1301,213CRGQ,2026-09-28
N1301,213DWNY,2026-09-17
N1301,213FSWW,2026-09-11
N1301,213GGNS,2026-09-21
N1301,213HHJL,2026-09-23
N1301,213HHMT,2026-09-28
N1301,213HPWK,2026-09-18
N1301,213JTSF,2026-09-04
N1301,213JVYC,2026-09-25
N1301,213KDVX,2026-09-04
N1301,213LFHF,2026-09-24
N1301,213LKCW,2026-09-07
N1301,213LKKR,2026-09-20
N1301,213LXYZ,2026-09-10
N1301,213MCNT,2026-09-29
N1301,213MKHQ,2026-09-23
N1301,213MRDQ,2026-09-23
N1301,213MYSB,2026-09-08
N1301,213NRWS,2026-09-28
N1301,213NSHD,2026-09-24
N1301,213PDCB,2026-09-25
N1301,213PGQS,2026-09-08
N1301,213PMJX,2026-09-21
N1301,213QBFV,2026-09-14
N1301,213QDMK,2026-09-25
N1301,213QDQR,2026-09-25
N1301,213QKGR,2026-09-25
N1301,213QLSL,2026-09-09
N1301,213QRWL,2026-09-25
N1301,213QSKS,2026-09-25
N1301,213QTWR,2026-09-25
N1301,213QWCR,2026-09-24
N1301,213QXRP,2026-09-29
N1301,213RJSB,2026-09-26
N1301,213RKKB,2026-09-10
N1301,213RLBR,2026-09-26
N1301,213RLXQ,2026-09-10
N1301,213RQCK,2026-09-10
N1301,213RTBX,2026-09-26
N1301,213SDLM,2026-09-26
N1301,213SHPK,2026-09-11
N1301,213SJQS,2026-09-26
N1301,213SLJG,2026-09-27
N1301,213SMMF,2026-09-27
N1301,213SQNL,2026-09-25
N1301,213SQNV,2026-09-27
N1301,213SVHZ,2026-09-11
N1301,213SZSQ,2026-09-27
N1301,213THLJ,2026-09-14
N1301,213TNLK,2026-09-28
N1301,213TNWM,2026-09-27
N1301,213TPRF,2026-09-27
N1301,213TVJK,2026-09-17
N1301,213VNCW,2026-09-14
N1301,213VPKD,2026-09-25
N1301,213VVXH,2026-09-27
N1301,213VYFP,2026-09-27
N1301,213WDKQ,2026-09-23
N1301,213WFXW,2026-09-16
N1301,213WGHT,2026-09-27
N1301,213WNYG,2026-09-28
N1301,213WPHF,2026-09-28
N1301,213WQNJ,2026-09-15
N1301,213WQZZ,2026-09-15
N1301,213WTQB,2026-09-15
N1301,213WTTD,2026-09-15
N1301,213WVBB,2026-09-25
N1301,213WVPB,2026-09-15
N1301,213WXWP,2026-09-15
N1301,213XBHY,2026-09-16
N1301,213XMSS,2026-09-22
N1301,213XSCJ,2026-09-15
N1301,213XXQX,2026-09-16
N1301,213XXWQ,2026-09-25
N1301,213XYRK,2026-09-16
N1301,213XZTZ,2026-09-16
N1301,213ZJNJ,2026-09-23
N1301,213ZQYK,2026-09-17
N1301,213ZRNM,2026-09-28
N1301,213ZTSZ,2026-09-25
N1301,213ZVZY,2026-09-18
N1301,213ZXNL,2026-09-21
N1301,213ZYFR,2026-09-18
N1301,214BDLB,2026-09-18
N1301,214BNZN,2026-09-25
N1301,214BRPH,2026-09-18
N1301,214BYPS,2026-09-18
N1301,214CJQB,2026-09-29
N1301,214CQXG,2026-09-21
N1301,214DFZY,2026-09-21
N1301,214DNJJ,2026-09-21
N1301,214DNMH,2026-09-22
N1301,214DQPT,2026-09-23
N1301,214DRCT,2026-09-26
N1301,214DZTD,2026-09-22
N1301,214DZWV,2026-09-23
N1301,214FHJV,2026-09-22
N1301,214FKTM,2026-09-22
N1301,214FLPS,2026-09-24
N1301,214FMXB,2026-09-23
N1301,214FNGZ,2026-09-24
N1301,214FZWV,2026-09-23
N1301,214GKBH,2026-09-23
N1301,214GPZS,2026-09-24
N1301,214GQNY,2026-09-23
N1301,214GRYQ,2026-09-23
N1301,214GWXZ,2026-09-23
N1301,214HBFW,2026-09-24
N1301,214HBZR,2026-09-23
N1301,214HCQS,2026-09-23
N1301,214HGNW,2026-09-28
N1301,214HJBC,2026-09-23
N1301,214HJFZ,2026-09-23
N1301,214HLFF,2026-09-23
N1301,214HPJJ,2026-09-24
N1301,214HQKW,2026-09-24
N1301,214HSTY,2026-09-23
N1301,214HVSW,2026-09-23
N1301,214HXTK,2026-09-25
N1301,214HYXH,2026-09-24
N1301,214JBTD,2026-09-24
N1301,214JGXD,2026-09-24
N1301,214JJBB,2026-09-24
N1301,214JKLS,2026-09-24
N1301,214JLFZ,2026-09-24
N1301,214JLVN,2026-09-28
N1301,214JNDB,2026-09-24
N1301,214JNPW,2026-09-25
N1301,214JSSM,2026-09-27
N1301,214JVLD,2026-09-25
N1301,214JXZX,2026-09-28
N1301,214JYVC,2026-09-25
N1301,214KRWG,2026-09-28
N1301,214KTDX,2026-09-25
N1301,214LBWP,2026-09-25
N1301,214LHFC,2026-09-28
N1301,214LJRR,2026-09-25
N1301,214LRHZ,2026-09-28
N1301,214LVZP,2026-09-29
N1301,214LWHY,2026-09-28
N1301,214LWQM,2026-09-28
N1301,214LXHB,2026-09-28
N1301,214LYRV,2026-09-28
N1301,214LYZP,2026-09-28
N1301,214MKFD,2026-09-28
N1301,214MWQT,2026-09-28
N1301,214MXGK,2026-09-29
N1301,214NGXF,2026-09-29
N1301,2395842,2026-09-29
N1301,2404565,2026-09-28
N1301,2638846,2026-09-06
N1301,3128933,2026-09-21
N1301,3548137,2026-09-29
N1301,3553606,2026-09-18
N1301,3752129,2026-07-27
N1301,3755167,2026-09-21
N1301,3829901,2026-09-08
N1301,3830422,2026-09-18
N1301,3835140,2026-09-18
N1301,4070659,2026-07-22
N1301,4298774,2026-08-31
N1301,4311306,2026-07-25
N1301,4320132,2026-09-21
N1301,4397197,2026-09-23
N1301,4415476,2026-07-14
N1301,4419334,2026-08-28
N1301,4499993,2026-07-02
N1301,4610945,2026-08-06
N1301,4639171,2026-08-08
N1301,4701585,2026-07-13
N1301,4715362,2026-09-19
N1301,4759635,2026-07-22
N1301,4887290,2026-09-08
N1301,5031624,2026-09-21
N1301,5033859,2026-09-26
N1301,5081505,2026-07-21
N1301,5118082,2026-07-18
N1301,5118109,2026-07-18
N1301,5118123,2026-07-18
N1301,5118129,2026-07-18
N1301,5119397,2026-09-15
N1301,5119795,2026-09-29
N1301,5120928,2026-09-29
N1301,5123643,2026-08-10
N1301,5184688,2026-09-28
N1301,5341973,2026-08-28
N1301,5397791,2026-09-20
N1301,5403890,2026-07-24
N1301,5435299,2026-07-27
N1301,5471174,2026-09-29
N1301,5477833,2026-09-02
N1301,5493588,2026-08-25
N1301,5500315,2026-07-28
N1301,5505124,2026-09-10
N1301,5587068,2026-07-30
N1301,5593906,2026-07-30
N1301,5599331,2026-09-25
N1301,5627658,2026-09-01
N1301,5629438,2026-08-12
N1301,5629467,2026-07-31
N1301,5631801,2026-08-01
N1301,5697443,2026-08-20
N1301,5722983,2026-08-09
N1301,5741158,2026-09-28
N1301,5741230,2026-08-06
N1301,5815835,2026-08-07
N1301,5860097,2026-09-07
N1301,5860152,2026-09-07
N1301,5878211,2026-08-14
N1301,5903661,2026-08-11
N1301,5947354,2026-09-21
N1301,5963103,2026-08-13
N1301,6002251,2026-08-14
N1301,6004707,2026-09-15
N1301,6008205,2026-09-21
N1301,6017247,2026-08-15
N1301,6083825,2026-08-18
N1301,6083846,2026-08-18
N1301,6090900,2026-08-19
N1301,6092740,2026-09-21
N1301,6110583,2026-08-19
N1301,6142541,2026-08-20
N1301,6152663,2026-09-19
N1301,6207631,2026-08-22
N1301,6245224,2026-08-25
N1301,6260193,2026-08-25
N1301,6260194,2026-08-25
N1301,6260205,2026-08-25
N1301,6280824,2026-09-24
N1301,6354653,2026-08-27
N1301,6354657,2026-08-27
N1301,6354660,2026-08-27
N1301,6356585,2026-09-26
N1301,6398360,2026-09-27
N1301,6416988,2026-09-26
N1301,6417226,2026-08-29
N1301,6417334,2026-08-29
N1301,6433823,2026-09-21
N1301,6445568,2026-08-31
N1301,6465456,2026-08-31
N1301,6468678,2026-09-09
N1301,6473153,2026-09-24
N1301,6478498,2026-09-04
N1301,6495698,2026-09-28
N1301,6500534,2026-09-02
N1301,6501913,2026-09-29
N1301,6502047,2026-09-29
N1301,6506701,2026-09-02
N1301,6507009,2026-09-02
N1301,6507212,2026-09-02
N1301,6508195,2026-09-10
N1301,6518845,2026-09-08
N1301,6525526,2026-09-28
N1301,6534692,2026-09-03
N1301,6535350,2026-09-09
N1301,6536165,2026-09-26
N1301,6537818,2026-09-26
N1301,6538879,2026-09-03
N1301,6542022,2026-09-03
N1301,6543930,2026-09-03
N1301,6578512,2026-09-03
N1301,6581681,2026-09-03
N1301,6590022,2026-09-03
N1301,6594909,2026-09-27
N1301,6622544,2026-09-12
N1301,6623855,2026-09-04
N1301,6624849,2026-09-04
N1301,6632053,2026-09-04
N1301,6632189,2026-09-08
N1301,6634300,2026-09-04
N1301,6641018,2026-09-28
N1301,6641475,2026-09-28
N1301,6645556,2026-09-05
N1301,6670809,2026-09-05
N1301,6672244,2026-09-05
N1301,6673572,2026-09-21
N1301,6697232,2026-09-08
N1301,6698285,2026-09-07
N1301,6698692,2026-09-08
N1301,6700320,2026-09-15
N1301,6706108,2026-09-26
N1301,6706167,2026-09-26
N1301,6732633,2026-09-08
N1301,6734278,2026-09-08
N1301,6735858,2026-09-08
N1301,6739394,2026-09-19
N1301,6739500,2026-09-29
N1301,6740901,2026-09-09
N1301,6742199,2026-09-09
N1301,6743734,2026-09-09
N1301,6748072,2026-09-09
N1301,6753118,2026-09-09
N1301,6763137,2026-09-09
N1301,6766330,2026-09-09
N1301,6767655,2026-09-09
N1301,6771928,2026-09-09
N1301,6772082,2026-09-09
N1301,6772416,2026-09-09
N1301,6772978,2026-09-09
N1301,6775238,2026-09-09
N1301,6778044,2026-09-23
N1301,6778744,2026-09-10
N1301,6783113,2026-09-10
N1301,6783351,2026-09-10
N1301,6799035,2026-09-10
N1301,6800245,2026-09-10
N1301,6802757,2026-09-10
N1301,6805337,2026-09-28
N1301,6805495,2026-09-10
N1301,6805502,2026-09-10
N1301,6806388,2026-09-10
N1301,6808480,2026-09-11
N1301,6808724,2026-09-11
N1301,6808751,2026-09-11
N1301,6846277,2026-09-12
N1301,6851040,2026-09-12
N1301,6858871,2026-09-13
N1301,6883741,2026-09-15
N1301,6884615,2026-09-25
N1301,6884796,2026-09-15
N1301,6885299,2026-09-15
N1301,6887182,2026-09-15
N1301,6896539,2026-09-15
N1301,6897404,2026-09-15
N1301,6898298,2026-09-15
N1301,6899558,2026-09-15
N1301,6909467,2026-09-16
N1301,6909740,2026-09-16
N1301,6909841,2026-09-29
N1301,6927225,2026-09-16
N1301,6928906,2026-09-18
N1301,6928986,2026-09-16
N1301,6932802,2026-09-16
N1301,6936408,2026-09-16
N1301,6936860,2026-09-16
N1301,6936887,2026-09-16
N1301,6937100,2026-09-23
N1301,6947293,2026-09-17
N1301,6947642,2026-09-29
N1301,6947782,2026-09-19
N1301,6947825,2026-09-17
N1301,6947872,2026-09-19
N1301,6947907,2026-09-17
N1301,6947954,2026-09-17
N1301,6948388,2026-09-17
N1301,6948438,2026-09-17
N1301,6964843,2026-09-17
N1301,6964918,2026-09-17
N1301,6965851,2026-09-17
N1301,6966278,2026-09-17
N1301,6969296,2026-09-18
N1301,6970243,2026-09-18
N1301,6970250,2026-09-18
N1301,6970282,2026-09-18
N1301,6970293,2026-09-18
N1301,6970303,2026-09-18
N1301,6970306,2026-09-18
N1301,6970309,2026-09-18
N1301,6970344,2026-09-18
N1301,6970357,2026-09-18
N1301,6970539,2026-09-18
N1301,6970547,2026-09-18
N1301,6970555,2026-09-18
N1301,6970557,2026-09-18
N1301,6970576,2026-09-18
N1301,6970582,2026-09-18
N1301,6970584,2026-09-18
N1301,6970587,2026-09-18
N1301,6970598,2026-09-18
N1301,6970601,2026-09-18
N1301,6970615,2026-09-18
N1301,6970617,2026-09-18
N1301,6970642,2026-09-18
N1301,6970652,2026-09-18
N1301,6970654,2026-09-18
N1301,6970666,2026-09-18
N1301,6970670,2026-09-18
N1301,6970673,2026-09-18
N1301,6970678,2026-09-18
N1301,6970689,2026-09-18
N1301,6970692,2026-09-18
N1301,6970709,2026-09-18
N1301,6970712,2026-09-18
N1301,6970717,2026-09-18
N1301,6970729,2026-09-18
N1301,6970744,2026-09-18
N1301,6970763,2026-09-18
N1301,6971507,2026-09-18
N1301,6986644,2026-09-18
N1301,6987340,2026-09-18
N1301,6987907,2026-09-18
N1301,6988624,2026-09-18
N1301,6992542,2026-09-18
N1301,6994354,2026-09-18
N1301,6995040,2026-09-18
N1301,6995330,2026-09-18
N1301,6996693,2026-09-18
N1301,6997288,2026-09-18
N1301,6998089,2026-09-18
N1301,6998308,2026-09-18
N1301,6999610,2026-09-18
N1301,7000043,2026-09-18
N1301,7000303,2026-09-18
N1301,7004032,2026-09-18
N1301,7006039,2026-09-18
N1301,7010233,2026-09-19
N1301,7010662,2026-09-19
N1301,7011690,2026-09-19
N1301,7011698,2026-09-19
N1301,7011699,2026-09-19
N1301,7011706,2026-09-19
N1301,7012380,2026-09-19
N1301,7012537,2026-09-19
N1301,7012547,2026-09-19
N1301,7012568,2026-09-19
N1301,7012571,2026-09-19
N1301,7012575,2026-09-19
N1301,7012594,2026-09-19
N1301,7012636,2026-09-19
N1301,7012645,2026-09-19
N1301,7012659,2026-09-19
N1301,7012662,2026-09-19
N1301,7012739,2026-09-19
N1301,7012755,2026-09-19
N1301,7015162,2026-09-19
N1301,7015165,2026-09-19
N1301,7015174,2026-09-19
N1301,7015223,2026-09-19
N1301,7015564,2026-09-19
N1301,7015586,2026-09-19
N1301,7015987,2026-09-19
N1301,7030347,2026-09-19
N1301,7031403,2026-09-19
N1301,7031961,2026-09-19
N1301,7038824,2026-09-20
N1301,7039691,2026-09-20
N1301,7043258,2026-09-20
N1301,7046472,2026-09-21
N1301,7053163,2026-09-22
N1301,7053174,2026-09-22
N1301,7053182,2026-09-21
N1301,7053188,2026-09-22
N1301,7053585,2026-09-22
N1301,7054125,2026-09-24
N1301,7054553,2026-09-21
N1301,7057966,2026-09-21
N1301,7058394,2026-09-21
N1301,7059678,2026-09-29
N1301,7059687,2026-09-29
N1301,7060805,2026-09-21
N1301,7061781,2026-09-21
N1301,7066432,2026-09-21
N1301,7066719,2026-09-21
N1301,7068035,2026-09-22
N1301,7068976,2026-09-22
N1301,7069089,2026-09-22
N1301,7069094,2026-09-22
N1301,7069095,2026-09-22
N1301,7069102,2026-09-22
N1301,7069308,2026-09-22
N1301,7069386,2026-09-22
N1301,7069391,2026-09-22
N1301,7069406,2026-09-22
N1301,7069436,2026-09-22
N1301,7069482,2026-09-22
N1301,7069488,2026-09-22
N1301,7069490,2026-09-22
N1301,7069491,2026-09-22
N1301,7069494,2026-09-22
N1301,7070540,2026-09-22
N1301,7071214,2026-09-22
N1301,7071503,2026-09-22
N1301,7071655,2026-09-22
N1301,7071715,2026-09-22
N1301,7092850,2026-09-22
N1301,7092864,2026-09-22
N1301,7093685,2026-09-22
N1301,7095745,2026-09-22
N1301,7097140,2026-09-22
N1301,7097297,2026-09-22
N1301,7106454,2026-09-23
N1301,7106875,2026-09-23
N1301,7108140,2026-09-23
N1301,7108293,2026-09-29
N1301,7110309,2026-09-23
N1301,7111809,2026-09-23
N1301,7113051,2026-09-23
N1301,7113149,2026-09-23
N1301,7114488,2026-09-23
N1301,7115354,2026-09-23
N1301,7115436,2026-09-23
N1301,7117504,2026-09-23
N1301,7117710,2026-09-23
N1301,7126016,2026-09-23
N1301,7126097,2026-09-23
N1301,7126260,2026-09-29
N1301,7132795,2026-09-23
N1301,7133958,2026-09-23
N1301,7135187,2026-09-23
N1301,7135596,2026-09-23
N1301,7136687,2026-09-23
N1301,7138257,2026-09-23
N1301,7148977,2026-09-23
N1301,7153455,2026-09-24
N1301,7153787,2026-09-24
N1301,7153792,2026-09-24
N1301,7154449,2026-09-24
N1301,7154772,2026-09-24
N1301,7155470,2026-09-24
N1301,7155847,2026-09-24
N1301,7158288,2026-09-24
N1301,7158443,2026-09-24
N1301,7163472,2026-09-24
N1301,7163799,2026-09-24
N1301,7164171,2026-09-24
N1301,7164315,2026-09-24
N1301,7164417,2026-09-24
N1301,7166826,2026-09-24
N1301,7168087,2026-09-24
N1301,7169239,2026-09-24
N1301,7348272,2026-09-25
N1301,7348363,2026-09-27
N1301,7348662,2026-09-25
N1301,7348842,2026-09-25
N1301,7348917,2026-09-25
N1301,7349530,2026-09-25
N1301,7349813,2026-09-25
N1301,7350405,2026-09-25
N1301,7352005,2026-09-25
N1301,7352143,2026-09-25
N1301,7356126,2026-09-29
N1301,7362939,2026-09-25
N1301,7378635,2026-09-25
N1301,7378762,2026-09-25
N1301,7380700,2026-09-29
N1301,7381144,2026-09-25
N1301,7384419,2026-09-25
N1301,7385536,2026-09-25
N1301,7385916,2026-09-25
N1301,7386781,2026-09-25
N1301,7396630,2026-09-25
N1301,7397527,2026-09-25
N1301,7397584,2026-09-25
N1301,7398971,2026-09-27
N1301,7400418,2026-09-25
N1301,7400555,2026-09-25
N1301,7400571,2026-09-25
N1301,7400846,2026-09-26
N1301,7401064,2026-09-26
N1301,7402218,2026-09-26
N1301,7402477,2026-09-26
N1301,7402568,2026-09-26
N1301,7402575,2026-09-26
N1301,7402580,2026-09-26
N1301,7402581,2026-09-26
N1301,7402582,2026-09-26
N1301,7403285,2026-09-26
N1301,7403999,2026-09-26
N1301,7404069,2026-09-26
N1301,7404973,2026-09-26
N1301,7405639,2026-09-26
N1301,7405743,2026-09-26
N1301,7406075,2026-09-27
N1301,7406970,2026-09-29
N1301,7408110,2026-09-26
N1301,7408137,2026-09-26
N1301,7408142,2026-09-26
N1301,7408145,2026-09-26
N1301,7408838,2026-09-29
N1301,7422474,2026-09-26
N1301,7422666,2026-09-26
N1301,7423796,2026-09-26
N1301,7424987,2026-09-26
N1301,7426374,2026-09-26
N1301,7427521,2026-09-26
N1301,7428068,2026-09-26
N1301,7428100,2026-09-26
N1301,7435236,2026-09-27
N1301,7436162,2026-09-27
N1301,7437369,2026-09-27
N1301,7448791,2026-09-27
N1301,7449420,2026-09-27
N1301,7449469,2026-09-27
N1301,7449864,2026-09-27
N1301,7453563,2026-09-28
N1301,7456781,2026-09-28
N1301,7456782,2026-09-28
N1301,7462608,2026-09-28
N1301,7462752,2026-09-28
N1301,7462797,2026-09-28
N1301,7463693,2026-09-28
N1301,7463988,2026-09-28
N1301,7464443,2026-09-28
N1301,7464608,2026-09-29
N1301,7467464,2026-09-28
N1301,7467524,2026-09-28
N1301,7468041,2026-09-28
N1301,7471674,2026-09-28
N1301,7472650,2026-09-29
N1301,7472653,2026-09-29
N1301,7473058,2026-09-29
N1301,7473202,2026-09-29
N1301,7473298,2026-09-29
N1301,7474783,2026-09-29
N1301,7475942,2026-09-29
N1301,7476413,2026-09-29
N1301,7477207,2026-09-29
N1301,7477452,2026-09-29
N1301,7478622,2026-09-29
N1301,7478644,2026-09-29
N1301,7479741,2026-09-29
N1301,7479838,2026-09-29
N1301,7488354,2026-09-29
N1301,7488391,2026-09-29
N4106,213PWBN,2026-09-25
N4106,213QFVN,2026-09-10
N4106,5462588,2026-07-25
N4106,5629946,2026-08-06
N4106,5940838,2026-08-12
N4106,6534748,2026-09-03
N4106,7036326,2026-09-29
N4106,7349695,2026-09-25
N4106,7452992,2026-09-28
N4106,7474876,2026-09-29
