rome,id,date_actualisation
D1301,214GWZY,2026-09-23
D1301,214NQRR,2026-10-06
D1301,5851530,2026-08-08
D1301,6090055,2026-09-29
D1301,6810819,2026-10-04
D1301,6810826,2026-10-04
D1301,6831833,2026-09-12
D1301,6832351,2026-09-12
D1301,6882111,2026-09-19
D1301,6882841,2026-09-15
D1301,6882862,2026-10-04
D1301,6884178,2026-10-05
D1301,6884729,2026-09-15
D1301,6885084,2026-10-05
D1301,6885092,2026-09-15
D1301,6885095,2026-10-05
D1301,6886164,2026-09-15
D1301,6910817,2026-09-16
D1301,7005000,2026-09-18
D1301,7005025,2026-09-18
D1301,7005192,2026-09-18
D1301,7105189,2026-09-29
D1301,7436009,2026-09-27
D1301,7467707,2026-09-28
D1301,7474407,2026-09-29
D1301,7568009,2026-10-02
D1301,7625313,2026-10-03
D1301,7632285,2026-10-03
D1301,7657394,2026-10-05
D1301,7657508,2026-10-05
D1302,212CQDS,2026-10-01
D1302,212CRYK,2026-10-05
D1302,212CXMN,2026-09-30
D1302,212DBRD,2026-10-05
D1302,212DJVP,2026-09-29
D1302,212FCVX,2026-10-06
D1302,212JMTG,2026-09-11
D1302,212JSFN,2026-10-06
D1302,212JXGQ,2026-09-29
D1302,212KGGC,2026-09-24
D1302,212KGPS,2026-09-24
D1302,212KGRS,2026-09-24
D1302,212MFZB,2026-09-30
D1302,212NJLT,2026-09-30
D1302,212PSTT,2026-09-28
D1302,212PTBB,2026-09-28
D1302,212PTDK,2026-09-28
D1302,212QKDV,2026-09-29
D1302,212SFTF,2026-10-02
D1302,212SJPS,2026-09-23
D1302,212SJQL,2026-09-17
D1302,212SJQW,2026-09-30
D1302,212SJQZ,2026-09-18
D1302,212SJRC,2026-09-17
D1302,212SJRF,2026-09-18
D1302,212SJRG,2026-09-17
D1302,212SJRJ,2026-09-21
D1302,212SJVG,2026-09-17
D1302,212SJVQ,2026-09-18
D1302,212SKFX,2026-09-30
D1302,212SQMY,2026-09-30
D1302,212SVGG,2026-10-05
D1302,212TJCC,2026-10-06
D1302,212TRZC,2026-09-22
D1302,212TYRX,2026-09-21
D1302,212TZYX,2026-09-24
D1302,212VCDW,2026-09-14
D1302,212VHNX,2026-09-30
D1302,212VJFK,2026-09-24
D1302,212VJYK,2026-09-24
D1302,212VKBV,2026-09-24
D1302,212VKVW,2026-09-29
D1302,212WBNH,2026-09-23
D1302,212WMHL,2026-09-23
D1302,212WQGV,2026-10-01
D1302,212WTNG,2026-09-22
D1302,212WTXX,2026-09-18
D1302,212WWKB,2026-09-29
D1302,212WWRK,2026-09-18
D1302,212WYQT,2026-09-18
D1302,212WYVC,2026-09-23
D1302,212XDZY,2026-10-05
D1302,212XJRN,2026-09-22
D1302,212XJRV,2026-09-22
D1302,212XJRW,2026-09-23
D1302,212XWNC,2026-10-06
D1302,212XYKR,2026-09-25
D1302,212XZPT,2026-09-25
D1302,212YCTQ,2026-10-05
D1302,212YGGC,2026-10-01
D1302,212YGJZ,2026-10-01
D1302,212YLVG,2026-09-24
D1302,212ZBHS,2026-10-05
D1302,212ZDTT,2026-10-02
D1302,212ZMRV,2026-09-08
D1302,212ZRMF,2026-09-30
D1302,213BKKJ,2026-09-24
D1302,213BKPV,2026-09-25
D1302,213BMFH,2026-09-25
D1302,213BPYS,2026-09-25
D1302,213BRDN,2026-09-25
D1302,213BRFD,2026-10-02
D1302,213BYMN,2026-09-29
D1302,213CSNT,2026-10-02
D1302,213CYXB,2026-09-11
D1302,213DBFB,2026-09-29
D1302,213DCPC,2026-10-05
D1302,213DCPD,2026-10-05
D1302,213DCPH,2026-10-01
D1302,213DCPJ,2026-09-28
D1302,213DCPK,2026-10-05
D1302,213DCPL,2026-09-29
D1302,213DRHJ,2026-10-02
D1302,213DTRX,2026-09-30
D1302,213DTRY,2026-09-28
D1302,213DTSB,2026-09-28
D1302,213FFGK,2026-09-29
D1302,213FFHT,2026-09-29
D1302,213FHNQ,2026-09-28
D1302,213FJHG,2026-10-05
D1302,213FKSX,2026-09-24
D1302,213FMFZ,2026-09-29
D1302,213FSSH,2026-10-02
D1302,213FSTJ,2026-09-29
D1302,213FXDB,2026-10-05
D1302,213FXTB,2026-10-05
D1302,213FYFJ,2026-10-01
D1302,213GSCX,2026-09-25
D1302,213HMFQ,2026-10-05
D1302,213HMJS,2026-10-02
D1302,213HVBX,2026-10-02
D1302,213JBTQ,2026-09-23
D1302,213JCCC,2026-09-30
D1302,213JCNZ,2026-09-23
D1302,213JTPW,2026-10-02
D1302,213JVPJ,2026-09-23
D1302,213KPZL,2026-10-02
D1302,213KWGL,2026-10-05
D1302,213KXTK,2026-10-05
D1302,213KYYJ,2026-09-20
D1302,213LKGK,2026-10-02
D1302,213LQQR,2026-10-05
D1302,213MHCW,2026-09-23
D1302,213MKCH,2026-10-01
D1302,213MKLN,2026-10-05
D1302,213MKLW,2026-10-05
D1302,213MLZH,2026-09-30
D1302,213MMVS,2026-09-30
D1302,213MNYW,2026-09-30
D1302,213MRSC,2026-09-07
D1302,213MSKK,2026-10-06
D1302,213MVBR,2026-09-30
D1302,213MXJG,2026-09-07
D1302,213NCJC,2026-09-22
D1302,213NFVC,2026-10-02
D1302,213NHWW,2026-09-24
D1302,213NMZK,2026-09-24
D1302,213NYJF,2026-09-08
D1302,213NYNZ,2026-10-06
D1302,213NZVT,2026-09-09
D1302,213PFJR,2026-09-09
D1302,213PFSW,2026-10-05
D1302,213PJRQ,2026-10-01
D1302,213PJTC,2026-10-01
D1302,213PKHD,2026-10-05
D1302,213PMGP,2026-09-25
D1302,213PNGT,2026-10-01
D1302,213PNJN,2026-10-01
D1302,213PVFQ,2026-09-11
D1302,213QCHK,2026-09-29
D1302,213QCQV,2026-10-02
D1302,213QHHC,2026-09-09
D1302,213QHVZ,2026-10-02
D1302,213QJLN,2026-09-25
D1302,213QJLP,2026-09-25
D1302,213QJSC,2026-10-05
D1302,213QKFY,2026-10-02
D1302,213QLCT,2026-09-25
D1302,213QNMM,2026-09-29
D1302,213QNMR,2026-09-25
D1302,213QNQH,2026-10-01
D1302,213QPFG,2026-10-02
D1302,213QVVY,2026-09-28
D1302,213QVWP,2026-10-04
D1302,213QVWV,2026-09-25
D1302,213QVXX,2026-09-15
D1302,213QZPL,2026-10-02
D1302,213RCZM,2026-09-10
D1302,213RDGL,2026-09-23
D1302,213RKVM,2026-10-01
D1302,213RRJR,2026-09-25
D1302,213RWZQ,2026-09-26
D1302,213RZZG,2026-09-28
D1302,213SBNJ,2026-09-10
D1302,213SDSM,2026-09-26
D1302,213SGLT,2026-09-29
D1302,213SGRR,2026-10-06
D1302,213SGRT,2026-09-11
D1302,213SZPN,2026-09-11
D1302,213SZYY,2026-09-27
D1302,213TDTR,2026-09-27
D1302,213TMCD,2026-10-06
D1302,213TMSF,2026-09-23
D1302,213TNFX,2026-09-29
D1302,213TVCG,2026-09-24
D1302,213TVLG,2026-09-12
D1302,213TVNY,2026-09-14
D1302,213TWYS,2026-09-30
D1302,213VBXH,2026-09-30
D1302,213VCGZ,2026-09-30
D1302,213VCJN,2026-09-14
D1302,213VCRF,2026-09-30
D1302,213VCTH,2026-09-14
D1302,213VFGR,2026-09-30
D1302,213VFVR,2026-10-05
D1302,213VLMY,2026-10-02
D1302,213VMQY,2026-09-30
D1302,213VNZH,2026-09-30
D1302,213VPCX,2026-09-14
D1302,213VRJK,2026-09-25
D1302,213VSTM,2026-09-30
D1302,213VVSK,2026-10-05
D1302,213VYQD,2026-10-05
D1302,213WDGJ,2026-09-14
D1302,213WDZP,2026-09-30
D1302,213WGFB,2026-10-02
D1302,213WMPV,2026-10-02
D1302,213WNFM,2026-09-27
D1302,213WNGB,2026-09-17
D1302,213WSYY,2026-09-18
D1302,213WVMJ,2026-10-02
D1302,213WWRX,2026-10-01
D1302,213WXSJ,2026-10-02
D1302,213WYQF,2026-10-04
D1302,213WZVF,2026-10-01
D1302,213XBJS,2026-09-29
D1302,213XBPK,2026-09-24
D1302,213XCJT,2026-10-02
D1302,213XDBH,2026-09-27
D1302,213XFBW,2026-09-15
D1302,213XFQY,2026-09-15
D1302,213XFRY,2026-09-15
D1302,213XFSP,2026-09-15
D1302,213XFTR,2026-09-15
D1302,213XFVF,2026-09-15
D1302,213XGMC,2026-09-15
D1302,213XGPS,2026-09-15
D1302,213XGRY,2026-09-15
D1302,213XKWX,2026-09-16
D1302,213XQXX,2026-10-05
D1302,213XQYB,2026-10-01
D1302,213XRBK,2026-10-01
D1302,213XSQW,2026-10-01
D1302,213XSQZ,2026-10-01
D1302,213XTGG,2026-10-01
D1302,213XVFL,2026-10-02
D1302,213XXYX,2026-09-30
D1302,213XZBH,2026-09-17
D1302,213YBFV,2026-09-17
D1302,213YBVQ,2026-10-02
D1302,213YCFW,2026-10-02
D1302,213YGLD,2026-09-30
D1302,213YHZJ,2026-10-05
D1302,213YJWW,2026-09-21
D1302,213YQGF,2026-09-16
D1302,213YQZR,2026-09-16
D1302,213YSKP,2026-09-16
D1302,213YXCV,2026-10-02
D1302,213YXLW,2026-10-02
D1302,213YYBF,2026-10-02
D1302,213YZGM,2026-10-02
D1302,213ZBDY,2026-09-17
D1302,213ZHHC,2026-10-04
D1302,213ZJJT,2026-10-03
D1302,213ZJPD,2026-10-03
D1302,213ZKMT,2026-10-01
D1302,213ZKRT,2026-10-03
D1302,213ZKYJ,2026-09-17
D1302,213ZQVX,2026-09-24
D1302,213ZQYG,2026-10-03
D1302,213ZQYP,2026-10-03
D1302,213ZQYX,2026-09-23
D1302,213ZWYJ,2026-09-17
D1302,213ZXGX,2026-09-17
D1302,213ZXKF,2026-09-17
D1302,213ZYGG,2026-09-17
D1302,213ZYVH,2026-10-03
D1302,213ZYZQ,2026-10-03
D1302,213ZZTQ,2026-10-03
D1302,213ZZXQ,2026-09-17
D1302,213ZZYT,2026-09-17
D1302,214BBCR,2026-09-29
D1302,214BBLF,2026-09-17
D1302,214BDMP,2026-09-17
D1302,214BGXJ,2026-09-17
D1302,214BKWS,2026-10-03
D1302,214BNTX,2026-09-21
D1302,214BQWY,2026-09-28
D1302,214BQXX,2026-09-28
D1302,214BQYH,2026-09-30
D1302,214BQZJ,2026-09-28
D1302,214BRKG,2026-09-18
D1302,214BSBK,2026-09-18
D1302,214BSDF,2026-10-04
D1302,214BSLC,2026-09-18
D1302,214BWHM,2026-09-22
D1302,214BWTQ,2026-09-29
D1302,214BXSG,2026-09-18
D1302,214BZGT,2026-09-28
D1302,214BZKM,2026-09-18
D1302,214BZWP,2026-10-04
D1302,214CBJS,2026-10-05
D1302,214CJBQ,2026-09-25
D1302,214CLXZ,2026-09-21
D1302,214CMBJ,2026-09-22
D1302,214CNMM,2026-10-04
D1302,214CNNM,2026-10-04
D1302,214CPNG,2026-10-05
D1302,214CPYR,2026-10-04
D1302,214CPYS,2026-10-04
D1302,214CTMP,2026-09-21
D1302,214CVFX,2026-09-24
D1302,214CYTG,2026-10-05
D1302,214CZKM,2026-09-21
D1302,214CZLH,2026-10-05
D1302,214DFLY,2026-09-28
D1302,214DGVB,2026-10-06
D1302,214DMSM,2026-09-21
D1302,214DNYG,2026-09-22
D1302,214DPCC,2026-09-29
D1302,214DPZG,2026-09-21
D1302,214DQKW,2026-10-02
D1302,214DRHC,2026-09-29
D1302,214DRQR,2026-09-21
D1302,214DRYW,2026-09-22
D1302,214DSDV,2026-09-21
D1302,214DTTM,2026-09-23
D1302,214DWWT,2026-10-05
D1302,214DZBM,2026-10-05
D1302,214FDMK,2026-09-30
D1302,214FLNK,2026-09-28
D1302,214FLVB,2026-09-22
D1302,214FMVK,2026-09-30
D1302,214FNNJ,2026-10-06
D1302,214FNYG,2026-10-06
D1302,214FWKB,2026-10-06
D1302,214FWKH,2026-09-22
D1302,214FXGH,2026-09-25
D1302,214FXRZ,2026-09-22
D1302,214GBFW,2026-09-23
D1302,214GCHX,2026-09-22
D1302,214GDQT,2026-09-28
D1302,214GGCR,2026-09-28
D1302,214GGLN,2026-09-28
D1302,214GGXF,2026-09-23
D1302,214GHYH,2026-09-22
D1302,214GJKD,2026-09-23
D1302,214GNCW,2026-10-05
D1302,214GNXF,2026-09-22
D1302,214GPKQ,2026-09-23
D1302,214GPKR,2026-09-23
D1302,214GQQZ,2026-09-22
D1302,214GRZL,2026-09-23
D1302,214GSJL,2026-09-23
D1302,214GSKN,2026-10-02
D1302,214GSLP,2026-09-30
D1302,214GSML,2026-09-24
D1302,214GTKL,2026-10-06
D1302,214GTSF,2026-09-23
D1302,214GTSY,2026-10-06
D1302,214GVNJ,2026-09-24
D1302,214GWNM,2026-09-23
D1302,214GXQM,2026-09-23
D1302,214GXXW,2026-09-24
D1302,214GYCJ,2026-09-29
D1302,214GYXF,2026-09-30
D1302,214HCCM,2026-09-25
D1302,214HCLF,2026-09-23
D1302,214HDVQ,2026-09-23
D1302,214HFHM,2026-10-01
D1302,214HHCT,2026-09-24
D1302,214HJBK,2026-10-05
D1302,214HKVY,2026-09-23
D1302,214HLQF,2026-09-25
D1302,214HMBD,2026-10-05
D1302,214HPCZ,2026-09-23
D1302,214HSFV,2026-09-25
D1302,214HSRM,2026-09-23
D1302,214HSYT,2026-09-23
D1302,214HTMY,2026-09-24
D1302,214HTYL,2026-09-24
D1302,214HVGD,2026-10-05
D1302,214HVYW,2026-09-30
D1302,214HWGN,2026-09-30
D1302,214HWGQ,2026-09-25
D1302,214HWHX,2026-09-30
D1302,214HWJS,2026-09-23
D1302,214HWJV,2026-09-23
D1302,214HWXN,2026-09-23
D1302,214HXMH,2026-10-05
D1302,214HYCS,2026-10-05
D1302,214HZHJ,2026-09-24
D1302,214HZHK,2026-09-24
D1302,214JBDN,2026-09-24
D1302,214JCGM,2026-09-25
D1302,214JGLK,2026-09-24
D1302,214JGNG,2026-09-24
D1302,214JHBL,2026-09-25
D1302,214JHCW,2026-09-24
D1302,214JHJQ,2026-09-24
D1302,214JHMS,2026-09-30
D1302,214JKDL,2026-09-24
D1302,214JLMC,2026-09-24
D1302,214JMCT,2026-10-03
D1302,214JMDS,2026-09-24
D1302,214JMGR,2026-09-24
D1302,214JNLM,2026-09-30
D1302,214JNPQ,2026-09-25
D1302,214JNQT,2026-10-05
D1302,214JPCF,2026-09-24
D1302,214JRMZ,2026-09-25
D1302,214JSHQ,2026-10-01
D1302,214JSRJ,2026-09-25
D1302,214JSRP,2026-09-25
D1302,214JWNJ,2026-09-24
D1302,214JWZN,2026-09-25
D1302,214JXFD,2026-09-24
D1302,214JXLM,2026-09-25
D1302,214JZBZ,2026-09-24
D1302,214JZFQ,2026-09-25
D1302,214KMKN,2026-09-25
D1302,214KPBV,2026-09-28
D1302,214KRVB,2026-10-02
D1302,214KRXD,2026-10-02
D1302,214KSDB,2026-10-03
D1302,214KSDG,2026-10-01
D1302,214KVJD,2026-09-25
D1302,214KVYT,2026-09-28
D1302,214KXLD,2026-09-30
D1302,214KXSM,2026-10-05
D1302,214KXVP,2026-09-25
D1302,214KYDQ,2026-10-05
D1302,214KYDY,2026-09-28
D1302,214KYJQ,2026-09-28
D1302,214KYKW,2026-09-28
D1302,214KZPQ,2026-09-28
D1302,214KZZG,2026-09-28
D1302,214LBSC,2026-09-29
D1302,214LBXH,2026-09-25
D1302,214LCNQ,2026-09-28
D1302,214LCWB,2026-09-29
D1302,214LFNC,2026-09-30
D1302,214LFVH,2026-09-28
D1302,214LFYV,2026-10-03
D1302,214LGTM,2026-09-28
D1302,214LHLR,2026-09-25
D1302,214LHTV,2026-10-06
D1302,214LJRT,2026-09-28
D1302,214LKLM,2026-09-28
D1302,214LQRG,2026-09-28
D1302,214LQYZ,2026-09-29
D1302,214LVSN,2026-09-28
D1302,214LVWS,2026-10-01
D1302,214LWCP,2026-09-28
D1302,214LWRK,2026-09-28
D1302,214LXMM,2026-09-28
D1302,214LXQK,2026-09-28
D1302,214LXSD,2026-10-05
D1302,214LYZS,2026-09-29
D1302,214LZCD,2026-09-29
D1302,214LZDF,2026-09-29
D1302,214LZGX,2026-09-29
D1302,214LZXR,2026-09-28
D1302,214MBWG,2026-09-29
D1302,214MBXC,2026-09-29
D1302,214MBXT,2026-09-29
D1302,214MBYL,2026-09-29
D1302,214MFPH,2026-09-28
D1302,214MGJY,2026-09-28
D1302,214MGSF,2026-09-30
D1302,214MHCD,2026-09-28
D1302,214MKTY,2026-09-28
D1302,214MMND,2026-09-30
D1302,214MNJL,2026-09-28
D1302,214MPYZ,2026-09-29
D1302,214MRXM,2026-09-28
D1302,214MTCC,2026-09-29
D1302,214MXYK,2026-09-29
D1302,214MXYM,2026-09-29
D1302,214NBJK,2026-09-29
D1302,214NBKK,2026-09-29
D1302,214NBRG,2026-09-29
D1302,214NCHD,2026-09-30
D1302,214NDMY,2026-09-29
D1302,214NDZX,2026-09-29
D1302,214NHLJ,2026-09-29
D1302,214NJBD,2026-10-06
D1302,214NMHN,2026-09-29
D1302,214NMZT,2026-09-29
D1302,214NNHH,2026-09-30
D1302,214NNRH,2026-09-29
D1302,214NPFQ,2026-09-30
D1302,214NQRM,2026-09-29
D1302,214NQTB,2026-09-29
D1302,214NQTX,2026-09-29
D1302,214NQXZ,2026-09-29
D1302,214NQZC,2026-09-29
D1302,214NRGP,2026-09-29
D1302,214NRLP,2026-09-30
D1302,214NRTW,2026-10-04
D1302,214NVCB,2026-10-01
D1302,214NVCQ,2026-09-29
D1302,214NVHC,2026-09-29
D1302,214NVNK,2026-09-29
D1302,214NXLD,2026-09-29
D1302,214NXQD,2026-09-30
D1302,214NYDP,2026-09-30
D1302,214NYVG,2026-09-30
D1302,214NZXH,2026-09-30
D1302,214PCHV,2026-09-30
D1302,214PJZG,2026-09-30
D1302,214PJZY,2026-10-05
D1302,214PKDQ,2026-10-05
D1302,214PKFW,2026-10-05
D1302,214PKGZ,2026-09-30
D1302,214PKJT,2026-10-05
D1302,214PKLM,2026-10-05
D1302,214PKPH,2026-09-30
D1302,214PKTQ,2026-10-05
D1302,214PKXB,2026-09-30
D1302,214PNJC,2026-09-30
D1302,214PNKP,2026-09-30
D1302,214PPSN,2026-09-30
D1302,214PPTR,2026-09-30
D1302,214PPVT,2026-09-30
D1302,214PPWY,2026-09-30
D1302,214PPYJ,2026-09-30
D1302,214PPYZ,2026-09-30
D1302,214PSWM,2026-09-30
D1302,214PSZZ,2026-09-30
D1302,214PWHL,2026-09-30
D1302,214PXCN,2026-10-01
D1302,214PXLB,2026-09-30
D1302,214PXNB,2026-09-30
D1302,214PXZH,2026-09-30
D1302,214PYHC,2026-10-02
D1302,214PYHL,2026-10-01
D1302,214QCFR,2026-09-30
D1302,214QDJS,2026-10-02
D1302,214QJKW,2026-10-01
D1302,214QJNL,2026-10-01
D1302,214QMFL,2026-10-01
D1302,214QNKT,2026-10-01
D1302,214QPZF,2026-10-01
D1302,214QQJF,2026-10-01
D1302,214QQMX,2026-10-01
D1302,214QSJT,2026-10-01
D1302,214QSTH,2026-10-01
D1302,214QTBJ,2026-10-01
D1302,214QTFQ,2026-10-01
D1302,214QWDF,2026-10-01
D1302,214QWRG,2026-10-01
D1302,214QXWB,2026-10-01
D1302,214QYDK,2026-10-01
D1302,214QYDV,2026-10-01
D1302,214QYFL,2026-10-01
D1302,214QYHW,2026-10-01
D1302,214QYKN,2026-10-01
D1302,214QYMR,2026-10-01
D1302,214RFMD,2026-10-01
D1302,214RFNP,2026-10-01
D1302,214RFQJ,2026-10-02
D1302,214RGBL,2026-10-01
D1302,214RGZF,2026-10-01
D1302,214RJHG,2026-10-02
D1302,214RKWX,2026-10-01
D1302,214RKWY,2026-10-02
D1302,214RKXQ,2026-10-02
D1302,214RLKG,2026-10-02
D1302,214RPKS,2026-10-02
D1302,214RTRF,2026-10-02
D1302,214RTTV,2026-10-02
D1302,214RVPN,2026-10-02
D1302,214SBCR,2026-10-02
D1302,214SCFG,2026-10-05
D1302,214SCNS,2026-10-02
D1302,214SGDH,2026-10-05
D1302,214SGDJ,2026-10-02
D1302,214SGHV,2026-10-06
D1302,214SHHL,2026-10-05
D1302,214SJKY,2026-10-02
D1302,214SKZV,2026-10-02
D1302,214SLHK,2026-10-02
D1302,214SNFC,2026-10-05
D1302,214SNLF,2026-10-02
D1302,214SNMT,2026-10-02
D1302,214SNQT,2026-10-02
D1302,214SRWS,2026-10-05
D1302,214SSHZ,2026-10-02
D1302,214SWDL,2026-10-02
D1302,214SXVT,2026-10-05
D1302,214SYCW,2026-10-03
D1302,214SYRC,2026-10-05
D1302,214SZDH,2026-10-03
D1302,214SZDK,2026-10-03
D1302,214SZDN,2026-10-03
D1302,214SZVS,2026-10-05
D1302,214TCNF,2026-10-05
D1302,214TDYC,2026-10-05
D1302,214TDZK,2026-10-05
D1302,214TGFK,2026-10-06
D1302,214THBQ,2026-10-06
D1302,214TKFV,2026-10-05
D1302,214TKMY,2026-10-05
D1302,214TKWB,2026-10-05
D1302,214TKXT,2026-10-06
D1302,214TLFV,2026-10-05
D1302,214TLKS,2026-10-05
D1302,214TLMH,2026-10-05
D1302,214TMBT,2026-10-05
D1302,214TMRM,2026-10-06
D1302,214TMXK,2026-10-05
D1302,214TMXM,2026-10-05
D1302,214TMXZ,2026-10-05
D1302,214TNFZ,2026-10-05
D1302,214TQMM,2026-10-05
D1302,214TQMX,2026-10-05
D1302,214TQMZ,2026-10-05
D1302,214TQNK,2026-10-05
D1302,214TRXS,2026-10-06
D1302,214TSHH,2026-10-05
D1302,214TVWK,2026-10-05
D1302,214TWFZ,2026-10-05
D1302,214TWPP,2026-10-05
D1302,214TXHD,2026-10-05
D1302,214TXQN,2026-10-05
D1302,214TYMK,2026-10-05
D1302,214TZHC,2026-10-05
D1302,214VBPS,2026-10-05
D1302,214VBTG,2026-10-05
D1302,214VBTL,2026-10-05
D1302,214VCNX,2026-10-06
D1302,214VCVF,2026-10-05
D1302,214VFXF,2026-10-05
D1302,214VGDX,2026-10-05
D1302,214VGMX,2026-10-06
D1302,214VHCM,2026-10-05
D1302,214VHMS,2026-10-06
D1302,214VJRM,2026-10-05
D1302,214VKXC,2026-10-05
D1302,214VLHQ,2026-10-06
D1302,214VNCS,2026-10-06
D1302,214VNPP,2026-10-06
D1302,214VQMZ,2026-10-06
D1302,5733365,2026-08-05
D1302,5733622,2026-10-02
D1302,5739673,2026-08-07
D1302,5739675,2026-08-07
D1302,5739737,2026-10-03
D1302,5792002,2026-09-02
D1302,5795921,2026-08-07
D1302,5796723,2026-08-07
D1302,5852330,2026-10-05
D1302,5879855,2026-08-10
D1302,5880188,2026-10-05
D1302,5886237,2026-10-06
D1302,5887596,2026-10-01
D1302,5887605,2026-10-02
D1302,5901157,2026-09-02
D1302,5901991,2026-08-11
D1302,5913552,2026-10-03
D1302,5938435,2026-08-12
D1302,5940256,2026-09-16
D1302,5944591,2026-10-05
D1302,5944593,2026-10-05
D1302,5947381,2026-09-21
D1302,5958820,2026-09-02
D1302,5963104,2026-09-03
D1302,6003721,2026-10-06
D1302,6026785,2026-08-15
D1302,6026893,2026-09-20
D1302,6049424,2026-08-17
D1302,6051127,2026-10-02
D1302,6059244,2026-09-15
D1302,6060014,2026-08-18
D1302,6060651,2026-09-15
D1302,6060676,2026-09-18
D1302,6060807,2026-09-15
D1302,6061294,2026-09-23
D1302,6061428,2026-09-23
D1302,6062437,2026-09-23
D1302,6083870,2026-08-18
D1302,6084062,2026-08-28
D1302,6091555,2026-09-23
D1302,6092177,2026-10-06
D1302,6092708,2026-09-08
D1302,6092977,2026-09-30
D1302,6093009,2026-09-21
D1302,6117184,2026-08-19
D1302,6122606,2026-09-18
D1302,6124451,2026-09-11
D1302,6148659,2026-09-21
D1302,6154944,2026-09-23
D1302,6180407,2026-08-21
D1302,6185473,2026-10-02
D1302,6186949,2026-08-22
D1302,6189149,2026-09-23
D1302,6189210,2026-09-26
D1302,6189244,2026-09-21
D1302,6189249,2026-09-21
D1302,6189262,2026-09-08
D1302,6189275,2026-09-08
D1302,6189283,2026-09-21
D1302,6189302,2026-09-21
D1302,6189343,2026-09-26
D1302,6190375,2026-09-21
D1302,6190484,2026-09-21
D1302,6190524,2026-09-21
D1302,6205889,2026-08-22
D1302,6207935,2026-08-22
D1302,6208044,2026-09-02
D1302,6240175,2026-10-05
D1302,6241060,2026-09-23
D1302,6241075,2026-09-23
D1302,6242447,2026-09-23
D1302,6243423,2026-08-25
D1302,6246760,2026-09-08
D1302,6281505,2026-09-24
D1302,6281507,2026-09-24
D1302,6283611,2026-09-23
D1302,6315970,2026-08-26
D1302,6320785,2026-09-25
D1302,6321003,2026-09-25
D1302,6327401,2026-09-26
D1302,6343170,2026-08-28
D1302,6352164,2026-09-08
D1302,6352370,2026-08-27
D1302,6354656,2026-08-27
D1302,6355344,2026-09-24
D1302,6355345,2026-09-24
D1302,6355429,2026-09-24
D1302,6357053,2026-09-26
D1302,6357108,2026-09-26
D1302,6357116,2026-09-26
D1302,6357146,2026-09-26
D1302,6357171,2026-09-26
D1302,6357181,2026-09-26
D1302,6400199,2026-10-06
D1302,6417780,2026-09-26
D1302,6418693,2026-09-02
D1302,6418736,2026-09-03
D1302,6425963,2026-09-15
D1302,6431250,2026-09-29
D1302,6444802,2026-08-31
D1302,6444827,2026-08-31
D1302,6444847,2026-08-31
D1302,6444867,2026-08-31
D1302,6444882,2026-08-31
D1302,6460236,2026-09-01
D1302,6460316,2026-09-01
D1302,6460338,2026-09-01
D1302,6460635,2026-08-31
D1302,6460641,2026-08-31
D1302,6460650,2026-08-31
D1302,6460694,2026-09-01
D1302,6466358,2026-10-05
D1302,6467156,2026-08-31
D1302,6468685,2026-10-02
D1302,6472919,2026-09-30
D1302,6472988,2026-09-30
D1302,6499382,2026-09-01
D1302,6508182,2026-09-05
D1302,6513605,2026-10-02
D1302,6517738,2026-09-02
D1302,6517740,2026-09-02
D1302,6518149,2026-09-02
D1302,6520580,2026-09-02
D1302,6520589,2026-09-02
D1302,6520753,2026-09-02
D1302,6520803,2026-09-02
D1302,6532398,2026-09-08
D1302,6534067,2026-09-02
D1302,6543829,2026-09-23
D1302,6544230,2026-10-03
D1302,6588508,2026-10-05
D1302,6591316,2026-10-03
D1302,6594434,2026-10-06
D1302,6595117,2026-10-03
D1302,6595120,2026-10-03
D1302,6596305,2026-09-04
D1302,6602830,2026-09-08
D1302,6623768,2026-09-04
D1302,6623773,2026-09-04
D1302,6623775,2026-09-04
D1302,6623782,2026-09-04
D1302,6624210,2026-09-04
D1302,6624261,2026-09-04
D1302,6635342,2026-10-02
D1302,6635728,2026-09-04
D1302,6635778,2026-09-04
D1302,6636789,2026-09-04
D1302,6636795,2026-09-04
D1302,6636796,2026-09-04
D1302,6641958,2026-09-05
D1302,6644331,2026-10-06
D1302,6681814,2026-09-06
D1302,6681815,2026-09-06
D1302,6692193,2026-09-08
D1302,6692530,2026-09-08
D1302,6692603,2026-09-07
D1302,6692611,2026-09-07
D1302,6692656,2026-09-08
D1302,6697399,2026-09-07
D1302,6697418,2026-09-07
D1302,6699097,2026-09-08
D1302,6699110,2026-09-08
D1302,6699133,2026-09-08
D1302,6702894,2026-10-01
D1302,6703442,2026-10-01
D1302,6705633,2026-09-08
D1302,6707227,2026-10-06
D1302,6711066,2026-09-08
D1302,6711303,2026-09-08
D1302,6725586,2026-09-08
D1302,6728182,2026-09-11
D1302,6734756,2026-09-08
D1302,6736144,2026-09-08
D1302,6736381,2026-09-08
D1302,6739007,2026-09-09
D1302,6739021,2026-09-09
D1302,6739023,2026-09-09
D1302,6739024,2026-09-09
D1302,6739273,2026-10-02
D1302,6740931,2026-10-02
D1302,6741113,2026-10-02
D1302,6743723,2026-10-03
D1302,6743742,2026-10-03
D1302,6744904,2026-10-02
D1302,6747858,2026-09-09
D1302,6748195,2026-09-09
D1302,6749377,2026-10-06
D1302,6753215,2026-09-09
D1302,6766036,2026-09-10
D1302,6767488,2026-09-09
D1302,6774139,2026-09-09
D1302,6776296,2026-09-09
D1302,6776301,2026-09-09
D1302,6776304,2026-09-09
D1302,6776307,2026-09-09
D1302,6776312,2026-09-09
D1302,6776326,2026-09-09
D1302,6777632,2026-10-02
D1302,6778321,2026-10-03
D1302,6778686,2026-10-03
D1302,6778710,2026-10-03
D1302,6779379,2026-10-03
D1302,6779549,2026-10-02
D1302,6780827,2026-10-03
D1302,6780932,2026-10-03
D1302,6780968,2026-10-03
D1302,6781565,2026-10-06
D1302,6783385,2026-09-10
D1302,6798193,2026-09-10
D1302,6798450,2026-09-10
D1302,6799531,2026-09-11
D1302,6804905,2026-09-10
D1302,6807012,2026-09-11
D1302,6807038,2026-09-11
D1302,6807055,2026-09-11
D1302,6807602,2026-10-03
D1302,6807982,2026-10-04
D1302,6808314,2026-10-04
D1302,6809105,2026-10-05
D1302,6826110,2026-09-11
D1302,6827355,2026-09-11
D1302,6831663,2026-09-12
D1302,6831672,2026-09-12
D1302,6831685,2026-09-12
D1302,6831697,2026-09-12
D1302,6831700,2026-09-12
D1302,6832150,2026-09-12
D1302,6832196,2026-09-22
D1302,6832567,2026-09-12
D1302,6845719,2026-09-12
D1302,6845727,2026-09-12
D1302,6856558,2026-09-13
D1302,6862795,2026-09-15
D1302,6863022,2026-09-15
D1302,6863120,2026-09-15
D1302,6865301,2026-09-14
D1302,6866555,2026-09-15
D1302,6866572,2026-09-15
D1302,6866574,2026-09-15
D1302,6866576,2026-09-15
D1302,6866586,2026-09-15
D1302,6866593,2026-09-15
D1302,6881754,2026-09-15
D1302,6882115,2026-09-20
D1302,6882155,2026-09-21
D1302,6882775,2026-10-03
D1302,6882833,2026-10-04
D1302,6883710,2026-10-05
D1302,6894752,2026-09-15
D1302,6899817,2026-09-15
D1302,6900317,2026-09-15
D1302,6908721,2026-09-16
D1302,6908729,2026-09-16
D1302,6908736,2026-09-16
D1302,6908749,2026-09-16
D1302,6908752,2026-09-16
D1302,6908761,2026-09-16
D1302,6908762,2026-09-16
D1302,6910692,2026-09-16
D1302,6910922,2026-09-28
D1302,6910930,2026-09-28
D1302,6942778,2026-09-16
D1302,6942794,2026-09-16
D1302,6943667,2026-09-17
D1302,6943669,2026-09-17
D1302,6943676,2026-09-17
D1302,6943678,2026-09-17
D1302,6943681,2026-09-17
D1302,6943686,2026-09-17
D1302,6943687,2026-09-17
D1302,6943690,2026-09-17
D1302,6943693,2026-09-17
D1302,6943695,2026-09-17
D1302,6943697,2026-09-17
D1302,6943700,2026-09-17
D1302,6943701,2026-09-17
D1302,6945095,2026-09-17
D1302,6946869,2026-09-17
D1302,6946976,2026-09-17
D1302,6947579,2026-09-17
D1302,6947689,2026-09-17
D1302,6963930,2026-09-17
D1302,6963953,2026-09-17
D1302,6968643,2026-09-18
D1302,6969567,2026-09-18
D1302,6969569,2026-09-18
D1302,6969572,2026-09-18
D1302,6971461,2026-09-18
D1302,6971534,2026-09-18
D1302,6972524,2026-09-18
D1302,6985939,2026-09-18
D1302,6993113,2026-09-18
D1302,6994735,2026-09-18
D1302,6995466,2026-09-18
D1302,6996727,2026-09-18
D1302,7001735,2026-09-18
D1302,7010514,2026-09-19
D1302,7010689,2026-09-19
D1302,7010690,2026-09-19
D1302,7010715,2026-09-19
D1302,7010717,2026-09-19
D1302,7013032,2026-09-19
D1302,7013311,2026-09-19
D1302,7013926,2026-09-19
D1302,7013971,2026-09-19
D1302,7013986,2026-09-19
D1302,7014766,2026-09-19
D1302,7015259,2026-10-06
D1302,7015399,2026-10-01
D1302,7015403,2026-10-01
D1302,7030805,2026-09-19
D1302,7030806,2026-09-19
D1302,7032512,2026-09-19
D1302,7038517,2026-09-20
D1302,7038729,2026-09-20
D1302,7039547,2026-09-20
D1302,7039742,2026-10-02
D1302,7039773,2026-10-02
D1302,7042569,2026-10-05
D1302,7044967,2026-09-20
D1302,7046118,2026-09-21
D1302,7053408,2026-09-21
D1302,7053467,2026-09-21
D1302,7053722,2026-09-22
D1302,7053725,2026-09-21
D1302,7053765,2026-09-21
D1302,7057328,2026-09-21
D1302,7057354,2026-09-21
D1302,7059224,2026-10-06
D1302,7061922,2026-09-21
D1302,7062657,2026-09-21
D1302,7066369,2026-09-21
D1302,7066406,2026-10-01
D1302,7067980,2026-09-22
D1302,7068282,2026-09-22
D1302,7068285,2026-09-22
D1302,7068292,2026-09-22
D1302,7068303,2026-09-22
D1302,7068370,2026-09-22
D1302,7068376,2026-09-22
D1302,7068671,2026-09-25
D1302,7070498,2026-09-22
D1302,7071457,2026-10-04
D1302,7072323,2026-09-22
D1302,7072354,2026-09-22
D1302,7072356,2026-09-22
D1302,7074702,2026-09-22
D1302,7094108,2026-09-22
D1302,7094657,2026-09-22
D1302,7096147,2026-09-22
D1302,7102893,2026-09-22
D1302,7104321,2026-09-22
D1302,7104336,2026-09-22
D1302,7104811,2026-09-23
D1302,7104812,2026-09-23
D1302,7104828,2026-09-23
D1302,7105580,2026-09-23
D1302,7105593,2026-09-23
D1302,7106603,2026-09-23
D1302,7108130,2026-09-26
D1302,7112005,2026-09-23
D1302,7112365,2026-09-23
D1302,7112690,2026-09-23
D1302,7112718,2026-10-02
D1302,7112813,2026-09-23
D1302,7113008,2026-09-23
D1302,7113167,2026-09-23
D1302,7113238,2026-09-23
D1302,7115118,2026-09-23
D1302,7116046,2026-09-23
D1302,7117681,2026-09-23
D1302,7117713,2026-09-23
D1302,7117747,2026-09-23
D1302,7117777,2026-09-23
D1302,7126119,2026-09-23
D1302,7133433,2026-09-23
D1302,7136183,2026-09-25
D1302,7137710,2026-09-23
D1302,7137885,2026-09-23
D1302,7137911,2026-09-23
D1302,7137927,2026-09-23
D1302,7137934,2026-09-23
D1302,7137976,2026-09-23
D1302,7138008,2026-09-23
D1302,7138018,2026-09-23
D1302,7138047,2026-09-23
D1302,7138102,2026-09-23
D1302,7138140,2026-09-23
D1302,7138157,2026-09-23
D1302,7138168,2026-09-23
D1302,7138197,2026-09-23
D1302,7148057,2026-09-23
D1302,7151283,2026-10-05
D1302,7155124,2026-09-24
D1302,7155161,2026-09-24
D1302,7155435,2026-09-24
D1302,7155448,2026-09-24
D1302,7155889,2026-09-24
D1302,7155967,2026-09-24
D1302,7158160,2026-09-24
D1302,7158324,2026-09-24
D1302,7158343,2026-09-24
D1302,7158444,2026-09-24
D1302,7158539,2026-09-24
D1302,7158540,2026-09-24
D1302,7162737,2026-09-24
D1302,7162765,2026-09-24
D1302,7163644,2026-09-24
D1302,7165384,2026-09-24
D1302,7168270,2026-09-24
D1302,7168673,2026-09-24
D1302,7347008,2026-09-25
D1302,7347013,2026-09-25
D1302,7347018,2026-09-25
D1302,7347313,2026-10-05
D1302,7347514,2026-10-03
D1302,7347798,2026-10-06
D1302,7349531,2026-09-25
D1302,7349537,2026-09-25
D1302,7349572,2026-09-25
D1302,7349756,2026-09-25
D1302,7349843,2026-09-25
D1302,7352045,2026-09-25
D1302,7352308,2026-09-25
D1302,7363029,2026-09-25
D1302,7363071,2026-09-25
D1302,7380917,2026-09-25
D1302,7385219,2026-09-25
D1302,7389350,2026-09-25
D1302,7395010,2026-09-25
D1302,7395237,2026-09-25
D1302,7396844,2026-09-25
D1302,7398331,2026-10-05
D1302,7398380,2026-10-05
D1302,7398413,2026-10-05
D1302,7398547,2026-10-05
D1302,7398629,2026-10-05
D1302,7398638,2026-10-05
D1302,7398659,2026-10-05
D1302,7399923,2026-09-25
D1302,7400980,2026-09-26
D1302,7400995,2026-09-26
D1302,7401135,2026-09-26
D1302,7401137,2026-09-26
D1302,7401139,2026-09-26
D1302,7401162,2026-09-26
D1302,7402427,2026-09-26
D1302,7403208,2026-09-26
D1302,7403222,2026-09-26
D1302,7403227,2026-09-26
D1302,7403302,2026-09-26
D1302,7403313,2026-09-26
D1302,7403327,2026-09-26
D1302,7403340,2026-09-26
D1302,7403341,2026-09-26
D1302,7403345,2026-09-26
D1302,7403350,2026-09-26
D1302,7403352,2026-09-26
D1302,7403357,2026-09-26
D1302,7403358,2026-09-26
D1302,7403852,2026-09-26
D1302,7403877,2026-09-26
D1302,7404276,2026-09-26
D1302,7404623,2026-09-26
D1302,7404641,2026-09-26
D1302,7404656,2026-09-26
D1302,7404659,2026-09-26
D1302,7404679,2026-09-26
D1302,7404684,2026-09-26
D1302,7404701,2026-09-26
D1302,7404703,2026-09-26
D1302,7405259,2026-10-02
D1302,7405266,2026-09-26
D1302,7405345,2026-09-26
D1302,7406972,2026-10-06
D1302,7407990,2026-09-26
D1302,7407991,2026-09-26
D1302,7408236,2026-09-26
D1302,7420629,2026-09-26
D1302,7421880,2026-09-26
D1302,7421881,2026-09-26
D1302,7421883,2026-09-26
D1302,7421884,2026-09-26
D1302,7421891,2026-09-26
D1302,7421914,2026-09-26
D1302,7424480,2026-09-26
D1302,7424884,2026-09-26
D1302,7424887,2026-09-26
D1302,7430150,2026-09-26
D1302,7430713,2026-10-05
D1302,7431007,2026-10-05
D1302,7431063,2026-10-05
D1302,7431844,2026-09-26
D1302,7436128,2026-10-01
D1302,7452024,2026-09-27
D1302,7453898,2026-09-28
D1302,7465002,2026-09-29
D1302,7465206,2026-09-29
D1302,7470949,2026-10-05
D1302,7470984,2026-10-05
D1302,7471154,2026-09-28
D1302,7471552,2026-10-03
D1302,7471708,2026-09-28
D1302,7471709,2026-09-28
D1302,7471710,2026-09-28
D1302,7471713,2026-09-28
D1302,7471773,2026-09-28
D1302,7472696,2026-09-29
D1302,7472890,2026-09-29
D1302,7472902,2026-09-29
D1302,7472906,2026-09-29
D1302,7472911,2026-09-29
D1302,7472920,2026-09-29
D1302,7472924,2026-09-29
D1302,7472929,2026-09-29
D1302,7472934,2026-09-29
D1302,7472936,2026-09-29
D1302,7472942,2026-09-29
D1302,7472943,2026-09-29
D1302,7472944,2026-09-29
D1302,7472946,2026-09-29
D1302,7472948,2026-09-29
D1302,7472961,2026-09-29
D1302,7472965,2026-09-29
D1302,7472966,2026-09-29
D1302,7473122,2026-10-05
D1302,7473699,2026-09-29
D1302,7473746,2026-09-29
D1302,7473840,2026-09-29
D1302,7474216,2026-09-29
D1302,7474217,2026-09-29
D1302,7474253,2026-10-06
D1302,7474600,2026-09-29
D1302,7475834,2026-09-29
D1302,7475919,2026-09-29
D1302,7477273,2026-09-29
D1302,7477645,2026-09-29
D1302,7477667,2026-09-29
D1302,7477951,2026-09-29
D1302,7477955,2026-09-29
D1302,7478104,2026-09-29
D1302,7479609,2026-10-01
D1302,7479920,2026-09-29
D1302,7489584,2026-10-02
D1302,7490263,2026-09-29
D1302,7492234,2026-09-29
D1302,7492961,2026-09-29
D1302,7493917,2026-09-29
D1302,7494886,2026-10-05
D1302,7496072,2026-09-29
D1302,7496359,2026-09-30
D1302,7496377,2026-09-30
D1302,7497120,2026-09-30
D1302,7497352,2026-09-30
D1302,7497367,2026-09-30
D1302,7497372,2026-09-30
D1302,7497378,2026-09-30
D1302,7498614,2026-10-06
D1302,7498861,2026-10-06
D1302,7499694,2026-09-30
D1302,7499865,2026-09-30
D1302,7499951,2026-09-30
D1302,7515086,2026-10-01
D1302,7516205,2026-10-01
D1302,7516452,2026-09-30
D1302,7517934,2026-09-30
D1302,7533802,2026-10-05
D1302,7533904,2026-10-05
D1302,7534411,2026-09-30
D1302,7534418,2026-09-30
D1302,7534420,2026-09-30
D1302,7534421,2026-09-30
D1302,7534433,2026-09-30
D1302,7534438,2026-09-30
D1302,7534441,2026-09-30
D1302,7534443,2026-09-30
D1302,7534513,2026-09-30
D1302,7534547,2026-09-30
D1302,7534594,2026-09-30
D1302,7534999,2026-09-30
D1302,7535001,2026-09-30
D1302,7535305,2026-10-01
D1302,7535332,2026-10-01
D1302,7536520,2026-10-01
D1302,7536521,2026-10-01
D1302,7536524,2026-10-01
D1302,7536811,2026-10-01
D1302,7536926,2026-10-01
D1302,7536927,2026-10-01
D1302,7536929,2026-10-01
D1302,7538751,2026-10-01
D1302,7538804,2026-10-01
D1302,7539625,2026-10-01
D1302,7539631,2026-10-01
D1302,7539638,2026-10-02
D1302,7539646,2026-10-01
D1302,7539697,2026-10-01
D1302,7540516,2026-10-06
D1302,7543674,2026-10-01
D1302,7543688,2026-10-01
D1302,7543691,2026-10-01
D1302,7543695,2026-10-01
D1302,7543705,2026-10-01
D1302,7553290,2026-10-05
D1302,7556024,2026-10-01
D1302,7557605,2026-10-01
D1302,7559322,2026-10-01
D1302,7559337,2026-10-01
D1302,7560637,2026-10-01
D1302,7564567,2026-10-05
D1302,7564577,2026-10-05
D1302,7564590,2026-10-05
D1302,7564969,2026-10-01
D1302,7565473,2026-10-01
D1302,7565485,2026-10-01
D1302,7565522,2026-10-01
D1302,7565545,2026-10-01
D1302,7565621,2026-10-01
D1302,7565923,2026-10-01
D1302,7566078,2026-10-01
D1302,7566113,2026-10-01
D1302,7566144,2026-10-01
D1302,7566281,2026-10-01
D1302,7566282,2026-10-01
D1302,7566751,2026-10-01
D1302,7567189,2026-10-01
D1302,7567665,2026-10-02
D1302,7567677,2026-10-02
D1302,7567680,2026-10-02
D1302,7567681,2026-10-02
D1302,7567696,2026-10-02
D1302,7567700,2026-10-02
D1302,7567705,2026-10-02
D1302,7568014,2026-10-02
D1302,7569824,2026-10-02
D1302,7569932,2026-10-02
D1302,7569957,2026-10-02
D1302,7570048,2026-10-02
D1302,7570900,2026-10-02
D1302,7570912,2026-10-02
D1302,7570946,2026-10-02
D1302,7570954,2026-10-02
D1302,7571426,2026-10-02
D1302,7571726,2026-10-06
D1302,7572370,2026-10-02
D1302,7573774,2026-10-06
D1302,7577315,2026-10-02
D1302,7577327,2026-10-02
D1302,7586549,2026-10-02
D1302,7586625,2026-10-02
D1302,7586772,2026-10-02
D1302,7588711,2026-10-02
D1302,7590448,2026-10-02
D1302,7590604,2026-10-02
D1302,7595904,2026-10-02
D1302,7597227,2026-10-02
D1302,7598906,2026-10-02
D1302,7599297,2026-10-02
D1302,7600387,2026-10-02
D1302,7600451,2026-10-02
D1302,7600509,2026-10-02
D1302,7600514,2026-10-02
D1302,7600516,2026-10-02
D1302,7600518,2026-10-02
D1302,7600556,2026-10-02
D1302,7600641,2026-10-02
D1302,7600870,2026-10-02
D1302,7601332,2026-10-03
D1302,7601342,2026-10-03
D1302,7601360,2026-10-03
D1302,7601513,2026-10-03
D1302,7601592,2026-10-03
D1302,7601734,2026-10-03
D1302,7601843,2026-10-03
D1302,7601844,2026-10-03
D1302,7601845,2026-10-04
D1302,7601847,2026-10-04
D1302,7602553,2026-10-03
D1302,7602935,2026-10-03
D1302,7602937,2026-10-03
D1302,7602982,2026-10-03
D1302,7603080,2026-10-03
D1302,7603122,2026-10-03
D1302,7603185,2026-10-03
D1302,7603226,2026-10-03
D1302,7603230,2026-10-03
D1302,7603236,2026-10-03
D1302,7603245,2026-10-03
D1302,7603249,2026-10-03
D1302,7603264,2026-10-03
D1302,7603273,2026-10-03
D1302,7603276,2026-10-03
D1302,7603635,2026-10-03
D1302,7604032,2026-10-03
D1302,7604475,2026-10-03
D1302,7607198,2026-10-03
D1302,7607199,2026-10-03
D1302,7607205,2026-10-03
D1302,7607214,2026-10-03
D1302,7624487,2026-10-03
D1302,7626366,2026-10-03
D1302,7627111,2026-10-03
D1302,7630184,2026-10-03
D1302,7632614,2026-10-03
D1302,7635959,2026-10-03
D1302,7636934,2026-10-06
D1302,7639641,2026-10-04
D1302,7639902,2026-10-06
D1302,7655922,2026-10-04
D1302,7656829,2026-10-04
D1302,7657023,2026-10-04
D1302,7657061,2026-10-04
D1302,7657161,2026-10-04
D1302,7657606,2026-10-05
D1302,7657799,2026-10-05
D1302,7657808,2026-10-05
D1302,7657815,2026-10-05
D1302,7657822,2026-10-05
D1302,7657831,2026-10-05
D1302,7657850,2026-10-05
D1302,7657881,2026-10-05
D1302,7664859,2026-10-05
D1302,7664915,2026-10-05
D1302,7664938,2026-10-05
D1302,7664943,2026-10-05
D1302,7664965,2026-10-05
D1302,7664974,2026-10-05
D1302,7665125,2026-10-05
D1302,7666736,2026-10-05
D1302,7672720,2026-10-05
D1302,7673172,2026-10-05
D1302,7673208,2026-10-05
D1302,7673924,2026-10-05
D1302,7674169,2026-10-05
D1302,7674402,2026-10-05
D1302,7674423,2026-10-05
D1302,7675298,2026-10-05
D1302,7675412,2026-10-05
D1302,7675881,2026-10-05
D1302,7675885,2026-10-05
D1302,7676643,2026-10-05
D1302,7676678,2026-10-05
D1302,7676857,2026-10-05
D1302,7676969,2026-10-05
D1302,7677010,2026-10-05
D1302,7677601,2026-10-06
D1302,7677606,2026-10-06
D1302,7677649,2026-10-06
D1302,7678001,2026-10-06
D1302,7678014,2026-10-06
D1302,7678926,2026-10-06
D1302,7679160,2026-10-06
D1302,7679161,2026-10-06
D1302,7679298,2026-10-06
D1302,7679331,2026-10-06
D1302,7679347,2026-10-06
D1302,7679350,2026-10-06
D1302,7679353,2026-10-06
D1302,7679362,2026-10-06
D1302,7679371,2026-10-06
D1302,7679408,2026-10-06
D1302,7679450,2026-10-06
D1302,7679504,2026-10-06
D1302,7679507,2026-10-06
D1302,7679578,2026-10-06
D1302,7679654,2026-10-06
D1302,7680421,2026-10-06
D1302,7680880,2026-10-06
D1302,7700071,2026-10-06
D1402,212CNMC,2026-10-02
D1402,212DBRQ,2026-09-23
D1402,212FTLR,2026-10-01
D1402,212GPTM,2026-09-21
D1402,212JJVP,2026-10-02
D1402,212JZHR,2026-10-02
D1402,212LZJS,2026-09-22
D1402,212NVWJ,2026-09-30
D1402,212SFZR,2026-10-05
D1402,212YDQK,2026-09-25
D1402,212YFBG,2026-10-05
D1402,212YFFS,2026-10-05
D1402,213DVLG,2026-09-30
D1402,213DZWX,2026-10-01
D1402,213FYQC,2026-10-05
D1402,213GQFN,2026-09-30
D1402,213HKRR,2026-10-01
D1402,213HNCS,2026-10-01
D1402,213JPRJ,2026-10-01
D1402,213LYWP,2026-09-27
D1402,213MDHV,2026-10-05
D1402,213MFKH,2026-09-23
D1402,213NCSN,2026-09-30
D1402,213NHPH,2026-10-05
D1402,213NKSH,2026-10-05
D1402,213NKTT,2026-10-05
D1402,213NKVR,2026-10-05
D1402,213NKWF,2026-10-05
D1402,213NKYW,2026-10-05
D1402,213NLBB,2026-10-05
D1402,213NLBY,2026-10-05
D1402,213NQXR,2026-10-01
D1402,213PVVL,2026-10-02
D1402,213RLFZ,2026-09-26
D1402,213RQXP,2026-09-23
D1402,213RSRV,2026-09-26
D1402,213RWGL,2026-09-11
D1402,213SKNH,2026-09-26
D1402,213SLFK,2026-10-05
D1402,213SZRZ,2026-10-02
D1402,213TBJM,2026-10-05
D1402,213TDQM,2026-09-27
D1402,213THCZ,2026-09-27
D1402,213THGZ,2026-09-11
D1402,213TQGX,2026-09-27
D1402,213TRGL,2026-09-27
D1402,213VGCD,2026-09-30
D1402,213WCQP,2026-10-05
D1402,213WSLW,2026-10-01
D1402,213XDBQ,2026-10-01
D1402,213XYVW,2026-10-02
D1402,213YDDK,2026-10-05
D1402,213YHCW,2026-10-05
D1402,213YHPP,2026-10-02
D1402,213YHXW,2026-10-05
D1402,213YKPM,2026-10-02
D1402,213YXZN,2026-10-02
D1402,213YYFC,2026-10-02
D1402,213ZMYS,2026-10-03
D1402,213ZMZB,2026-09-17
D1402,213ZNQD,2026-10-03
D1402,213ZSTC,2026-09-29
D1402,214BVVD,2026-10-04
D1402,214BYKH,2026-10-04
D1402,214BZFJ,2026-10-04
D1402,214CDBD,2026-09-21
D1402,214CMCH,2026-10-04
D1402,214CWBF,2026-09-21
D1402,214CWCW,2026-09-21
D1402,214DKXZ,2026-09-22
D1402,214DPYF,2026-09-23
D1402,214DSKX,2026-09-28
D1402,214FBTS,2026-09-22
D1402,214FTSP,2026-09-30
D1402,214FWRR,2026-09-22
D1402,214FWSF,2026-09-22
D1402,214FWVX,2026-09-22
D1402,214FWXC,2026-09-22
D1402,214FWXW,2026-09-22
D1402,214FWYS,2026-09-22
D1402,214FWZC,2026-09-22
D1402,214FWZN,2026-09-22
D1402,214FWZV,2026-09-22
D1402,214FXBN,2026-09-22
D1402,214FXCK,2026-09-22
D1402,214FXCS,2026-09-22
D1402,214FXCZ,2026-09-22
D1402,214FXDX,2026-09-22
D1402,214FXFN,2026-09-22
D1402,214FXFW,2026-09-22
D1402,214FXGC,2026-09-22
D1402,214FXGP,2026-09-22
D1402,214FXHH,2026-09-22
D1402,214FXHP,2026-09-22
D1402,214FXHZ,2026-09-22
D1402,214FXJJ,2026-09-22
D1402,214FXJS,2026-09-22
D1402,214GBZS,2026-09-23
D1402,214GNWG,2026-09-23
D1402,214GTLY,2026-10-05
D1402,214GVNX,2026-10-02
D1402,214HFTN,2026-09-23
D1402,214HKPX,2026-09-23
D1402,214HPZP,2026-09-23
D1402,214HQRY,2026-09-23
D1402,214HQTT,2026-09-23
D1402,214JCWL,2026-09-24
D1402,214JFMJ,2026-09-24
D1402,214JGJT,2026-09-24
D1402,214JGXK,2026-09-24
D1402,214JLRQ,2026-09-24
D1402,214JMGN,2026-09-24
D1402,214JNTQ,2026-09-24
D1402,214JSXJ,2026-10-05
D1402,214KBJZ,2026-09-25
D1402,214KFSH,2026-09-25
D1402,214KJHB,2026-09-25
D1402,214KLVN,2026-09-28
D1402,214KNRK,2026-09-25
D1402,214LDCJ,2026-09-28
D1402,214LJMQ,2026-09-25
D1402,214LLLB,2026-09-28
D1402,214LTNB,2026-09-28
D1402,214LWVN,2026-09-28
D1402,214MBPL,2026-09-30
D1402,214MJDF,2026-09-28
D1402,214MTVX,2026-09-29
D1402,214MYTM,2026-09-30
D1402,214NBRP,2026-09-29
D1402,214NGYV,2026-09-30
D1402,214NJVQ,2026-09-29
D1402,214NLKM,2026-10-05
D1402,214NXFT,2026-09-29
D1402,214NYMK,2026-09-29
D1402,214PNTQ,2026-10-05
D1402,214PYMN,2026-10-01
D1402,214QCNW,2026-10-02
D1402,214QFGW,2026-10-01
D1402,214QLVX,2026-10-01
D1402,214QMQY,2026-10-01
D1402,214QYWP,2026-10-02
D1402,214RCPN,2026-10-05
D1402,214RCQJ,2026-10-05
D1402,214RCQZ,2026-10-05
D1402,214RCRS,2026-10-05
D1402,214RCSM,2026-10-05
D1402,214RCTM,2026-10-05
D1402,214RCVF,2026-10-05
D1402,214RCVX,2026-10-05
D1402,214RCWP,2026-10-05
D1402,214RCXG,2026-10-05
D1402,214RCYB,2026-10-05
D1402,214RCYX,2026-10-05
D1402,214RCZW,2026-10-05
D1402,214RGFB,2026-10-01
D1402,214RGGS,2026-10-01
D1402,214RQYS,2026-10-02
D1402,214RRGV,2026-10-02
D1402,214RXQL,2026-10-02
D1402,214RXRG,2026-10-02
D1402,214RXRY,2026-10-02
D1402,214RXSN,2026-10-02
D1402,214RXVN,2026-10-02
D1402,214RXYG,2026-10-02
D1402,214RXZN,2026-10-02
D1402,214RYBQ,2026-10-02
D1402,214RYBY,2026-10-02
D1402,214RYDL,2026-10-02
D1402,214RYFM,2026-10-02
D1402,214RYGL,2026-10-02
D1402,214RYGZ,2026-10-02
D1402,214RYHP,2026-10-02
D1402,214RYKJ,2026-10-02
D1402,214RYLF,2026-10-02
D1402,214RYMH,2026-10-02
D1402,214RYNF,2026-10-02
D1402,214RYPF,2026-10-02
D1402,214RYQB,2026-10-02
D1402,214RYRF,2026-10-02
D1402,214RYSM,2026-10-02
D1402,214RYTL,2026-10-02
D1402,214RYWG,2026-10-02
D1402,214RYXH,2026-10-02
D1402,214RYYD,2026-10-02
D1402,214RYYT,2026-10-02
D1402,214RYZR,2026-10-02
D1402,214RZBV,2026-10-02
D1402,214RZCT,2026-10-02
D1402,214RZDM,2026-10-02
D1402,214RZFF,2026-10-02
D1402,214RZGH,2026-10-02
D1402,214RZHG,2026-10-02
D1402,214RZKD,2026-10-02
D1402,214RZKZ,2026-10-02
D1402,214RZNW,2026-10-02
D1402,214RZQT,2026-10-02
D1402,214RZRF,2026-10-02
D1402,214RZSG,2026-10-02
D1402,214RZTD,2026-10-02
D1402,214RZTT,2026-10-02
D1402,214RZVN,2026-10-02
D1402,214RZWP,2026-10-02
D1402,214SDJP,2026-10-02
D1402,214SDKR,2026-10-02
D1402,214SGBG,2026-10-02
D1402,214SGPZ,2026-10-02
D1402,214SHLR,2026-10-02
D1402,214SLPL,2026-10-02
D1402,214SYCC,2026-10-03
D1402,214TQPZ,2026-10-05
D1402,214VCNC,2026-10-06
D1402,214VDJB,2026-10-06
D1402,214VDKR,2026-10-06
D1402,214VDNC,2026-10-06
D1402,214VDYT,2026-10-06
D1402,214VGHQ,2026-10-06
D1402,214VNHY,2026-10-06
D1402,214VPNZ,2026-10-06
D1402,5708030,2026-08-25
D1402,5779551,2026-08-06
D1402,5791940,2026-08-06
D1402,5940166,2026-08-12
D1402,5940773,2026-08-12
D1402,5959867,2026-08-22
D1402,5959896,2026-09-02
D1402,6000918,2026-08-14
D1402,6026587,2026-09-21
D1402,6050124,2026-10-03
D1402,6051021,2026-08-17
D1402,6090172,2026-09-17
D1402,6181690,2026-08-21
D1402,6236516,2026-08-24
D1402,6241022,2026-09-23
D1402,6265992,2026-08-28
D1402,6315044,2026-09-08
D1402,6315047,2026-09-08
D1402,6315054,2026-09-08
D1402,6315555,2026-09-02
D1402,6315556,2026-09-02
D1402,6315563,2026-09-02
D1402,6315577,2026-09-02
D1402,6318456,2026-08-29
D1402,6322942,2026-08-27
D1402,6358534,2026-08-28
D1402,6358546,2026-08-28
D1402,6395185,2026-08-29
D1402,6399442,2026-08-29
D1402,6429062,2026-09-28
D1402,6444756,2026-08-31
D1402,6444781,2026-08-31
D1402,6444783,2026-08-31
D1402,6444836,2026-08-31
D1402,6444854,2026-08-31
D1402,6461778,2026-10-05
D1402,6466016,2026-09-08
D1402,6466019,2026-09-08
D1402,6532454,2026-10-05
D1402,6535161,2026-09-27
D1402,6570999,2026-09-24
D1402,6589111,2026-09-03
D1402,6589171,2026-09-03
D1402,6590029,2026-09-03
D1402,6590144,2026-09-03
D1402,6590147,2026-09-03
D1402,6590148,2026-09-03
D1402,6598567,2026-09-04
D1402,6635697,2026-09-04
D1402,6635709,2026-09-04
D1402,6644201,2026-09-05
D1402,6707340,2026-09-08
D1402,6729351,2026-09-08
D1402,6735676,2026-09-08
D1402,6736124,2026-09-08
D1402,6738686,2026-09-09
D1402,6747476,2026-09-09
D1402,6747477,2026-09-09
D1402,6747478,2026-09-09
D1402,6747487,2026-09-09
D1402,6747494,2026-09-09
D1402,6747506,2026-09-09
D1402,6747510,2026-09-09
D1402,6747513,2026-09-09
D1402,6772819,2026-09-09
D1402,6773086,2026-09-09
D1402,6774179,2026-09-09
D1402,6776406,2026-10-03
D1402,6776407,2026-10-03
D1402,6782049,2026-09-10
D1402,6803150,2026-09-10
D1402,6803575,2026-09-10
D1402,6808091,2026-09-11
D1402,6809003,2026-10-04
D1402,6809345,2026-10-04
D1402,6825885,2026-10-01
D1402,6826397,2026-09-11
D1402,6826423,2026-09-11
D1402,6832409,2026-09-12
D1402,6832973,2026-10-06
D1402,6884584,2026-10-05
D1402,6884597,2026-09-15
D1402,6884619,2026-10-05
D1402,6907264,2026-10-02
D1402,6911306,2026-09-16
D1402,6962461,2026-10-06
D1402,6963690,2026-09-17
D1402,6963937,2026-09-17
D1402,6964022,2026-09-17
D1402,6964547,2026-09-17
D1402,6968921,2026-09-23
D1402,6968928,2026-09-23
D1402,6969735,2026-09-18
D1402,6970105,2026-09-18
D1402,6988083,2026-09-18
D1402,6992127,2026-09-18
D1402,6992280,2026-09-18
D1402,6994598,2026-09-18
D1402,6997231,2026-09-18
D1402,6997257,2026-09-18
D1402,6997274,2026-09-18
D1402,6997306,2026-09-18
D1402,6997308,2026-09-18
D1402,6997328,2026-09-18
D1402,6997334,2026-09-18
D1402,6999224,2026-09-18
D1402,6999233,2026-09-18
D1402,6999275,2026-09-18
D1402,6999279,2026-09-18
D1402,6999280,2026-09-18
D1402,6999281,2026-09-18
D1402,6999284,2026-09-18
D1402,6999292,2026-09-18
D1402,6999294,2026-09-18
D1402,6999298,2026-09-18
D1402,6999302,2026-09-18
D1402,6999303,2026-09-18
D1402,6999313,2026-09-18
D1402,6999336,2026-09-18
D1402,6999347,2026-09-18
D1402,6999354,2026-09-18
D1402,6999377,2026-09-18
D1402,6999388,2026-09-18
D1402,6999392,2026-09-18
D1402,6999413,2026-09-18
D1402,6999432,2026-09-18
D1402,6999436,2026-09-18
D1402,6999445,2026-09-18
D1402,6999448,2026-09-18
D1402,6999451,2026-09-18
D1402,7000473,2026-09-18
D1402,7001868,2026-09-25
D1402,7005075,2026-09-18
D1402,7005098,2026-09-18
D1402,7005952,2026-09-18
D1402,7013846,2026-09-29
D1402,7036064,2026-09-20
D1402,7056987,2026-09-21
D1402,7058565,2026-09-21
D1402,7066392,2026-09-21
D1402,7066393,2026-09-21
D1402,7066637,2026-09-21
D1402,7070464,2026-09-22
D1402,7071763,2026-09-22
D1402,7091287,2026-09-22
D1402,7099635,2026-09-22
D1402,7111207,2026-09-23
D1402,7131992,2026-09-23
D1402,7132755,2026-09-23
D1402,7134851,2026-09-23
D1402,7149312,2026-09-23
D1402,7149333,2026-09-23
D1402,7149335,2026-09-23
D1402,7149337,2026-09-23
D1402,7149351,2026-09-23
D1402,7149355,2026-09-23
D1402,7149399,2026-09-26
D1402,7149433,2026-09-23
D1402,7149915,2026-09-23
D1402,7164997,2026-09-24
D1402,7165270,2026-09-24
D1402,7167961,2026-09-24
D1402,7168335,2026-09-24
D1402,7168481,2026-09-24
D1402,7168734,2026-09-24
D1402,7169191,2026-09-24
D1402,7169569,2026-09-24
D1402,7347773,2026-10-04
D1402,7348008,2026-10-02
D1402,7349671,2026-09-25
D1402,7351591,2026-09-25
D1402,7379886,2026-10-01
D1402,7380062,2026-09-25
D1402,7380133,2026-09-25
D1402,7385058,2026-09-25
D1402,7385067,2026-09-25
D1402,7385715,2026-09-25
D1402,7396800,2026-09-25
D1402,7397884,2026-09-25
D1402,7400867,2026-09-26
D1402,7402815,2026-09-26
D1402,7403910,2026-09-26
D1402,7404254,2026-09-26
D1402,7421971,2026-10-06
D1402,7427148,2026-09-26
D1402,7427428,2026-09-26
D1402,7429388,2026-09-26
D1402,7430394,2026-09-26
D1402,7430818,2026-10-05
D1402,7430833,2026-10-05
D1402,7430844,2026-10-05
D1402,7430962,2026-10-05
D1402,7430963,2026-10-05
D1402,7430965,2026-10-05
D1402,7437033,2026-09-27
D1402,7452027,2026-09-27
D1402,7453021,2026-09-28
D1402,7453022,2026-09-28
D1402,7465080,2026-09-29
D1402,7472652,2026-09-29
D1402,7474363,2026-09-29
D1402,7491196,2026-09-29
D1402,7491632,2026-09-29
D1402,7514671,2026-10-06
D1402,7516894,2026-09-30
D1402,7517693,2026-09-30
D1402,7531178,2026-09-30
D1402,7531275,2026-09-30
D1402,7532019,2026-09-30
D1402,7533796,2026-10-05
D1402,7533800,2026-10-05
D1402,7533849,2026-10-05
D1402,7533851,2026-10-05
D1402,7533852,2026-10-05
D1402,7534330,2026-10-05
D1402,7534359,2026-09-30
D1402,7534398,2026-09-30
D1402,7537813,2026-10-01
D1402,7537822,2026-10-01
D1402,7537831,2026-10-01
D1402,7553104,2026-10-01
D1402,7554345,2026-10-01
D1402,7555731,2026-10-01
D1402,7561171,2026-10-01
D1402,7561389,2026-10-01
D1402,7564865,2026-10-01
D1402,7565750,2026-10-01
D1402,7565986,2026-10-01
D1402,7566019,2026-10-01
D1402,7566074,2026-10-01
D1402,7566918,2026-10-01
D1402,7567111,2026-10-01
D1402,7567871,2026-10-02
D1402,7570345,2026-10-02
D1402,7570684,2026-10-02
D1402,7571082,2026-10-02
D1402,7586332,2026-10-02
D1402,7596126,2026-10-02
D1402,7597221,2026-10-02
D1402,7600093,2026-10-02
D1402,7600495,2026-10-02
D1402,7600906,2026-10-02
D1402,7601250,2026-10-03
D1402,7601400,2026-10-06
D1402,7601589,2026-10-03
D1402,7626273,2026-10-03
D1402,7626300,2026-10-03
D1402,7626333,2026-10-03
D1402,7626426,2026-10-03
D1402,7632305,2026-10-03
D1402,7632310,2026-10-03
D1402,7633118,2026-10-03
D1402,7635913,2026-10-03
D1402,7636006,2026-10-03
D1402,7636100,2026-10-04
D1402,7636407,2026-10-04
D1402,7655991,2026-10-04
D1402,7656054,2026-10-04
D1402,7656952,2026-10-04
D1402,7668855,2026-10-05
D1402,7669006,2026-10-05
D1402,7672859,2026-10-05
D1402,7673271,2026-10-05
D1402,7673279,2026-10-05
D1402,7673302,2026-10-05
D1402,7673366,2026-10-05
D1402,7673435,2026-10-05
D1402,7673591,2026-10-05
D1402,7673769,2026-10-05
D1402,7673940,2026-10-05
D1402,7674553,2026-10-05
D1402,7674622,2026-10-05
D1402,7675095,2026-10-05
D1402,7675149,2026-10-05
D1402,7675363,2026-10-05
D1402,7676872,2026-10-05
D1402,7677294,2026-10-06
D1509,212JFRT,2026-09-14
D1509,212ZCTY,2026-10-02
D1509,213CWKG,2026-09-23
D1509,213JMJJ,2026-09-22
D1509,213LGBG,2026-09-26
D1509,213LYCY,2026-09-30
D1509,213NBSM,2026-09-23
D1509,213QYSH,2026-09-25
D1509,213RJKL,2026-10-05
D1509,213RXHD,2026-09-25
D1509,213WFDY,2026-09-30
D1509,213WRLP,2026-09-15
D1509,213ZCLD,2026-09-30
D1509,214BYGH,2026-10-04
D1509,214CDZK,2026-09-25
D1509,214DGGH,2026-09-21
D1509,214DTPM,2026-09-23
D1509,214JBPZ,2026-09-24
D1509,214JJRL,2026-09-24
D1509,214KZGQ,2026-10-05
D1509,214LRSB,2026-09-29
D1509,214LYPM,2026-09-28
D1509,214LYQC,2026-09-28
D1509,214LZFV,2026-09-28
D1509,214LZGP,2026-09-28
D1509,214LZHH,2026-09-28
D1509,214MMQB,2026-09-28
D1509,214MMRJ,2026-09-29
D1509,214QDXX,2026-09-30
D1509,214RPHN,2026-10-02
D1509,214TLMQ,2026-10-05
D1509,5723190,2026-09-08
D1509,5723256,2026-09-21
D1509,5739559,2026-09-18
D1509,5739616,2026-09-18
D1509,5745463,2026-09-08
D1509,5745523,2026-09-26
D1509,5745534,2026-10-06
D1509,5801883,2026-09-11
D1509,5803091,2026-09-08
D1509,5836273,2026-09-08
D1509,5836304,2026-09-07
D1509,5836313,2026-09-08
D1509,5862451,2026-09-08
D1509,5887588,2026-10-02
D1509,5887610,2026-09-08
D1509,5901178,2026-08-11
D1509,5901951,2026-08-11
D1509,5938430,2026-09-08
D1509,5938433,2026-09-05
D1509,5947390,2026-09-08
D1509,5947525,2026-09-21
D1509,5947557,2026-09-21
D1509,5947586,2026-09-21
D1509,5947609,2026-10-01
D1509,5958771,2026-08-13
D1509,5976194,2026-09-23
D1509,5976265,2026-09-21
D1509,5999536,2026-08-14
D1509,6030662,2026-09-23
D1509,6030864,2026-10-02
D1509,6030886,2026-09-21
D1509,6040466,2026-09-23
D1509,6040506,2026-09-21
D1509,6062693,2026-09-21
D1509,6063439,2026-09-21
D1509,6063444,2026-09-21
D1509,6063449,2026-09-21
D1509,6092761,2026-09-21
D1509,6092800,2026-09-25
D1509,6092962,2026-09-21
D1509,6092992,2026-09-21
D1509,6092998,2026-09-21
D1509,6093031,2026-09-21
D1509,6093033,2026-09-21
D1509,6093034,2026-09-21
D1509,6125311,2026-08-20
D1509,6156520,2026-09-21
D1509,6156659,2026-09-21
D1509,6156703,2026-09-08
D1509,6178274,2026-08-21
D1509,6181164,2026-08-21
D1509,6190084,2026-09-21
D1509,6190225,2026-09-21
D1509,6190294,2026-09-21
D1509,6190302,2026-10-05
D1509,6190316,2026-09-21
D1509,6190324,2026-10-05
D1509,6190340,2026-09-21
D1509,6190376,2026-09-21
D1509,6190386,2026-09-21
D1509,6190424,2026-09-08
D1509,6190449,2026-09-21
D1509,6190468,2026-09-08
D1509,6190472,2026-09-21
D1509,6190474,2026-08-22
D1509,6190477,2026-08-22
D1509,6190479,2026-08-22
D1509,6190519,2026-09-23
D1509,6211754,2026-08-22
D1509,6211782,2026-08-22
D1509,6218734,2026-09-08
D1509,6223122,2026-08-23
D1509,6247141,2026-09-24
D1509,6247182,2026-09-08
D1509,6273451,2026-09-01
D1509,6273479,2026-08-25
D1509,6273485,2026-08-25
D1509,6273521,2026-08-25
D1509,6313580,2026-08-26
D1509,6326355,2026-09-26
D1509,6326474,2026-09-26
D1509,6418712,2026-08-29
D1509,6446732,2026-08-31
D1509,6446733,2026-08-31
D1509,6446734,2026-09-30
D1509,6465332,2026-08-31
D1509,6480716,2026-10-03
D1509,6480727,2026-10-01
D1509,6480733,2026-10-01
D1509,6480747,2026-10-01
D1509,6513818,2026-10-02
D1509,6513830,2026-10-02
D1509,6538149,2026-10-02
D1509,6544217,2026-10-03
D1509,6544221,2026-10-03
D1509,6544222,2026-10-03
D1509,6544237,2026-10-03
D1509,6602817,2026-09-04
D1509,6602828,2026-09-08
D1509,6634279,2026-09-04
D1509,6645608,2026-10-06
D1509,6645660,2026-10-06
D1509,6645691,2026-10-06
D1509,6645779,2026-10-06
D1509,6672943,2026-09-05
D1509,6692367,2026-09-08
D1509,6692377,2026-09-08
D1509,6692447,2026-09-08
D1509,6692491,2026-09-08
D1509,6695566,2026-09-07
D1509,6695595,2026-09-07
D1509,6710809,2026-09-08
D1509,6710813,2026-09-08
D1509,6710825,2026-09-08
D1509,6710871,2026-09-08
D1509,6711048,2026-09-08
D1509,6711157,2026-09-08
D1509,6711276,2026-09-08
D1509,6711354,2026-09-08
D1509,6734764,2026-09-08
D1509,6734768,2026-09-08
D1509,6734797,2026-09-08
D1509,6753106,2026-09-09
D1509,6753193,2026-09-09
D1509,6753219,2026-09-09
D1509,6753222,2026-09-09
D1509,6767716,2026-09-09
D1509,6774672,2026-09-09
D1509,6778329,2026-10-03
D1509,6779825,2026-10-03
D1509,6783281,2026-09-10
D1509,6783285,2026-09-10
D1509,6783288,2026-09-10
D1509,6783315,2026-09-21
D1509,6783367,2026-09-10
D1509,6783403,2026-09-10
D1509,6783412,2026-09-10
D1509,6783442,2026-09-10
D1509,6783468,2026-09-10
D1509,6826015,2026-09-11
D1509,6828997,2026-09-11
D1509,6832034,2026-09-12
D1509,6832131,2026-09-12
D1509,6832320,2026-09-19
D1509,6832403,2026-09-12
D1509,6832427,2026-09-12
D1509,6832515,2026-09-12
D1509,6832616,2026-09-12
D1509,6832683,2026-09-12
D1509,6832712,2026-09-12
D1509,6832769,2026-09-12
D1509,6832874,2026-09-12
D1509,6856409,2026-09-13
D1509,6862785,2026-09-15
D1509,6862957,2026-09-15
D1509,6862975,2026-09-15
D1509,6863076,2026-09-15
D1509,6895810,2026-09-15
D1509,6910782,2026-09-16
D1509,6910812,2026-09-16
D1509,6931086,2026-09-16
D1509,6936299,2026-09-16
D1509,6986423,2026-09-20
D1509,6993278,2026-09-18
D1509,6993351,2026-09-18
D1509,6993358,2026-09-18
D1509,7011119,2026-10-05
D1509,7053008,2026-09-22
D1509,7060993,2026-09-21
D1509,7060998,2026-09-21
D1509,7061008,2026-09-21
D1509,7061013,2026-09-21
D1509,7061017,2026-09-21
D1509,7061023,2026-09-21
D1509,7061025,2026-09-21
D1509,7061028,2026-09-21
D1509,7061029,2026-09-21
D1509,7061033,2026-09-21
D1509,7061035,2026-09-21
D1509,7061036,2026-09-21
D1509,7061039,2026-09-21
D1509,7061042,2026-09-21
D1509,7061125,2026-09-21
D1509,7061164,2026-09-21
D1509,7061198,2026-09-21
D1509,7061229,2026-09-21
D1509,7061269,2026-09-21
D1509,7061288,2026-09-21
D1509,7061322,2026-09-21
D1509,7061349,2026-09-21
D1509,7061369,2026-09-21
D1509,7061390,2026-09-21
D1509,7061406,2026-09-21
D1509,7061407,2026-09-21
D1509,7061433,2026-09-21
D1509,7061449,2026-09-21
D1509,7061461,2026-09-21
D1509,7061467,2026-09-21
D1509,7061475,2026-09-21
D1509,7061490,2026-09-21
D1509,7061551,2026-09-21
D1509,7061587,2026-09-21
D1509,7061589,2026-09-21
D1509,7061595,2026-09-21
D1509,7061610,2026-09-21
D1509,7061859,2026-09-21
D1509,7061890,2026-09-21
D1509,7061917,2026-09-21
D1509,7061932,2026-09-21
D1509,7061940,2026-09-21
D1509,7061949,2026-09-21
D1509,7061987,2026-09-21
D1509,7062011,2026-09-21
D1509,7062032,2026-09-21
D1509,7062042,2026-09-21
D1509,7062057,2026-09-21
D1509,7062100,2026-09-21
D1509,7062133,2026-09-21
D1509,7062200,2026-09-21
D1509,7062207,2026-09-21
D1509,7062242,2026-09-21
D1509,7062255,2026-09-21
D1509,7062264,2026-09-21
D1509,7062268,2026-09-21
D1509,7062543,2026-09-21
D1509,7062665,2026-09-21
D1509,7074580,2026-09-22
D1509,7074581,2026-09-22
D1509,7074602,2026-09-22
D1509,7074673,2026-09-22
D1509,7074684,2026-09-22
D1509,7074719,2026-09-22
D1509,7074729,2026-09-22
D1509,7074768,2026-09-22
D1509,7074777,2026-09-22
D1509,7074787,2026-09-22
D1509,7099345,2026-09-22
D1509,7103006,2026-09-22
D1509,7110529,2026-09-23
D1509,7117502,2026-09-23
D1509,7117541,2026-09-23
D1509,7117722,2026-09-23
D1509,7117782,2026-09-23
D1509,7117805,2026-09-23
D1509,7117843,2026-09-23
D1509,7134874,2026-09-23
D1509,7154046,2026-09-24
D1509,7158465,2026-09-24
D1509,7158477,2026-09-24
D1509,7158509,2026-09-24
D1509,7158516,2026-09-24
D1509,7167813,2026-09-24
D1509,7362861,2026-09-25
D1509,7362862,2026-09-25
D1509,7362866,2026-09-25
D1509,7362959,2026-09-25
D1509,7363001,2026-09-25
D1509,7363003,2026-09-25
D1509,7363047,2026-09-25
D1509,7363051,2026-09-25
D1509,7363053,2026-09-25
D1509,7363078,2026-09-25
D1509,7363083,2026-09-25
D1509,7388827,2026-09-25
D1509,7388871,2026-09-25
D1509,7388873,2026-09-25
D1509,7401778,2026-09-26
D1509,7401888,2026-09-26
D1509,7401943,2026-09-26
D1509,7403232,2026-09-26
D1509,7403449,2026-09-26
D1509,7408039,2026-09-26
D1509,7408042,2026-09-26
D1509,7408043,2026-09-26
D1509,7408048,2026-09-26
D1509,7408060,2026-09-26
D1509,7408120,2026-10-04
D1509,7408174,2026-09-26
D1509,7408215,2026-09-26
D1509,7425818,2026-09-26
D1509,7437447,2026-09-27
D1509,7437461,2026-09-27
D1509,7449538,2026-09-27
D1509,7451059,2026-09-27
D1509,7456844,2026-09-28
D1509,7456850,2026-09-28
D1509,7456855,2026-09-28
D1509,7456867,2026-09-28
D1509,7456878,2026-09-28
D1509,7456890,2026-09-28
D1509,7465059,2026-09-29
D1509,7465098,2026-09-29
D1509,7479763,2026-09-29
D1509,7479766,2026-09-29
D1509,7479772,2026-09-29
D1509,7479774,2026-09-29
D1509,7479777,2026-09-29
D1509,7479825,2026-09-29
D1509,7479832,2026-09-29
D1509,7479886,2026-09-29
D1509,7479902,2026-09-29
D1509,7479990,2026-09-29
D1509,7480011,2026-09-29
D1509,7489758,2026-10-01
D1509,7490203,2026-09-30
D1509,7490204,2026-09-30
D1509,7490205,2026-09-30
D1509,7490207,2026-09-30
D1509,7490212,2026-09-30
D1509,7490215,2026-09-30
D1509,7490223,2026-09-30
D1509,7490227,2026-09-30
D1509,7490230,2026-09-30
D1509,7490234,2026-09-30
D1509,7490237,2026-09-30
D1509,7490239,2026-09-30
D1509,7490240,2026-09-30
D1509,7490242,2026-09-30
D1509,7490250,2026-09-30
D1509,7490252,2026-09-30
D1509,7490253,2026-09-30
D1509,7490256,2026-09-30
D1509,7499852,2026-09-30
D1509,7499889,2026-09-30
D1509,7499911,2026-09-30
D1509,7499922,2026-09-30
D1509,7499958,2026-09-30
D1509,7500053,2026-09-30
D1509,7516659,2026-09-30
D1509,7519703,2026-09-30
D1509,7536532,2026-10-01
D1509,7543626,2026-10-01
D1509,7543646,2026-10-01
D1509,7543686,2026-10-01
D1509,7543698,2026-10-01
D1509,7543738,2026-10-01
D1509,7543745,2026-10-01
D1509,7543772,2026-10-01
D1509,7555569,2026-10-01
D1509,7576984,2026-10-02
D1509,7576987,2026-10-02
D1509,7576992,2026-10-02
D1509,7576993,2026-10-02
D1509,7577028,2026-10-02
D1509,7577198,2026-10-02
D1509,7577201,2026-10-02
D1509,7577236,2026-10-02
D1509,7577266,2026-10-02
D1509,7577268,2026-10-02
D1509,7577281,2026-10-02
D1509,7577285,2026-10-02
D1509,7577298,2026-10-02
D1509,7577326,2026-10-02
D1509,7577331,2026-10-02
D1509,7577332,2026-10-02
D1509,7586856,2026-10-06
D1509,7588627,2026-10-02
D1509,7599098,2026-10-02
D1509,7607079,2026-10-03
D1509,7607080,2026-10-03
D1509,7607226,2026-10-03
D1509,7607285,2026-10-03
D1509,7636099,2026-10-04
D1509,7641143,2026-10-04
D1509,7641170,2026-10-04
D1509,7641208,2026-10-04
D1509,7641244,2026-10-04
D1509,7641259,2026-10-04
D1509,7641289,2026-10-04
D1509,7641295,2026-10-04
D1509,7669471,2026-10-05
D1509,7676702,2026-10-05
D1509,7676866,2026-10-05
D1509,7676940,2026-10-05
D1509,7678980,2026-10-06
D1509,7685145,2026-10-06
D1509,7685179,2026-10-06
D1509,7685228,2026-10-06
D1509,7685234,2026-10-06
D1509,7685242,2026-10-06
D1509,7685246,2026-10-06
D1509,7685247,2026-10-06
D1509,7685252,2026-10-06
D1509,7685255,2026-10-06
D1509,7685283,2026-10-06
D1509,7685316,2026-10-06
D1509,7685326,2026-10-06
D1509,7685348,2026-10-06
H1102,212CRTS,2026-10-01
H1102,212GQBJ,2026-10-06
H1102,212VVMR,2026-09-28
H1102,212WQGL,2026-10-05
H1102,212WTVJ,2026-09-22
H1102,212WXGV,2026-10-01
H1102,212XJGZ,2026-09-17
H1102,212YPXR,2026-09-30
H1102,212ZXDK,2026-09-25
H1102,213CBWB,2026-10-02
H1102,213CCKC,2026-10-06
H1102,213CSMK,2026-10-05
H1102,213CZRP,2026-09-25
H1102,213GZVY,2026-09-07
H1102,213HZBF,2026-10-05
H1102,213KHQH,2026-09-23
H1102,213LXKF,2026-09-22
H1102,213LXQS,2026-09-30
H1102,213LYBF,2026-09-29
H1102,213LYFB,2026-09-29
H1102,213MDHX,2026-09-07
H1102,213NDWQ,2026-10-02
H1102,213NDYD,2026-10-01
H1102,213NLCQ,2026-10-01
H1102,213PYST,2026-09-25
H1102,213PYVF,2026-09-10
H1102,213RNYM,2026-09-10
H1102,213SGZB,2026-09-29
H1102,213SSPG,2026-10-05
H1102,213SYLV,2026-10-02
H1102,213SYXW,2026-09-11
H1102,213TCVN,2026-09-27
H1102,213TKGC,2026-09-27
H1102,213VGVZ,2026-09-30
H1102,213VJQL,2026-10-05
H1102,213WDQK,2026-09-15
H1102,213WGDK,2026-09-30
H1102,213WMJZ,2026-10-06
H1102,213WMKL,2026-10-06
H1102,213XMRW,2026-09-29
H1102,213XNKQ,2026-09-16
H1102,213XXKM,2026-09-23
H1102,213XZPX,2026-10-02
H1102,213YHZP,2026-10-02
H1102,213YKRC,2026-09-17
H1102,213YKRG,2026-10-02
H1102,213YNXT,2026-10-02
H1102,213ZJSF,2026-10-03
H1102,214BMBW,2026-10-04
H1102,214BMFH,2026-09-18
H1102,214BPNW,2026-09-21
H1102,214BQZL,2026-09-22
H1102,214BXQG,2026-09-18
H1102,214CMYY,2026-10-01
H1102,214CNXQ,2026-09-21
H1102,214CQGC,2026-10-04
H1102,214CQGH,2026-10-04
H1102,214CYJJ,2026-09-21
H1102,214DDSJ,2026-09-22
H1102,214DKHJ,2026-09-23
H1102,214DRGN,2026-10-06
H1102,214DSMR,2026-09-30
H1102,214DVNB,2026-10-01
H1102,214DYFB,2026-09-22
H1102,214FCTN,2026-10-02
H1102,214FCTQ,2026-09-28
H1102,214FCVB,2026-09-30
H1102,214FCVJ,2026-10-01
H1102,214FCXH,2026-09-21
H1102,214FCXM,2026-10-01
H1102,214FFXC,2026-09-21
H1102,214FLQH,2026-09-22
H1102,214FQYJ,2026-09-22
H1102,214FRKJ,2026-09-22
H1102,214FVZX,2026-09-29
H1102,214GGHM,2026-09-22
H1102,214HPVL,2026-10-06
H1102,214HQLP,2026-09-24
H1102,214HTCG,2026-09-24
H1102,214HVXS,2026-10-01
H1102,214HXGN,2026-09-23
H1102,214HYPJ,2026-09-28
H1102,214HZWG,2026-09-24
H1102,214JHHW,2026-10-01
H1102,214JJTB,2026-09-28
H1102,214JKHR,2026-09-25
H1102,214JMRL,2026-10-05
H1102,214JTJV,2026-09-28
H1102,214JWLM,2026-09-25
H1102,214JWYX,2026-09-24
H1102,214JYJQ,2026-09-24
H1102,214JYTY,2026-10-02
H1102,214JYXS,2026-10-01
H1102,214KGKY,2026-09-28
H1102,214LBLH,2026-09-28
H1102,214LCFF,2026-09-28
H1102,214LJHG,2026-09-25
H1102,214LLMW,2026-09-26
H1102,214LPPX,2026-09-28
H1102,214LPWW,2026-09-28
H1102,214LQYR,2026-10-02
H1102,214LTHC,2026-09-28
H1102,214LXSQ,2026-09-28
H1102,214MRGB,2026-09-29
H1102,214MVGR,2026-09-30
H1102,214NDMM,2026-09-29
H1102,214NGRZ,2026-09-29
H1102,214NLGP,2026-09-29
H1102,214NPPQ,2026-09-29
H1102,214NRCH,2026-09-29
H1102,214NZVW,2026-09-30
H1102,214PBCX,2026-09-30
H1102,214PBTL,2026-09-30
H1102,214PJHJ,2026-09-30
H1102,214PLWK,2026-09-30
H1102,214PQYP,2026-09-30
H1102,214PWQS,2026-10-01
H1102,214PWTN,2026-09-30
H1102,214QGJW,2026-10-02
H1102,214QHQV,2026-09-30
H1102,214QJXH,2026-09-30
H1102,214QKZW,2026-10-01
H1102,214QPQW,2026-10-01
H1102,214QQBW,2026-10-05
H1102,214QVQY,2026-10-02
H1102,214QZCV,2026-10-05
H1102,214QZHB,2026-10-05
H1102,214QZRH,2026-10-05
H1102,214RHFK,2026-10-01
H1102,214RMCL,2026-10-02
H1102,214RQWQ,2026-10-02
H1102,214RSZQ,2026-10-05
H1102,214RWBS,2026-10-02
H1102,214RWZL,2026-10-02
H1102,214RXYQ,2026-10-02
H1102,214RYSY,2026-10-02
H1102,214SCJF,2026-10-02
H1102,214SCVZ,2026-10-02
H1102,214SCXN,2026-10-02
H1102,214SFRH,2026-10-02
H1102,214SHHN,2026-10-02
H1102,214SJTS,2026-10-05
H1102,214SXPH,2026-10-05
H1102,214SXTH,2026-10-03
H1102,214SXTL,2026-10-05
H1102,214SYZB,2026-10-05
H1102,214SZRY,2026-10-04
H1102,214TBHL,2026-10-05
H1102,214TDDS,2026-10-05
H1102,214TKHG,2026-10-05
H1102,214VKKB,2026-10-05
H1102,214VKYS,2026-10-06
H1102,5716609,2026-08-05
H1102,5716612,2026-08-05
H1102,5716620,2026-08-05
H1102,5779552,2026-08-06
H1102,5798506,2026-08-07
H1102,5864606,2026-09-21
H1102,5882185,2026-08-18
H1102,5909581,2026-08-11
H1102,5911245,2026-08-12
H1102,5912059,2026-10-06
H1102,5942010,2026-08-13
H1102,6002260,2026-08-14
H1102,6002597,2026-08-15
H1102,6053126,2026-08-18
H1102,6053128,2026-08-18
H1102,6053140,2026-08-18
H1102,6053173,2026-08-18
H1102,6053175,2026-08-18
H1102,6053199,2026-08-18
H1102,6053208,2026-08-18
H1102,6087507,2026-08-19
H1102,6087524,2026-08-19
H1102,6087545,2026-08-19
H1102,6104840,2026-09-21
H1102,6116117,2026-08-19
H1102,6138578,2026-09-21
H1102,6142633,2026-09-11
H1102,6150929,2026-08-21
H1102,6239497,2026-08-25
H1102,6239501,2026-08-25
H1102,6239524,2026-08-25
H1102,6239532,2026-08-25
H1102,6276049,2026-10-05
H1102,6276596,2026-10-05
H1102,6278371,2026-08-26
H1102,6282859,2026-10-06
H1102,6301421,2026-09-27
H1102,6339898,2026-10-02
H1102,6355108,2026-08-28
H1102,6355111,2026-08-28
H1102,6355167,2026-08-28
H1102,6355174,2026-08-28
H1102,6393479,2026-10-05
H1102,6395123,2026-08-29
H1102,6395139,2026-08-29
H1102,6395143,2026-08-29
H1102,6395184,2026-08-29
H1102,6416852,2026-10-02
H1102,6433838,2026-09-30
H1102,6441402,2026-09-24
H1102,6468315,2026-09-01
H1102,6468319,2026-09-01
H1102,6468342,2026-09-01
H1102,6468396,2026-09-01
H1102,6494575,2026-09-29
H1102,6500226,2026-09-01
H1102,6500231,2026-09-01
H1102,6500980,2026-09-02
H1102,6501007,2026-09-02
H1102,6534188,2026-10-03
H1102,6534190,2026-10-03
H1102,6568899,2026-09-03
H1102,6568925,2026-09-03
H1102,6578549,2026-09-03
H1102,6588460,2026-09-08
H1102,6590702,2026-09-04
H1102,6590726,2026-09-04
H1102,6590781,2026-09-04
H1102,6590785,2026-09-04
H1102,6590802,2026-09-04
H1102,6591349,2026-09-04
H1102,6626624,2026-09-11
H1102,6637703,2026-09-05
H1102,6694856,2026-09-07
H1102,6695656,2026-10-01
H1102,6697353,2026-09-07
H1102,6697621,2026-09-07
H1102,6697642,2026-09-07
H1102,6698404,2026-10-03
H1102,6698986,2026-09-08
H1102,6698991,2026-09-08
H1102,6699014,2026-09-08
H1102,6699039,2026-09-08
H1102,6699040,2026-09-08
H1102,6699051,2026-09-08
H1102,6699084,2026-09-08
H1102,6722794,2026-09-08
H1102,6723291,2026-09-08
H1102,6727625,2026-09-08
H1102,6728441,2026-09-08
H1102,6733515,2026-09-08
H1102,6738912,2026-09-09
H1102,6738921,2026-09-09
H1102,6738924,2026-09-09
H1102,6739231,2026-09-28
H1102,6772710,2026-09-09
H1102,6775243,2026-09-09
H1102,6775602,2026-09-09
H1102,6776985,2026-09-10
H1102,6776995,2026-09-10
H1102,6777002,2026-09-10
H1102,6777033,2026-09-10
H1102,6777039,2026-09-10
H1102,6777679,2026-10-02
H1102,6781387,2026-09-10
H1102,6794470,2026-09-10
H1102,6797451,2026-09-10
H1102,6797582,2026-09-10
H1102,6804504,2026-09-10
H1102,6805932,2026-09-10
H1102,6806930,2026-09-11
H1102,6806983,2026-09-11
H1102,6807589,2026-10-03
H1102,6807594,2026-10-03
H1102,6809036,2026-10-04
H1102,6825462,2026-10-01
H1102,6884689,2026-10-05
H1102,6887019,2026-10-06
H1102,6895833,2026-09-15
H1102,6896450,2026-09-15
H1102,6910143,2026-09-16
H1102,6945416,2026-09-19
H1102,6946028,2026-09-17
H1102,6986174,2026-09-18
H1102,6986658,2026-09-18
H1102,6986661,2026-09-18
H1102,6986712,2026-09-18
H1102,6992084,2026-09-18
H1102,6993240,2026-09-18
H1102,6993738,2026-09-18
H1102,6994584,2026-09-18
H1102,6995442,2026-09-18
H1102,7010820,2026-10-06
H1102,7032043,2026-09-19
H1102,7032334,2026-09-19
H1102,7032415,2026-09-19
H1102,7043220,2026-09-20
H1102,7054416,2026-09-21
H1102,7055045,2026-10-02
H1102,7058365,2026-09-21
H1102,7063169,2026-09-21
H1102,7063178,2026-09-21
H1102,7063200,2026-09-21
H1102,7063201,2026-09-21
H1102,7063235,2026-09-21
H1102,7063261,2026-09-21
H1102,7063263,2026-09-21
H1102,7063272,2026-09-21
H1102,7063293,2026-09-21
H1102,7063314,2026-09-21
H1102,7063316,2026-09-21
H1102,7063350,2026-09-21
H1102,7063445,2026-09-21
H1102,7063470,2026-09-21
H1102,7063507,2026-09-21
H1102,7063559,2026-09-21
H1102,7063576,2026-09-21
H1102,7070719,2026-09-22
H1102,7093052,2026-09-22
H1102,7098923,2026-09-22
H1102,7099196,2026-09-22
H1102,7102271,2026-09-22
H1102,7104577,2026-09-23
H1102,7104582,2026-09-23
H1102,7112007,2026-09-23
H1102,7112021,2026-09-23
H1102,7126028,2026-10-01
H1102,7132312,2026-09-23
H1102,7133181,2026-10-05
H1102,7133202,2026-09-23
H1102,7148078,2026-09-30
H1102,7148156,2026-09-23
H1102,7148274,2026-09-23
H1102,7148361,2026-09-23
H1102,7148758,2026-09-23
H1102,7148806,2026-09-23
H1102,7154672,2026-09-24
H1102,7160463,2026-09-26
H1102,7160497,2026-09-24
H1102,7162857,2026-09-24
H1102,7163022,2026-09-24
H1102,7163860,2026-09-24
H1102,7167553,2026-09-24
H1102,7167691,2026-09-24
H1102,7167692,2026-09-24
H1102,7168320,2026-09-24
H1102,7168718,2026-09-24
H1102,7169538,2026-09-24
H1102,7345241,2026-09-24
H1102,7347309,2026-09-29
H1102,7348323,2026-10-01
H1102,7349845,2026-09-25
H1102,7350005,2026-09-25
H1102,7350174,2026-09-25
H1102,7358209,2026-10-06
H1102,7378717,2026-09-25
H1102,7378737,2026-09-25
H1102,7378777,2026-09-27
H1102,7379998,2026-10-01
H1102,7380141,2026-09-29
H1102,7380440,2026-10-06
H1102,7380934,2026-09-25
H1102,7403349,2026-09-26
H1102,7403575,2026-09-26
H1102,7406853,2026-10-06
H1102,7422337,2026-09-26
H1102,7424883,2026-09-26
H1102,7425944,2026-09-26
H1102,7427533,2026-09-26
H1102,7427698,2026-09-26
H1102,7429528,2026-09-26
H1102,7431093,2026-10-05
H1102,7431110,2026-10-05
H1102,7431114,2026-10-05
H1102,7435984,2026-09-27
H1102,7463456,2026-09-28
H1102,7463562,2026-09-28
H1102,7466840,2026-09-28
H1102,7471229,2026-09-28
H1102,7473099,2026-10-04
H1102,7474937,2026-09-29
H1102,7477474,2026-09-29
H1102,7479536,2026-10-01
H1102,7487889,2026-09-29
H1102,7488415,2026-09-29
H1102,7488420,2026-09-29
H1102,7490930,2026-09-29
H1102,7490971,2026-09-29
H1102,7490984,2026-09-29
H1102,7493310,2026-09-29
H1102,7494806,2026-10-05
H1102,7496897,2026-09-30
H1102,7497064,2026-09-30
H1102,7512982,2026-09-30
H1102,7528431,2026-09-30
H1102,7528447,2026-09-30
H1102,7528466,2026-09-30
H1102,7528500,2026-09-30
H1102,7528520,2026-09-30
H1102,7528541,2026-09-30
H1102,7528588,2026-09-30
H1102,7528607,2026-09-30
H1102,7528707,2026-09-30
H1102,7528752,2026-09-30
H1102,7528767,2026-09-30
H1102,7528807,2026-09-30
H1102,7528812,2026-09-30
H1102,7528839,2026-09-30
H1102,7528854,2026-09-30
H1102,7529753,2026-09-30
H1102,7529865,2026-09-30
H1102,7530268,2026-09-30
H1102,7530621,2026-09-30
H1102,7531743,2026-09-30
H1102,7533335,2026-09-30
H1102,7534462,2026-09-30
H1102,7535127,2026-10-01
H1102,7535131,2026-10-01
H1102,7535267,2026-10-01
H1102,7535283,2026-10-01
H1102,7535284,2026-10-01
H1102,7535716,2026-10-01
H1102,7538846,2026-10-01
H1102,7543593,2026-10-01
H1102,7551691,2026-10-01
H1102,7551692,2026-10-01
H1102,7551694,2026-10-01
H1102,7551704,2026-10-01
H1102,7551707,2026-10-01
H1102,7552998,2026-10-01
H1102,7553032,2026-10-01
H1102,7553089,2026-10-01
H1102,7559689,2026-10-01
H1102,7559902,2026-10-01
H1102,7561558,2026-10-01
H1102,7562003,2026-10-01
H1102,7562062,2026-10-01
H1102,7562612,2026-10-01
H1102,7562614,2026-10-01
H1102,7565531,2026-10-01
H1102,7565579,2026-10-01
H1102,7565953,2026-10-01
H1102,7566494,2026-10-01
H1102,7567167,2026-10-01
H1102,7567631,2026-10-02
H1102,7569829,2026-10-02
H1102,7569951,2026-10-02
H1102,7570174,2026-10-02
H1102,7571312,2026-10-02
H1102,7571376,2026-10-02
H1102,7571704,2026-10-02
H1102,7585505,2026-10-02
H1102,7586487,2026-10-02
H1102,7587096,2026-10-02
H1102,7595350,2026-10-02
H1102,7597403,2026-10-02
H1102,7597468,2026-10-02
H1102,7600562,2026-10-02
H1102,7600569,2026-10-02
H1102,7600598,2026-10-02
H1102,7600603,2026-10-02
H1102,7601554,2026-10-03
H1102,7602749,2026-10-03
H1102,7607051,2026-10-03
H1102,7626345,2026-10-03
H1102,7632717,2026-10-03
H1102,7633825,2026-10-03
H1102,7634040,2026-10-03
H1102,7634112,2026-10-03
H1102,7634328,2026-10-03
H1102,7634864,2026-10-03
H1102,7639107,2026-10-04
H1102,7639857,2026-10-04
H1102,7639884,2026-10-04
H1102,7667032,2026-10-05
H1102,7672087,2026-10-05
H1102,7672132,2026-10-05
H1102,7673100,2026-10-05
H1102,7673806,2026-10-05
H1102,7675335,2026-10-05
H1102,7676192,2026-10-05
H1102,7677498,2026-10-06
H1102,7679866,2026-10-06
H1102,7680176,2026-10-06
H1102,7680185,2026-10-06
H1102,7680188,2026-10-06
H1102,7700303,2026-10-06
H1102,7700331,2026-10-06
H1102,7700353,2026-10-06
M1704,212MVRY,2026-09-30
M1704,212YVCN,2026-09-28
M1704,212YVCW,2026-09-28
M1704,212ZDPP,2026-09-12
M1704,213JKKM,2026-10-02
M1704,213JTRN,2026-09-28
M1704,213KWDX,2026-10-05
M1704,213MJNB,2026-09-25
M1704,213MSSF,2026-09-07
M1704,213PGXR,2026-09-29
M1704,213PNPY,2026-09-24
M1704,213PYLP,2026-09-11
M1704,213PZRN,2026-09-25
M1704,213RPTD,2026-09-30
M1704,213RQQR,2026-09-24
M1704,213SDNP,2026-10-06
M1704,213TFXD,2026-09-21
M1704,213TKMF,2026-10-01
M1704,213VKPS,2026-10-01
M1704,213WFYF,2026-09-30
M1704,213XBCZ,2026-10-01
M1704,213YSXV,2026-10-02
M1704,213YSZJ,2026-10-02
M1704,213YYQB,2026-09-16
M1704,213ZTJH,2026-09-17
M1704,214BCDP,2026-10-03
M1704,214BNFJ,2026-09-18
M1704,214CMXJ,2026-10-04
M1704,214DKMG,2026-09-22
M1704,214DPTJ,2026-10-04
M1704,214DPWN,2026-09-21
M1704,214DSVV,2026-09-29
M1704,214FCWL,2026-09-22
M1704,214FLFS,2026-09-30
M1704,214FLTZ,2026-09-22
M1704,214FMXM,2026-10-02
M1704,214FPBB,2026-09-22
M1704,214FSQT,2026-09-28
M1704,214FWFC,2026-09-30
M1704,214FXHK,2026-09-23
M1704,214GBKD,2026-09-22
M1704,214GCDL,2026-09-22
M1704,214GFGK,2026-10-06
M1704,214GPYW,2026-09-28
M1704,214GRSM,2026-10-05
M1704,214GXHQ,2026-10-01
M1704,214HBSG,2026-10-02
M1704,214HBTJ,2026-10-05
M1704,214HPHY,2026-09-23
M1704,214JBSL,2026-09-24
M1704,214JFPQ,2026-09-24
M1704,214JGTW,2026-09-24
M1704,214JHCF,2026-09-24
M1704,214JLJC,2026-09-24
M1704,214JRCQ,2026-10-01
M1704,214JVVD,2026-10-02
M1704,214KCWD,2026-09-25
M1704,214KFNY,2026-09-25
M1704,214KKLZ,2026-09-25
M1704,214KQPM,2026-09-25
M1704,214KQVN,2026-09-25
M1704,214KSWV,2026-10-06
M1704,214KSXF,2026-10-06
M1704,214KSXM,2026-10-06
M1704,214LDCN,2026-09-28
M1704,214LSYC,2026-09-28
M1704,214MHDW,2026-09-28
M1704,214MSXD,2026-09-30
M1704,214MXZX,2026-09-29
M1704,214NDPR,2026-10-01
M1704,214NFBQ,2026-10-06
M1704,214NGNL,2026-09-30
M1704,214NHVG,2026-09-29
M1704,214NNYP,2026-09-29
M1704,214NYHY,2026-09-30
M1704,214NYLD,2026-09-29
M1704,214PBXM,2026-10-01
M1704,214PFSS,2026-09-30
M1704,214PHGH,2026-09-30
M1704,214PRXL,2026-09-30
M1704,214PVFF,2026-10-02
M1704,214PXCD,2026-09-30
M1704,214PXGR,2026-09-30
M1704,214QBGP,2026-10-01
M1704,214QFKP,2026-09-30
M1704,214QHGT,2026-10-01
M1704,214QNDP,2026-10-02
M1704,214RBJG,2026-10-02
M1704,214RBJY,2026-10-02
M1704,214RDSK,2026-10-05
M1704,214RFGX,2026-10-01
M1704,214RPLX,2026-10-02
M1704,214RRWH,2026-10-02
M1704,214RTMC,2026-10-05
M1704,214RVXT,2026-10-02
M1704,214SBFC,2026-10-02
M1704,214SBHV,2026-10-02
M1704,214SLJW,2026-10-05
M1704,214SNNQ,2026-10-05
M1704,214STVK,2026-10-05
M1704,214SXSY,2026-10-03
M1704,214SYDB,2026-10-05
M1704,214TBDR,2026-10-05
M1704,214TFQT,2026-10-05
M1704,214TJSP,2026-10-05
M1704,214TPZV,2026-10-05
M1704,214TTVL,2026-10-05
M1704,214VDTZ,2026-10-05
M1704,214VLQK,2026-10-05
M1704,214VNYD,2026-10-06
M1704,5708147,2026-08-05
M1704,5712741,2026-08-05
M1704,5715010,2026-10-01
M1704,5715011,2026-10-01
M1704,5715021,2026-10-01
M1704,5715022,2026-10-01
M1704,5715046,2026-10-02
M1704,5715047,2026-10-01
M1704,5715053,2026-10-01
M1704,5715070,2026-10-01
M1704,5715088,2026-10-01
M1704,5715111,2026-10-01
M1704,5715117,2026-10-01
M1704,5739562,2026-09-18
M1704,5744264,2026-08-31
M1704,5784950,2026-10-01
M1704,5787341,2026-08-06
M1704,5826445,2026-10-01
M1704,5826451,2026-10-01
M1704,5852314,2026-09-24
M1704,5853253,2026-08-08
M1704,5886771,2026-08-31
M1704,5898010,2026-09-21
M1704,5907530,2026-10-01
M1704,5938595,2026-10-01
M1704,5938612,2026-10-01
M1704,5938639,2026-10-05
M1704,5938644,2026-10-01
M1704,5989559,2026-10-05
M1704,5999596,2026-10-01
M1704,6049533,2026-10-01
M1704,6060439,2026-09-28
M1704,6092315,2026-09-11
M1704,6110534,2026-08-19
M1704,6114249,2026-10-01
M1704,6114255,2026-10-01
M1704,6114281,2026-10-01
M1704,6178336,2026-10-01
M1704,6178356,2026-10-01
M1704,6189166,2026-09-23
M1704,6207775,2026-08-22
M1704,6234016,2026-10-01
M1704,6234022,2026-10-01
M1704,6273592,2026-10-01
M1704,6273608,2026-10-01
M1704,6273614,2026-10-01
M1704,6278342,2026-08-26
M1704,6278396,2026-08-26
M1704,6282111,2026-09-22
M1704,6313613,2026-10-01
M1704,6313617,2026-10-01
M1704,6315351,2026-08-27
M1704,6319074,2026-08-27
M1704,6347411,2026-09-02
M1704,6350646,2026-10-01
M1704,6355155,2026-08-28
M1704,6382079,2026-08-28
M1704,6383484,2026-08-28
M1704,6391344,2026-10-01
M1704,6391350,2026-10-01
M1704,6418726,2026-09-09
M1704,6433822,2026-10-01
M1704,6445514,2026-08-31
M1704,6465489,2026-10-01
M1704,6465490,2026-10-01
M1704,6465503,2026-10-01
M1704,6465530,2026-08-31
M1704,6465531,2026-10-01
M1704,6475507,2026-09-23
M1704,6500919,2026-09-02
M1704,6507405,2026-10-06
M1704,6531434,2026-10-01
M1704,6531439,2026-10-01
M1704,6531446,2026-10-01
M1704,6531475,2026-10-01
M1704,6531482,2026-10-01
M1704,6531487,2026-10-02
M1704,6539996,2026-09-03
M1704,6542060,2026-09-11
M1704,6568855,2026-10-05
M1704,6571047,2026-09-25
M1704,6581770,2026-10-01
M1704,6581789,2026-10-03
M1704,6581790,2026-10-01
M1704,6581792,2026-10-01
M1704,6581795,2026-10-01
M1704,6581798,2026-10-01
M1704,6581801,2026-10-01
M1704,6581806,2026-10-01
M1704,6581811,2026-10-01
M1704,6581829,2026-10-01
M1704,6581840,2026-10-01
M1704,6581843,2026-10-01
M1704,6581851,2026-10-01
M1704,6581853,2026-10-01
M1704,6581854,2026-10-02
M1704,6581860,2026-10-01
M1704,6581867,2026-10-03
M1704,6581873,2026-10-01
M1704,6581878,2026-10-03
M1704,6581880,2026-10-01
M1704,6581881,2026-10-01
M1704,6581886,2026-10-01
M1704,6581889,2026-10-01
M1704,6581890,2026-10-01
M1704,6581891,2026-10-01
M1704,6581897,2026-10-01
M1704,6581902,2026-10-01
M1704,6581904,2026-10-01
M1704,6581909,2026-10-01
M1704,6581914,2026-10-01
M1704,6581915,2026-10-01
M1704,6581917,2026-10-01
M1704,6581919,2026-10-01
M1704,6627839,2026-09-04
M1704,6628177,2026-09-29
M1704,6634399,2026-10-04
M1704,6645385,2026-10-06
M1704,6662557,2026-10-06
M1704,6682954,2026-09-11
M1704,6692171,2026-09-07
M1704,6692190,2026-09-07
M1704,6692596,2026-09-07
M1704,6695653,2026-10-01
M1704,6695663,2026-10-01
M1704,6695681,2026-10-01
M1704,6695717,2026-10-01
M1704,6700002,2026-10-01
M1704,6706292,2026-09-26
M1704,6710867,2026-09-08
M1704,6723146,2026-09-08
M1704,6727593,2026-09-08
M1704,6727742,2026-09-08
M1704,6728376,2026-09-08
M1704,6730582,2026-09-08
M1704,6734848,2026-10-01
M1704,6736361,2026-09-08
M1704,6738772,2026-09-09
M1704,6751933,2026-09-11
M1704,6768003,2026-09-09
M1704,6774720,2026-09-09
M1704,6774748,2026-10-01
M1704,6774751,2026-10-01
M1704,6774762,2026-10-01
M1704,6774764,2026-10-01
M1704,6774770,2026-10-01
M1704,6774774,2026-10-01
M1704,6774777,2026-10-01
M1704,6774780,2026-10-01
M1704,6774786,2026-10-01
M1704,6774788,2026-10-01
M1704,6774791,2026-10-01
M1704,6776306,2026-10-05
M1704,6776594,2026-09-10
M1704,6796903,2026-09-12
M1704,6796907,2026-09-12
M1704,6796908,2026-09-12
M1704,6799789,2026-09-10
M1704,6802035,2026-09-10
M1704,6802230,2026-09-10
M1704,6802236,2026-09-10
M1704,6803330,2026-09-10
M1704,6806788,2026-09-11
M1704,6822805,2026-09-11
M1704,6825116,2026-10-01
M1704,6830274,2026-09-30
M1704,6846416,2026-09-12
M1704,6847926,2026-09-12
M1704,6863011,2026-09-15
M1704,6863012,2026-09-15
M1704,6863016,2026-09-15
M1704,6863083,2026-09-15
M1704,6863085,2026-09-15
M1704,6863090,2026-09-15
M1704,6863093,2026-09-15
M1704,6898374,2026-09-15
M1704,6908997,2026-10-01
M1704,6910402,2026-09-16
M1704,6933156,2026-09-16
M1704,6942667,2026-09-16
M1704,6946215,2026-09-17
M1704,6961999,2026-09-30
M1704,6963907,2026-09-17
M1704,6963929,2026-09-17
M1704,6963947,2026-09-17
M1704,6969281,2026-09-18
M1704,6987692,2026-09-18
M1704,6994235,2026-09-18
M1704,6994680,2026-09-18
M1704,7010527,2026-09-19
M1704,7034285,2026-09-19
M1704,7034390,2026-09-19
M1704,7043387,2026-09-20
M1704,7053025,2026-09-22
M1704,7053030,2026-09-22
M1704,7053254,2026-09-22
M1704,7053255,2026-09-21
M1704,7053264,2026-09-21
M1704,7053286,2026-09-22
M1704,7053321,2026-09-21
M1704,7053330,2026-09-21
M1704,7053561,2026-09-22
M1704,7053563,2026-09-22
M1704,7054372,2026-09-21
M1704,7054984,2026-09-21
M1704,7057339,2026-09-21
M1704,7058010,2026-09-21
M1704,7058556,2026-09-21
M1704,7062811,2026-09-21
M1704,7063009,2026-09-21
M1704,7063084,2026-09-21
M1704,7063149,2026-09-21
M1704,7063171,2026-09-21
M1704,7063365,2026-09-21
M1704,7063371,2026-09-21
M1704,7063388,2026-09-21
M1704,7063396,2026-09-21
M1704,7063410,2026-09-21
M1704,7063413,2026-09-21
M1704,7063426,2026-09-21
M1704,7063441,2026-09-21
M1704,7063449,2026-09-21
M1704,7063453,2026-09-21
M1704,7063464,2026-09-21
M1704,7063489,2026-09-21
M1704,7063490,2026-09-21
M1704,7063497,2026-09-21
M1704,7063508,2026-09-21
M1704,7063520,2026-09-21
M1704,7063546,2026-09-21
M1704,7063566,2026-09-21
M1704,7063574,2026-09-21
M1704,7063575,2026-09-21
M1704,7063592,2026-09-21
M1704,7073105,2026-10-06
M1704,7091321,2026-09-22
M1704,7091348,2026-09-25
M1704,7098850,2026-09-22
M1704,7099624,2026-09-22
M1704,7100656,2026-10-03
M1704,7102208,2026-09-22
M1704,7107820,2026-09-23
M1704,7113154,2026-09-23
M1704,7113276,2026-09-23
M1704,7113987,2026-09-24
M1704,7114779,2026-09-23
M1704,7114930,2026-09-23
M1704,7124745,2026-09-23
M1704,7126114,2026-10-01
M1704,7134995,2026-09-23
M1704,7136579,2026-09-23
M1704,7136641,2026-09-30
M1704,7136836,2026-09-23
M1704,7136863,2026-10-01
M1704,7136946,2026-09-23
M1704,7148222,2026-09-23
M1704,7150000,2026-09-23
M1704,7156011,2026-09-24
M1704,7158222,2026-09-24
M1704,7163013,2026-10-02
M1704,7163765,2026-09-24
M1704,7165140,2026-09-24
M1704,7347400,2026-09-25
M1704,7348214,2026-10-06
M1704,7352398,2026-09-26
M1704,7352539,2026-09-25
M1704,7352540,2026-09-25
M1704,7357188,2026-10-06
M1704,7380128,2026-09-25
M1704,7381169,2026-09-25
M1704,7381204,2026-09-25
M1704,7384671,2026-09-25
M1704,7396481,2026-09-25
M1704,7398870,2026-10-01
M1704,7398872,2026-10-01
M1704,7398878,2026-10-01
M1704,7398888,2026-10-01
M1704,7398889,2026-10-01
M1704,7398898,2026-10-01
M1704,7398910,2026-10-01
M1704,7398918,2026-10-01
M1704,7398940,2026-10-01
M1704,7398945,2026-10-01
M1704,7398962,2026-10-01
M1704,7398964,2026-10-01
M1704,7405819,2026-09-26
M1704,7406876,2026-09-26
M1704,7406880,2026-09-26
M1704,7407078,2026-09-26
M1704,7420667,2026-09-26
M1704,7421744,2026-10-01
M1704,7425187,2026-09-26
M1704,7425834,2026-09-26
M1704,7425858,2026-09-26
M1704,7425867,2026-09-26
M1704,7425868,2026-09-26
M1704,7425878,2026-09-26
M1704,7425880,2026-09-26
M1704,7425883,2026-09-26
M1704,7425884,2026-09-26
M1704,7425887,2026-09-26
M1704,7425895,2026-09-26
M1704,7425896,2026-09-26
M1704,7425897,2026-09-26
M1704,7425899,2026-09-26
M1704,7425912,2026-09-26
M1704,7425923,2026-09-26
M1704,7425928,2026-09-26
M1704,7425952,2026-09-26
M1704,7425963,2026-09-26
M1704,7425965,2026-09-26
M1704,7425967,2026-09-26
M1704,7425970,2026-09-26
M1704,7425985,2026-09-26
M1704,7425998,2026-09-26
M1704,7426682,2026-09-26
M1704,7427076,2026-09-26
M1704,7449508,2026-09-27
M1704,7464768,2026-09-29
M1704,7464778,2026-09-29
M1704,7465049,2026-09-28
M1704,7465082,2026-09-29
M1704,7465173,2026-09-29
M1704,7465175,2026-09-29
M1704,7465176,2026-09-29
M1704,7465185,2026-09-29
M1704,7465188,2026-09-29
M1704,7465198,2026-09-29
M1704,7465208,2026-09-29
M1704,7465219,2026-09-29
M1704,7465231,2026-09-29
M1704,7465244,2026-09-29
M1704,7465299,2026-09-29
M1704,7465317,2026-09-29
M1704,7465318,2026-09-29
M1704,7466830,2026-09-28
M1704,7466838,2026-09-28
M1704,7467018,2026-09-28
M1704,7469648,2026-10-01
M1704,7469650,2026-10-01
M1704,7469661,2026-10-01
M1704,7469662,2026-10-01
M1704,7476554,2026-10-01
M1704,7476904,2026-09-29
M1704,7488262,2026-09-29
M1704,7488413,2026-10-06
M1704,7490003,2026-10-06
M1704,7490072,2026-09-29
M1704,7490161,2026-09-30
M1704,7490163,2026-09-30
M1704,7490206,2026-09-30
M1704,7490208,2026-09-30
M1704,7490229,2026-09-30
M1704,7490249,2026-09-30
M1704,7490251,2026-09-30
M1704,7490254,2026-09-30
M1704,7490255,2026-09-30
M1704,7490281,2026-09-30
M1704,7492990,2026-09-29
M1704,7494248,2026-09-29
M1704,7495101,2026-09-29
M1704,7495980,2026-09-29
M1704,7496123,2026-09-30
M1704,7497912,2026-09-30
M1704,7514098,2026-10-02
M1704,7514195,2026-10-01
M1704,7514271,2026-10-01
M1704,7514272,2026-10-01
M1704,7514394,2026-10-01
M1704,7514405,2026-09-30
M1704,7514474,2026-09-30
M1704,7514965,2026-09-30
M1704,7522207,2026-09-30
M1704,7528493,2026-09-30
M1704,7528676,2026-09-30
M1704,7528967,2026-09-30
M1704,7529270,2026-09-30
M1704,7533178,2026-10-01
M1704,7533180,2026-10-01
M1704,7533194,2026-10-01
M1704,7534334,2026-09-30
M1704,7534346,2026-10-05
M1704,7534410,2026-09-30
M1704,7534516,2026-09-30
M1704,7534587,2026-10-04
M1704,7537034,2026-10-01
M1704,7537068,2026-10-01
M1704,7552966,2026-10-01
M1704,7553117,2026-10-01
M1704,7553118,2026-10-01
M1704,7554096,2026-10-01
M1704,7555703,2026-10-01
M1704,7556726,2026-10-01
M1704,7559454,2026-10-01
M1704,7559532,2026-10-01
M1704,7562000,2026-10-01
M1704,7562158,2026-10-01
M1704,7562163,2026-10-01
M1704,7562172,2026-10-01
M1704,7562228,2026-10-01
M1704,7562254,2026-10-01
M1704,7562260,2026-10-01
M1704,7562264,2026-10-01
M1704,7562265,2026-10-01
M1704,7562267,2026-10-01
M1704,7562276,2026-10-01
M1704,7562283,2026-10-01
M1704,7562296,2026-10-01
M1704,7562298,2026-10-01
M1704,7562308,2026-10-01
M1704,7562310,2026-10-01
M1704,7562318,2026-10-01
M1704,7562320,2026-10-01
M1704,7562321,2026-10-01
M1704,7562332,2026-10-01
M1704,7562340,2026-10-01
M1704,7562342,2026-10-01
M1704,7562348,2026-10-01
M1704,7562357,2026-10-01
M1704,7562359,2026-10-01
M1704,7562360,2026-10-01
M1704,7562365,2026-10-01
M1704,7562368,2026-10-01
M1704,7562373,2026-10-01
M1704,7562374,2026-10-01
M1704,7562380,2026-10-01
M1704,7562390,2026-10-01
M1704,7562392,2026-10-01
M1704,7562395,2026-10-02
M1704,7562407,2026-10-01
M1704,7562414,2026-10-01
M1704,7562415,2026-10-01
M1704,7562421,2026-10-01
M1704,7562435,2026-10-01
M1704,7562452,2026-10-01
M1704,7562457,2026-10-01
M1704,7562464,2026-10-01
M1704,7562465,2026-10-01
M1704,7562472,2026-10-01
M1704,7562477,2026-10-01
M1704,7562487,2026-10-01
M1704,7562488,2026-10-01
M1704,7562491,2026-10-01
M1704,7562493,2026-10-01
M1704,7562500,2026-10-01
M1704,7562506,2026-10-01
M1704,7562512,2026-10-01
M1704,7562519,2026-10-01
M1704,7562524,2026-10-01
M1704,7562527,2026-10-01
M1704,7565799,2026-10-01
M1704,7566590,2026-10-01
M1704,7567044,2026-10-01
M1704,7567102,2026-10-01
M1704,7572493,2026-10-06
M1704,7577112,2026-10-02
M1704,7586120,2026-10-02
M1704,7586884,2026-10-02
M1704,7587527,2026-10-02
M1704,7587898,2026-10-02
M1704,7587937,2026-10-02
M1704,7589948,2026-10-02
M1704,7591116,2026-10-02
M1704,7594720,2026-10-02
M1704,7594731,2026-10-02
M1704,7595625,2026-10-02
M1704,7597089,2026-10-02
M1704,7598119,2026-10-02
M1704,7598123,2026-10-02
M1704,7601825,2026-10-03
M1704,7604078,2026-10-03
M1704,7604140,2026-10-03
M1704,7606937,2026-10-03
M1704,7623263,2026-10-03
M1704,7625536,2026-10-03
M1704,7627381,2026-10-03
M1704,7630132,2026-10-03
M1704,7630352,2026-10-03
M1704,7632062,2026-10-03
M1704,7632777,2026-10-03
M1704,7634878,2026-10-03
M1704,7637491,2026-10-06
M1704,7639720,2026-10-04
M1704,7655499,2026-10-04
M1704,7656020,2026-10-04
M1704,7656040,2026-10-04
M1704,7656285,2026-10-04
M1704,7656288,2026-10-04
M1704,7656314,2026-10-04
M1704,7656315,2026-10-04
M1704,7656317,2026-10-04
M1704,7656400,2026-10-04
M1704,7664712,2026-10-05
M1704,7664715,2026-10-05
M1704,7665033,2026-10-05
M1704,7665102,2026-10-05
M1704,7668789,2026-10-05
M1704,7671928,2026-10-05
M1704,7671929,2026-10-05
M1704,7671931,2026-10-05
M1704,7671934,2026-10-05
M1704,7671937,2026-10-05
M1704,7671938,2026-10-05
M1704,7671944,2026-10-05
M1704,7671952,2026-10-05
M1704,7671960,2026-10-05
M1704,7671963,2026-10-05
M1704,7671965,2026-10-05
M1704,7671967,2026-10-05
M1704,7671972,2026-10-05
M1704,7671975,2026-10-05
M1704,7671976,2026-10-05
M1704,7671982,2026-10-05
M1704,7671983,2026-10-05
M1704,7671984,2026-10-05
M1704,7671985,2026-10-05
M1704,7671987,2026-10-05
M1704,7671988,2026-10-05
M1704,7671990,2026-10-05
M1704,7671993,2026-10-05
M1704,7671995,2026-10-05
M1704,7672002,2026-10-05
M1704,7672003,2026-10-05
M1704,7672005,2026-10-05
M1704,7672007,2026-10-05
M1704,7672009,2026-10-05
M1704,7672010,2026-10-05
M1704,7672012,2026-10-05
M1704,7672014,2026-10-05
M1704,7672020,2026-10-05
M1704,7672025,2026-10-05
M1704,7672027,2026-10-05
M1704,7672028,2026-10-05
M1704,7672031,2026-10-05
M1704,7672034,2026-10-05
M1704,7672040,2026-10-05
M1704,7672041,2026-10-05
M1704,7672043,2026-10-05
M1704,7672048,2026-10-05
M1704,7672051,2026-10-05
M1704,7672053,2026-10-05
M1704,7672058,2026-10-05
M1704,7672059,2026-10-05
M1704,7672060,2026-10-05
M1704,7672916,2026-10-05
M1704,7673051,2026-10-05
M1704,7673171,2026-10-05
M1704,7673175,2026-10-05
M1704,7673196,2026-10-05
M1704,7673199,2026-10-05
M1704,7673357,2026-10-05
M1704,7673385,2026-10-05
M1704,7673512,2026-10-05
M1704,7673883,2026-10-05
M1704,7676433,2026-10-05
M1704,7680773,2026-10-06
M1704,7681181,2026-10-06
M1704,7681959,2026-10-06
M1704,7700077,2026-10-06
M1704,7700158,2026-10-06
M1707,212DBBV,2026-09-24
M1707,212JXLT,2026-09-29
M1707,212KKGT,2026-09-11
M1707,212KSMY,2026-09-30
M1707,212RFLH,2026-10-05
M1707,212WYPZ,2026-09-23
M1707,212WZMG,2026-10-02
M1707,212YBMV,2026-09-21
M1707,212YSDL,2026-09-30
M1707,212YTVT,2026-10-05
M1707,212ZXHR,2026-09-28
M1707,213CQTL,2026-10-01
M1707,213CVFF,2026-10-02
M1707,213DHPT,2026-10-01
M1707,213FFPV,2026-10-06
M1707,213FTGQ,2026-09-30
M1707,213FXDV,2026-10-06
M1707,213FYWV,2026-10-05
M1707,213GMCF,2026-10-01
M1707,213GMKQ,2026-10-01
M1707,213GMXL,2026-10-01
M1707,213GNDP,2026-10-01
M1707,213GNHK,2026-10-01
M1707,213JDKF,2026-09-25
M1707,213KLGJ,2026-10-01
M1707,213LVCN,2026-09-22
M1707,213LXZB,2026-09-28
M1707,213LYBL,2026-09-28
M1707,213LYDV,2026-09-08
M1707,213MXSH,2026-09-23
M1707,213NGYQ,2026-09-24
M1707,213NTHW,2026-09-25
M1707,213NWDJ,2026-09-25
M1707,213PBBP,2026-10-01
M1707,213PKVH,2026-09-24
M1707,213PSKC,2026-10-01
M1707,213PTPV,2026-10-05
M1707,213PZJH,2026-09-16
M1707,213QBPL,2026-09-30
M1707,213QDLJ,2026-09-11
M1707,213QPHL,2026-09-10
M1707,213QSCZ,2026-09-21
M1707,213QTQR,2026-09-10
M1707,213QWKR,2026-09-10
M1707,213QXKW,2026-09-21
M1707,213RWWQ,2026-09-25
M1707,213RXDT,2026-10-05
M1707,213RZGV,2026-09-22
M1707,213SGFC,2026-09-26
M1707,213SKXT,2026-09-30
M1707,213SPVX,2026-09-30
M1707,213SZTN,2026-10-05
M1707,213TNRT,2026-09-14
M1707,213TQBQ,2026-09-27
M1707,213TTDD,2026-09-27
M1707,213VDLQ,2026-10-02
M1707,213VGPN,2026-09-30
M1707,213VKSX,2026-09-28
M1707,213VLLP,2026-09-14
M1707,213VMYJ,2026-10-01
M1707,213VRKD,2026-09-14
M1707,213VRVW,2026-10-02
M1707,213VVYP,2026-09-15
M1707,213VWVS,2026-09-30
M1707,213WDBL,2026-09-30
M1707,213WHTX,2026-10-05
M1707,213WJSY,2026-10-05
M1707,213WPWW,2026-10-01
M1707,213WPXQ,2026-10-01
M1707,213WPYQ,2026-10-01
M1707,213WPZL,2026-10-01
M1707,213WQBD,2026-10-01
M1707,213WQBX,2026-10-05
M1707,213WQCN,2026-10-01
M1707,213WQDZ,2026-10-01
M1707,213WQLS,2026-09-16
M1707,213WRDC,2026-09-15
M1707,213WTSQ,2026-10-01
M1707,213WTXR,2026-10-01
M1707,213WXBL,2026-09-15
M1707,213XKKC,2026-10-02
M1707,213XNYD,2026-10-01
M1707,213YMDB,2026-10-01
M1707,213YPRB,2026-09-16
M1707,213YQWZ,2026-10-02
M1707,213YVRR,2026-09-16
M1707,213YVSY,2026-09-17
M1707,213YVTW,2026-09-17
M1707,213YWMC,2026-10-06
M1707,213YWNX,2026-09-23
M1707,213YXFZ,2026-10-06
M1707,213YYBR,2026-09-25
M1707,213ZKHV,2026-09-17
M1707,213ZVDS,2026-10-03
M1707,213ZXKS,2026-09-28
M1707,213ZYDQ,2026-10-05
M1707,214BBKP,2026-10-03
M1707,214BQRR,2026-09-25
M1707,214BSRW,2026-10-02
M1707,214BVNN,2026-10-04
M1707,214BVSX,2026-09-27
M1707,214BZNH,2026-09-18
M1707,214BZVF,2026-09-18
M1707,214CBTN,2026-10-04
M1707,214CCGR,2026-10-04
M1707,214CDJR,2026-10-04
M1707,214CDYW,2026-09-21
M1707,214CJWJ,2026-09-23
M1707,214CLPP,2026-09-18
M1707,214CLPV,2026-09-18
M1707,214CMXF,2026-09-21
M1707,214CPBG,2026-10-04
M1707,214CPSK,2026-09-21
M1707,214CTMT,2026-10-05
M1707,214CTPQ,2026-10-05
M1707,214CXCC,2026-09-21
M1707,214CXHQ,2026-09-21
M1707,214DGSW,2026-09-24
M1707,214DMYK,2026-09-22
M1707,214DSRG,2026-09-22
M1707,214DXTN,2026-09-22
M1707,214DYCK,2026-09-21
M1707,214FCTF,2026-09-22
M1707,214FCTR,2026-09-30
M1707,214FDMH,2026-09-30
M1707,214FSPX,2026-10-01
M1707,214FVDV,2026-09-22
M1707,214GDFK,2026-09-22
M1707,214GFZN,2026-09-22
M1707,214GKJL,2026-09-23
M1707,214GNPW,2026-09-23
M1707,214GSKC,2026-09-23
M1707,214GTGN,2026-09-23
M1707,214GYLK,2026-10-05
M1707,214GYSN,2026-09-23
M1707,214GYXY,2026-09-23
M1707,214HCBR,2026-09-23
M1707,214HDMP,2026-10-05
M1707,214HHCG,2026-09-25
M1707,214HXDF,2026-09-23
M1707,214HXZQ,2026-09-25
M1707,214JBHX,2026-09-24
M1707,214JBRX,2026-09-24
M1707,214JLZC,2026-09-28
M1707,214JRJB,2026-09-24
M1707,214JSVZ,2026-09-28
M1707,214JXQK,2026-09-25
M1707,214JYZY,2026-09-25
M1707,214JZBL,2026-09-25
M1707,214KJJG,2026-09-25
M1707,214KJLY,2026-09-25
M1707,214KKCH,2026-09-28
M1707,214KKGC,2026-09-25
M1707,214KLHV,2026-09-25
M1707,214KNHJ,2026-09-25
M1707,214KNJK,2026-09-25
M1707,214KNKX,2026-09-25
M1707,214KNRT,2026-10-02
M1707,214KPCQ,2026-10-02
M1707,214KPXP,2026-09-25
M1707,214KRCY,2026-10-01
M1707,214KXQB,2026-09-25
M1707,214KYDW,2026-09-29
M1707,214LBHH,2026-09-28
M1707,214LFZF,2026-09-25
M1707,214LLJV,2026-09-28
M1707,214LQSG,2026-09-30
M1707,214LQWX,2026-09-30
M1707,214LYFD,2026-09-28
M1707,214MFXG,2026-09-28
M1707,214MMFW,2026-09-28
M1707,214MPQK,2026-09-28
M1707,214MPTK,2026-09-28
M1707,214MYCM,2026-09-29
M1707,214NMJV,2026-09-29
M1707,214NMVZ,2026-09-29
M1707,214NNSR,2026-09-30
M1707,214NPKG,2026-09-29
M1707,214NPQX,2026-09-29
M1707,214NSYJ,2026-09-29
M1707,214NTNR,2026-09-29
M1707,214NWQV,2026-09-29
M1707,214NZKK,2026-09-30
M1707,214PBKL,2026-09-30
M1707,214PFGG,2026-09-30
M1707,214PFSP,2026-09-29
M1707,214PGWX,2026-10-01
M1707,214PJYH,2026-09-30
M1707,214PJYR,2026-09-30
M1707,214PNRP,2026-10-01
M1707,214PSHQ,2026-09-30
M1707,214PVMP,2026-09-30
M1707,214PWRD,2026-10-01
M1707,214PWRK,2026-10-01
M1707,214PWRS,2026-10-01
M1707,214PWSJ,2026-10-01
M1707,214PWSP,2026-10-01
M1707,214PYBS,2026-10-05
M1707,214PZDN,2026-10-02
M1707,214QFWQ,2026-10-02
M1707,214QGZK,2026-09-30
M1707,214QHVW,2026-10-01
M1707,214QHWB,2026-10-01
M1707,214QHWH,2026-10-01
M1707,214QJJT,2026-09-30
M1707,214QRJK,2026-10-01
M1707,214QRKD,2026-10-01
M1707,214QRLD,2026-10-01
M1707,214QXXT,2026-10-01
M1707,214QYBD,2026-10-01
M1707,214QYDG,2026-10-01
M1707,214QYFJ,2026-10-01
M1707,214QYGM,2026-10-01
M1707,214RNDL,2026-10-02
M1707,214RQFJ,2026-10-05
M1707,214RQFR,2026-10-02
M1707,214RVNZ,2026-10-02
M1707,214RZFR,2026-10-05
M1707,214SFWY,2026-10-05
M1707,214SHJZ,2026-10-05
M1707,214SHLG,2026-10-05
M1707,214SHLN,2026-10-05
M1707,214SHQG,2026-10-05
M1707,214SHSK,2026-10-05
M1707,214SHTQ,2026-10-05
M1707,214SHVW,2026-10-05
M1707,214SHXQ,2026-10-05
M1707,214SHYY,2026-10-05
M1707,214SJBB,2026-10-05
M1707,214SMDK,2026-10-02
M1707,214SMZN,2026-10-05
M1707,214SZPV,2026-10-05
M1707,214SZQN,2026-10-04
M1707,214SZZH,2026-10-05
M1707,214TGDM,2026-10-05
M1707,214TJQC,2026-10-06
M1707,214TVWM,2026-10-06
M1707,214TVYH,2026-10-06
M1707,214VNHT,2026-10-06
M1707,5708176,2026-08-05
M1707,5718436,2026-08-31
M1707,5729988,2026-10-01
M1707,5729996,2026-10-01
M1707,5729997,2026-10-01
M1707,5730014,2026-10-01
M1707,5730015,2026-10-01
M1707,5730017,2026-10-01
M1707,5730018,2026-10-01
M1707,5730033,2026-10-01
M1707,5730054,2026-10-01
M1707,5730055,2026-10-01
M1707,5730057,2026-10-01
M1707,5730108,2026-10-01
M1707,5730113,2026-10-01
M1707,5730191,2026-10-01
M1707,5732690,2026-10-01
M1707,5732737,2026-08-05
M1707,5732740,2026-10-01
M1707,5732753,2026-10-01
M1707,5732758,2026-10-01
M1707,5732759,2026-10-01
M1707,5732801,2026-10-01
M1707,5733468,2026-10-02
M1707,5740881,2026-08-06
M1707,5741664,2026-08-06
M1707,5787437,2026-08-06
M1707,5787494,2026-08-06
M1707,5791698,2026-08-06
M1707,5831194,2026-08-08
M1707,5852120,2026-08-08
M1707,5852727,2026-08-08
M1707,5857606,2026-09-30
M1707,5877779,2026-08-10
M1707,5886758,2026-08-31
M1707,5886817,2026-09-03
M1707,5899895,2026-10-06
M1707,5914617,2026-10-02
M1707,5914622,2026-10-02
M1707,5935001,2026-09-10
M1707,5940805,2026-08-12
M1707,5942008,2026-08-13
M1707,5958563,2026-08-13
M1707,5958657,2026-08-13
M1707,5959829,2026-08-22
M1707,5960018,2026-08-22
M1707,5966856,2026-08-14
M1707,5973475,2026-09-23
M1707,5989287,2026-10-06
M1707,5990520,2026-09-21
M1707,6001416,2026-08-14
M1707,6078546,2026-08-18
M1707,6078560,2026-08-18
M1707,6083868,2026-08-20
M1707,6090146,2026-09-29
M1707,6115571,2026-10-05
M1707,6117259,2026-09-11
M1707,6149242,2026-09-08
M1707,6149247,2026-09-11
M1707,6156517,2026-09-21
M1707,6184222,2026-09-20
M1707,6190352,2026-08-22
M1707,6190362,2026-08-22
M1707,6190364,2026-08-22
M1707,6206273,2026-08-22
M1707,6217670,2026-09-11
M1707,6224878,2026-09-11
M1707,6236529,2026-09-11
M1707,6236538,2026-09-11
M1707,6236549,2026-09-11
M1707,6236574,2026-09-11
M1707,6236575,2026-09-11
M1707,6240281,2026-10-02
M1707,6242283,2026-10-01
M1707,6273540,2026-08-25
M1707,6277713,2026-08-25
M1707,6277716,2026-08-25
M1707,6277817,2026-09-11
M1707,6277824,2026-09-11
M1707,6282698,2026-09-24
M1707,6283829,2026-09-23
M1707,6288678,2026-09-25
M1707,6289497,2026-09-29
M1707,6321618,2026-09-25
M1707,6321799,2026-09-25
M1707,6341751,2026-08-27
M1707,6347471,2026-08-27
M1707,6354644,2026-08-27
M1707,6355149,2026-08-28
M1707,6382091,2026-08-28
M1707,6394623,2026-09-11
M1707,6395144,2026-08-29
M1707,6402858,2026-09-08
M1707,6417310,2026-08-29
M1707,6417346,2026-08-29
M1707,6425671,2026-09-29
M1707,6429048,2026-09-28
M1707,6430602,2026-09-11
M1707,6434133,2026-08-30
M1707,6434224,2026-08-30
M1707,6445524,2026-08-31
M1707,6445526,2026-08-31
M1707,6445532,2026-08-31
M1707,6445564,2026-08-31
M1707,6445570,2026-08-31
M1707,6460086,2026-09-01
M1707,6460116,2026-09-01
M1707,6460672,2026-09-01
M1707,6466314,2026-10-05
M1707,6467695,2026-08-31
M1707,6478496,2026-09-01
M1707,6498837,2026-09-01
M1707,6499349,2026-10-05
M1707,6500227,2026-09-01
M1707,6500232,2026-09-01
M1707,6501003,2026-09-02
M1707,6501735,2026-10-01
M1707,6517566,2026-09-02
M1707,6533025,2026-09-02
M1707,6534189,2026-10-02
M1707,6534204,2026-09-02
M1707,6539998,2026-09-03
M1707,6574245,2026-09-03
M1707,6588944,2026-09-03
M1707,6590694,2026-09-04
M1707,6590718,2026-09-04
M1707,6590990,2026-09-29
M1707,6594271,2026-10-03
M1707,6598642,2026-09-04
M1707,6623640,2026-09-04
M1707,6625219,2026-09-04
M1707,6635126,2026-09-08
M1707,6637734,2026-09-05
M1707,6645711,2026-10-06
M1707,6645771,2026-09-08
M1707,6662520,2026-09-05
M1707,6692725,2026-09-07
M1707,6692810,2026-09-07
M1707,6697225,2026-09-07
M1707,6697254,2026-09-07
M1707,6697265,2026-09-07
M1707,6698978,2026-09-08
M1707,6703431,2026-10-01
M1707,6707409,2026-09-08
M1707,6710612,2026-09-08
M1707,6722690,2026-09-08
M1707,6723257,2026-09-08
M1707,6727592,2026-09-08
M1707,6727604,2026-09-08
M1707,6727727,2026-09-08
M1707,6729337,2026-09-08
M1707,6732876,2026-09-08
M1707,6735799,2026-10-05
M1707,6738692,2026-09-09
M1707,6738932,2026-09-09
M1707,6739145,2026-09-09
M1707,6740916,2026-10-02
M1707,6743956,2026-10-02
M1707,6744832,2026-10-02
M1707,6744861,2026-10-02
M1707,6746733,2026-10-02
M1707,6747834,2026-09-09
M1707,6749291,2026-09-09
M1707,6753186,2026-09-09
M1707,6753210,2026-09-09
M1707,6763124,2026-09-21
M1707,6766043,2026-09-09
M1707,6766050,2026-09-09
M1707,6766104,2026-09-09
M1707,6766116,2026-09-09
M1707,6766133,2026-09-09
M1707,6766150,2026-09-09
M1707,6766221,2026-09-09
M1707,6767753,2026-09-09
M1707,6767803,2026-09-09
M1707,6767812,2026-09-09
M1707,6773150,2026-09-09
M1707,6776344,2026-09-09
M1707,6778590,2026-10-04
M1707,6778687,2026-10-03
M1707,6778699,2026-10-03
M1707,6779060,2026-10-03
M1707,6780250,2026-10-03
M1707,6782086,2026-09-10
M1707,6797346,2026-09-10
M1707,6797552,2026-09-10
M1707,6797567,2026-09-10
M1707,6797570,2026-09-10
M1707,6797608,2026-09-10
M1707,6797660,2026-09-10
M1707,6799842,2026-09-10
M1707,6799862,2026-10-01
M1707,6806931,2026-09-11
M1707,6806978,2026-09-11
M1707,6806992,2026-09-11
M1707,6808758,2026-09-28
M1707,6808975,2026-10-04
M1707,6809475,2026-10-04
M1707,6810136,2026-10-04
M1707,6822782,2026-09-11
M1707,6826222,2026-09-11
M1707,6827318,2026-09-11
M1707,6827338,2026-09-11
M1707,6830189,2026-09-11
M1707,6830520,2026-09-11
M1707,6846210,2026-09-12
M1707,6847897,2026-09-12
M1707,6863098,2026-09-15
M1707,6863209,2026-09-14
M1707,6863278,2026-09-14
M1707,6863545,2026-09-14
M1707,6863559,2026-09-14
M1707,6863588,2026-09-14
M1707,6863590,2026-09-14
M1707,6863591,2026-09-14
M1707,6863593,2026-09-14
M1707,6863605,2026-09-14
M1707,6863614,2026-09-14
M1707,6863616,2026-09-14
M1707,6863621,2026-09-14
M1707,6863625,2026-09-14
M1707,6863629,2026-09-14
M1707,6863636,2026-09-14
M1707,6863639,2026-09-14
M1707,6863645,2026-09-14
M1707,6863649,2026-09-14
M1707,6863651,2026-09-14
M1707,6863653,2026-09-14
M1707,6863655,2026-09-14
M1707,6863661,2026-09-14
M1707,6863662,2026-09-14
M1707,6863670,2026-09-14
M1707,6863674,2026-09-14
M1707,6863675,2026-09-14
M1707,6863683,2026-09-14
M1707,6863686,2026-09-14
M1707,6863690,2026-09-14
M1707,6863691,2026-09-14
M1707,6863699,2026-09-14
M1707,6863706,2026-09-14
M1707,6863708,2026-09-14
M1707,6863711,2026-09-14
M1707,6863713,2026-09-14
M1707,6863715,2026-09-14
M1707,6863719,2026-09-14
M1707,6863735,2026-09-14
M1707,6863740,2026-09-14
M1707,6863766,2026-09-14
M1707,6863782,2026-09-14
M1707,6863787,2026-09-14
M1707,6863793,2026-09-14
M1707,6863804,2026-09-14
M1707,6863811,2026-09-14
M1707,6863818,2026-09-14
M1707,6863823,2026-09-14
M1707,6863824,2026-09-14
M1707,6863837,2026-09-14
M1707,6863859,2026-09-14
M1707,6863860,2026-09-14
M1707,6863865,2026-09-14
M1707,6863872,2026-09-14
M1707,6863882,2026-09-14
M1707,6863993,2026-09-14
M1707,6863999,2026-09-14
M1707,6864018,2026-09-14
M1707,6864021,2026-09-14
M1707,6864027,2026-09-14
M1707,6864040,2026-09-14
M1707,6864044,2026-09-14
M1707,6864051,2026-09-14
M1707,6864340,2026-09-14
M1707,6864393,2026-09-14
M1707,6864397,2026-09-14
M1707,6864431,2026-09-14
M1707,6881067,2026-09-15
M1707,6881070,2026-09-15
M1707,6881715,2026-09-15
M1707,6881829,2026-09-15
M1707,6882046,2026-09-15
M1707,6882059,2026-09-15
M1707,6882650,2026-10-02
M1707,6888780,2026-09-26
M1707,6897101,2026-09-15
M1707,6911442,2026-09-16
M1707,6911462,2026-09-16
M1707,6927900,2026-09-16
M1707,6927948,2026-09-16
M1707,6934316,2026-09-16
M1707,6934360,2026-09-16
M1707,6945828,2026-09-17
M1707,6948012,2026-09-29
M1707,6963895,2026-09-17
M1707,6964849,2026-09-17
M1707,6966135,2026-09-17
M1707,6968541,2026-09-17
M1707,6971318,2026-09-18
M1707,6971521,2026-10-06
M1707,6986104,2026-10-06
M1707,6986755,2026-09-18
M1707,6987182,2026-09-18
M1707,6993283,2026-09-18
M1707,6993616,2026-09-18
M1707,6995941,2026-09-18
M1707,6997247,2026-09-18
M1707,6997326,2026-09-18
M1707,7010388,2026-09-19
M1707,7010657,2026-09-19
M1707,7011966,2026-10-06
M1707,7031030,2026-09-19
M1707,7031293,2026-09-26
M1707,7034284,2026-09-19
M1707,7039567,2026-09-20
M1707,7039622,2026-09-20
M1707,7039624,2026-09-20
M1707,7039667,2026-09-20
M1707,7039670,2026-09-20
M1707,7039706,2026-09-20
M1707,7039708,2026-09-20
M1707,7039724,2026-09-20
M1707,7044094,2026-09-20
M1707,7052511,2026-09-21
M1707,7052685,2026-09-21
M1707,7052853,2026-09-22
M1707,7053527,2026-09-21
M1707,7053539,2026-09-21
M1707,7054228,2026-09-21
M1707,7057196,2026-09-21
M1707,7057199,2026-09-21
M1707,7057952,2026-09-21
M1707,7057984,2026-09-21
M1707,7059723,2026-10-06
M1707,7060872,2026-09-21
M1707,7062607,2026-09-21
M1707,7063051,2026-09-21
M1707,7063071,2026-09-21
M1707,7063107,2026-09-21
M1707,7063165,2026-09-21
M1707,7063281,2026-09-21
M1707,7063332,2026-09-21
M1707,7063354,2026-09-21
M1707,7063444,2026-09-21
M1707,7066736,2026-09-21
M1707,7070496,2026-09-22
M1707,7071779,2026-09-22
M1707,7072744,2026-09-22
M1707,7090540,2026-09-22
M1707,7090566,2026-09-22
M1707,7090573,2026-09-22
M1707,7093518,2026-10-06
M1707,7093782,2026-09-22
M1707,7098662,2026-09-22
M1707,7099425,2026-09-22
M1707,7099674,2026-09-22
M1707,7100662,2026-09-22
M1707,7105167,2026-10-02
M1707,7105184,2026-09-23
M1707,7112145,2026-09-23
M1707,7112435,2026-09-23
M1707,7113106,2026-09-23
M1707,7114294,2026-09-23
M1707,7116710,2026-09-23
M1707,7116722,2026-09-23
M1707,7132382,2026-09-23
M1707,7136789,2026-09-23
M1707,7148746,2026-09-23
M1707,7153459,2026-09-24
M1707,7153748,2026-09-24
M1707,7154665,2026-09-24
M1707,7154768,2026-09-24
M1707,7155119,2026-09-24
M1707,7155256,2026-09-24
M1707,7155258,2026-09-24
M1707,7155259,2026-09-24
M1707,7155313,2026-09-24
M1707,7156039,2026-10-02
M1707,7158495,2026-09-24
M1707,7162159,2026-10-06
M1707,7162874,2026-09-24
M1707,7163047,2026-09-24
M1707,7163061,2026-09-24
M1707,7163065,2026-09-24
M1707,7168266,2026-09-24
M1707,7168304,2026-09-24
M1707,7349361,2026-09-25
M1707,7349615,2026-09-25
M1707,7349731,2026-09-25
M1707,7349928,2026-09-25
M1707,7352385,2026-09-29
M1707,7352652,2026-09-25
M1707,7352709,2026-09-25
M1707,7352809,2026-09-25
M1707,7352826,2026-09-25
M1707,7352837,2026-09-25
M1707,7354586,2026-10-06
M1707,7362697,2026-09-25
M1707,7381020,2026-09-25
M1707,7381022,2026-09-25
M1707,7384736,2026-09-25
M1707,7384803,2026-09-25
M1707,7386819,2026-09-25
M1707,7396143,2026-09-25
M1707,7396360,2026-09-25
M1707,7398122,2026-09-25
M1707,7398548,2026-10-05
M1707,7403529,2026-09-26
M1707,7403670,2026-09-26
M1707,7403970,2026-09-26
M1707,7405508,2026-09-26
M1707,7405886,2026-09-26
M1707,7405963,2026-10-02
M1707,7406076,2026-09-26
M1707,7406114,2026-09-26
M1707,7406122,2026-09-26
M1707,7422566,2026-09-26
M1707,7425060,2026-09-26
M1707,7425072,2026-09-26
M1707,7425835,2026-09-26
M1707,7428120,2026-09-26
M1707,7429256,2026-09-26
M1707,7429523,2026-09-26
M1707,7431062,2026-10-05
M1707,7431934,2026-09-27
M1707,7437340,2026-09-27
M1707,7452636,2026-09-28
M1707,7453051,2026-09-28
M1707,7465446,2026-09-28
M1707,7471137,2026-09-28
M1707,7471672,2026-09-28
M1707,7471790,2026-09-28
M1707,7471794,2026-09-28
M1707,7471807,2026-09-28
M1707,7473955,2026-09-29
M1707,7474246,2026-09-29
M1707,7477675,2026-09-29
M1707,7477758,2026-09-29
M1707,7479966,2026-09-29
M1707,7488223,2026-09-30
M1707,7490503,2026-09-29
M1707,7490949,2026-09-30
M1707,7491013,2026-09-29
M1707,7491977,2026-09-29
M1707,7492719,2026-09-29
M1707,7493800,2026-09-29
M1707,7495392,2026-09-29
M1707,7496597,2026-09-30
M1707,7499896,2026-09-30
M1707,7515538,2026-09-30
M1707,7517741,2026-09-30
M1707,7528575,2026-09-30
M1707,7528864,2026-09-30
M1707,7529884,2026-09-30
M1707,7530539,2026-09-30
M1707,7530747,2026-09-30
M1707,7530893,2026-09-30
M1707,7530961,2026-09-30
M1707,7531354,2026-09-30
M1707,7531661,2026-09-30
M1707,7535645,2026-10-01
M1707,7535659,2026-10-01
M1707,7537514,2026-10-01
M1707,7538294,2026-10-01
M1707,7538857,2026-10-01
M1707,7553784,2026-10-01
M1707,7554289,2026-10-01
M1707,7554296,2026-10-01
M1707,7555833,2026-10-01
M1707,7555892,2026-10-01
M1707,7556501,2026-10-01
M1707,7559472,2026-10-01
M1707,7559912,2026-10-01
M1707,7562066,2026-10-01
M1707,7565555,2026-10-01
M1707,7566966,2026-10-01
M1707,7567656,2026-10-02
M1707,7568003,2026-10-02
M1707,7568115,2026-10-02
M1707,7568383,2026-10-02
M1707,7568574,2026-10-02
M1707,7570908,2026-10-02
M1707,7571702,2026-10-02
M1707,7576794,2026-10-02
M1707,7576960,2026-10-02
M1707,7586927,2026-10-02
M1707,7587583,2026-10-02
M1707,7588117,2026-10-02
M1707,7588622,2026-10-02
M1707,7595078,2026-10-02
M1707,7595126,2026-10-02
M1707,7595462,2026-10-02
M1707,7595917,2026-10-02
M1707,7597199,2026-10-02
M1707,7597516,2026-10-02
M1707,7598083,2026-10-02
M1707,7598867,2026-10-02
M1707,7600352,2026-10-02
M1707,7601017,2026-10-03
M1707,7601255,2026-10-03
M1707,7601279,2026-10-03
M1707,7601480,2026-10-03
M1707,7601481,2026-10-03
M1707,7601482,2026-10-03
M1707,7601484,2026-10-03
M1707,7601485,2026-10-03
M1707,7601486,2026-10-03
M1707,7601487,2026-10-03
M1707,7601489,2026-10-03
M1707,7601510,2026-10-03
M1707,7601512,2026-10-03
M1707,7601514,2026-10-03
M1707,7601519,2026-10-03
M1707,7601520,2026-10-03
M1707,7602304,2026-10-03
M1707,7602372,2026-10-03
M1707,7602828,2026-10-03
M1707,7602845,2026-10-03
M1707,7602891,2026-10-03
M1707,7602908,2026-10-03
M1707,7602919,2026-10-03
M1707,7603623,2026-10-03
M1707,7625223,2026-10-05
M1707,7625225,2026-10-05
M1707,7625226,2026-10-05
M1707,7625233,2026-10-05
M1707,7625247,2026-10-05
M1707,7625256,2026-10-05
M1707,7625262,2026-10-05
M1707,7625269,2026-10-05
M1707,7625281,2026-10-05
M1707,7626231,2026-10-03
M1707,7626698,2026-10-03
M1707,7626955,2026-10-03
M1707,7632264,2026-10-03
M1707,7632301,2026-10-03
M1707,7633357,2026-10-03
M1707,7633890,2026-10-03
M1707,7634041,2026-10-03
M1707,7634382,2026-10-03
M1707,7634542,2026-10-03
M1707,7634859,2026-10-03
M1707,7636071,2026-10-04
M1707,7636502,2026-10-04
M1707,7636698,2026-10-04
M1707,7637419,2026-10-04
M1707,7639345,2026-10-04
M1707,7639770,2026-10-04
M1707,7639895,2026-10-04
M1707,7656023,2026-10-04
M1707,7656074,2026-10-05
M1707,7657529,2026-10-05
M1707,7657858,2026-10-05
M1707,7664707,2026-10-05
M1707,7665107,2026-10-05
M1707,7665109,2026-10-05
M1707,7665207,2026-10-05
M1707,7665211,2026-10-05
M1707,7668553,2026-10-05
M1707,7668584,2026-10-05
M1707,7668846,2026-10-05
M1707,7668874,2026-10-05
M1707,7669870,2026-10-05
M1707,7672661,2026-10-05
M1707,7672701,2026-10-05
M1707,7672796,2026-10-05
M1707,7673306,2026-10-05
M1707,7673309,2026-10-05
M1707,7673333,2026-10-05
M1707,7673561,2026-10-05
M1707,7674352,2026-10-05
M1707,7674496,2026-10-05
M1707,7674562,2026-10-05
M1707,7674847,2026-10-05
M1707,7675518,2026-10-05
M1707,7675566,2026-10-05
M1707,7676017,2026-10-05
M1707,7676128,2026-10-05
M1707,7676342,2026-10-05
M1707,7676519,2026-10-05
M1707,7677521,2026-10-06
M1707,7677524,2026-10-06
M1707,7678038,2026-10-06
M1707,7678567,2026-10-06
M1707,7679569,2026-10-06
M1707,7679957,2026-10-06
M1707,7680141,2026-10-06
M1707,7680181,2026-10-06
M1707,7680407,2026-10-06
M1707,7680786,2026-10-06
M1707,7685270,2026-10-06
M1707,7699913,2026-10-06
M1707,7700091,2026-10-06
